id,name,email,phone,city,date
616047844,read,meet@ex.com,+1-515-9827,President,2026-01-22
584973087,arrive,create@ex.com,+1-186-3267,Watch,2026-09-22
438298277,near,performance@ex.com,+1-979-2886,Address,2026-06-25
523758088,produce,know@ex.com,+1-557-8789,Lot,2026-06-04
517282732,west,heavy@ex.com,+1-594-4616,Yourself,2026-11-07
58733913,case,letter@ex.com,+1-917-1741,I,2026-04-15
767140261,fast,upon@ex.com,+1-993-5237,Also,2026-06-01
996279993,when,number@ex.com,+1-153-8751,Her,2026-07-06
52457122,college,language@ex.com,+1-787-3543,Education,2026-04-06
516604627,its,participant@ex.com,+1-802-4613,Whatever,2026-12-19
551244721,although,building@ex.com,+1-945-2944,Value,2026-06-04
856257475,majority,more@ex.com,+1-885-4482,Discussion,2026-07-28
853071366,reflect,term@ex.com,+1-489-2625,System,2026-10-28
820826101,player,political@ex.com,+1-537-5742,Theory,2026-08-02
115620867,law,response@ex.com,+1-317-9283,Key,2026-08-23
37584828,need,oil@ex.com,+1-361-1541,Over,2026-10-03
505951290,system,pay@ex.com,+1-505-5646,Present,2026-01-09
46597552,series,same@ex.com,+1-603-2202,Time,2026-08-16
810872497,writer,mission@ex.com,+1-897-3560,End,2026-04-05
135346985,worker,explain@ex.com,+1-558-2702,Large,2026-01-03
356860024,sit,interesting@ex.com,+1-341-2122,People,2026-04-13
20478803,position,like@ex.com,+1-121-8662,Also,2026-09-18
80130242,fast,lose@ex.com,+1-125-5058,Agreement,2026-03-19
556608171,range,yes@ex.com,+1-920-5441,Strong,2026-04-03
573466142,become,painting@ex.com,+1-555-2210,Inside,2026-07-22
597006314,service,town@ex.com,+1-517-1784,Child,2026-11-15
933240852,thousand,newspaper@ex.com,+1-132-3691,Into,2026-11-13
330223276,toward,into@ex.com,+1-701-5445,Notice,2026-04-08
111064752,relate,right@ex.com,+1-232-4916,Team,2026-04-06
31790593,draw,past@ex.com,+1-898-9800,Training,2026-09-13
31375449,eat,present@ex.com,+1-245-6983,Parent,2026-02-13
108427162,north,sing@ex.com,+1-392-5667,Night,2026-06-25
826467081,fear,tree@ex.com,+1-967-4385,Box,2026-01-10
627937485,together,remain@ex.com,+1-735-5794,Can,2026-03-05
388048817,something,behavior@ex.com,+1-920-5876,Worker,2026-01-14
916968975,true,build@ex.com,+1-646-6945,Nearly,2026-03-07
452928933,term,information@ex.com,+1-759-3440,Certain,2026-01-25
5648924,stand,hospital@ex.com,+1-146-9805,Local,2026-12-13
252855415,very,speech@ex.com,+1-541-8358,Church,2026-12-05
910262340,system,window@ex.com,+1-360-7965,Life,2026-03-20
68671073,oil,individual@ex.com,+1-172-6191,By,2026-01-17
582996918,heavy,fire@ex.com,+1-899-8846,Matter,2026-01-14
361319468,away,true@ex.com,+1-317-2975,Peace,2026-11-19
578270073,keep,fly@ex.com,+1-678-5135,Up,2026-09-02
833305151,something,message@ex.com,+1-162-9911,Appear,2026-11-23
699061130,out,attention@ex.com,+1-969-2391,The,2026-01-06
230056514,guess,over@ex.com,+1-317-9566,Note,2026-05-26
442547460,onto,look@ex.com,+1-443-2320,None,2026-11-21
983791912,her,measure@ex.com,+1-209-8450,Win,2026-12-11
797209319,man,oil@ex.com,+1-829-6523,This,2026-01-19
975658323,deep,guy@ex.com,+1-699-6786,People,2026-02-09
758255499,capital,she@ex.com,+1-662-3686,Dinner,2026-02-19
903935222,even,impact@ex.com,+1-571-8876,Decade,2026-08-19
838724843,operation,board@ex.com,+1-347-4980,Outside,2026-02-12
158317545,sing,information@ex.com,+1-187-6636,Action,2026-04-07
575582049,maintain,green@ex.com,+1-882-4956,White,2026-07-13
625226436,sport,individual@ex.com,+1-258-9564,Purpose,2026-02-27
238513496,professor,theory@ex.com,+1-459-8394,Thousand,2026-07-22
844657951,city,yeah@ex.com,+1-701-4062,Information,2026-03-27
122638061,a,ahead@ex.com,+1-386-6956,Apply,2026-03-08
705644475,health,market@ex.com,+1-340-8641,Class,2026-06-17
190284451,individual,word@ex.com,+1-592-1610,Close,2026-08-05
890465772,animal,safe@ex.com,+1-808-7920,Ahead,2026-03-17
395030561,wonder,before@ex.com,+1-520-8910,Three,2026-05-10
800622886,sea,miss@ex.com,+1-613-5570,Service,2026-11-26
756984964,available,front@ex.com,+1-540-6981,Price,2026-03-24
48867776,measure,chair@ex.com,+1-665-7776,Authority,2026-03-16
138432796,treat,support@ex.com,+1-434-6072,Hold,2026-01-13
996204198,set,key@ex.com,+1-926-7555,Article,2026-12-26
251341658,also,often@ex.com,+1-348-1654,Official,2026-11-04
837747976,although,drive@ex.com,+1-313-5041,Meet,2026-10-17
177619885,lawyer,painting@ex.com,+1-926-5347,Machine,2026-08-26
279711071,no,too@ex.com,+1-480-9618,Word,2026-06-16
568974174,young,side@ex.com,+1-522-2082,Particularly,2026-10-10
114226132,alone,often@ex.com,+1-477-8362,Finish,2026-10-13
605278066,cut,case@ex.com,+1-780-1698,Oil,2026-04-27
250617878,theory,always@ex.com,+1-214-8930,Audience,2026-05-07
496752898,state,worker@ex.com,+1-849-3097,Set,2026-11-19
121940732,style,rather@ex.com,+1-160-3479,He,2026-07-13
617648832,describe,certain@ex.com,+1-983-4061,Impact,2026-12-05
992551149,thing,free@ex.com,+1-788-4395,Must,2026-09-27
539523672,how,interesting@ex.com,+1-276-9110,Allow,2026-01-05
198041925,individual,better@ex.com,+1-466-9948,Hear,2026-03-27
900334847,magazine,despite@ex.com,+1-695-2365,Scene,2026-03-12
512694683,poor,southern@ex.com,+1-487-9493,Hold,2026-09-08
287886233,professor,sign@ex.com,+1-214-6190,Head,2026-05-26
705437876,project,side@ex.com,+1-549-8056,Professional,2026-07-28
894124513,reach,benefit@ex.com,+1-876-5367,Make,2026-10-21
543154053,national,news@ex.com,+1-474-5825,Like,2026-08-09
315425819,building,position@ex.com,+1-269-5865,Focus,2026-12-19
329942325,every,impact@ex.com,+1-859-1120,Land,2026-12-23
188640769,become,here@ex.com,+1-382-4001,If,2026-05-10
917442941,peace,war@ex.com,+1-791-4456,Reason,2026-11-12
221884738,movement,design@ex.com,+1-642-1551,Start,2026-07-05
294095980,quite,interest@ex.com,+1-640-5805,Tend,2026-06-08
945035058,send,why@ex.com,+1-795-2231,Animal,2026-04-20
763233452,while,different@ex.com,+1-964-7510,Indicate,2026-07-03
267951276,culture,society@ex.com,+1-778-3110,Have,2026-08-12
852322233,business,blue@ex.com,+1-249-5139,Lead,2026-12-15
701205093,feeling,leader@ex.com,+1-594-5098,Natural,2026-05-02
641826272,certain,range@ex.com,+1-742-5828,As,2026-11-19
594528969,people,natural@ex.com,+1-757-8513,Ago,2026-02-02
992089872,six,expect@ex.com,+1-861-9751,More,2026-09-15
42941731,color,position@ex.com,+1-977-6902,Positive,2026-10-15
641336749,reveal,themselves@ex.com,+1-668-1710,Any,2026-07-10
56414526,think,measure@ex.com,+1-509-1728,Stuff,2026-04-23
294754750,PM,ago@ex.com,+1-565-1364,Blood,2026-01-23
92926626,lawyer,lawyer@ex.com,+1-382-3397,Film,2026-01-28
947301532,eight,eat@ex.com,+1-265-6614,Speech,2026-10-14
622526011,natural,central@ex.com,+1-777-9785,Leave,2026-04-21
721223248,can,list@ex.com,+1-445-7408,Build,2026-07-18
823264285,certain,instead@ex.com,+1-342-8750,Its,2026-07-26
754479619,language,too@ex.com,+1-671-6287,Argue,2026-06-27
280100273,fish,stage@ex.com,+1-963-7101,Determine,2026-02-07
901666509,business,local@ex.com,+1-208-3670,Call,2026-12-17
508808703,best,opportunity@ex.com,+1-850-5057,How,2026-04-04
287015575,tell,run@ex.com,+1-203-9663,Create,2026-12-28
180888759,note,who@ex.com,+1-732-4042,Western,2026-05-28
271247745,cut,when@ex.com,+1-191-7711,Art,2026-05-10
827958936,green,health@ex.com,+1-872-7117,Thus,2026-02-03
535712568,often,involve@ex.com,+1-326-9219,Six,2026-01-25
814517905,also,western@ex.com,+1-287-4358,Admit,2026-01-14
414647448,whatever,item@ex.com,+1-611-8549,Culture,2026-01-26
587759275,upon,everybody@ex.com,+1-597-2183,Mrs,2026-08-07
98445980,try,star@ex.com,+1-584-4593,Show,2026-06-20
467717984,bag,experience@ex.com,+1-580-6031,Coach,2026-06-05
380220361,ball,dog@ex.com,+1-215-6235,Man,2026-09-25
564666114,purpose,mission@ex.com,+1-867-7884,Site,2026-10-04
576158269,apply,use@ex.com,+1-575-7931,Hit,2026-01-10
478292402,strong,foot@ex.com,+1-283-4578,Mission,2026-06-24
642669877,ever,worker@ex.com,+1-268-5270,His,2026-01-24
209435874,source,health@ex.com,+1-209-9021,Lay,2026-11-10
498899432,finally,herself@ex.com,+1-861-1942,Much,2026-05-11
181446490,century,themselves@ex.com,+1-436-8137,Mrs,2026-11-25
898309138,stop,participant@ex.com,+1-650-3397,Economic,2026-08-18
986079454,picture,per@ex.com,+1-421-7277,Of,2026-10-10
222134605,seat,most@ex.com,+1-640-8538,Statement,2026-07-25
114509521,part,place@ex.com,+1-549-1458,Reduce,2026-07-12
247123254,parent,when@ex.com,+1-746-4757,Board,2026-05-26
172746039,attention,discuss@ex.com,+1-334-3050,Politics,2026-01-15
319933457,religious,music@ex.com,+1-784-8975,Huge,2026-05-28
699208203,account,cut@ex.com,+1-562-8311,Standard,2026-11-12
181056178,purpose,trial@ex.com,+1-937-9438,Hard,2026-03-18
372869575,cover,return@ex.com,+1-893-6117,Baby,2026-02-01
77877817,teacher,time@ex.com,+1-235-1100,Enough,2026-10-19
27627233,owner,theory@ex.com,+1-195-1814,Rest,2026-12-05
919624439,current,imagine@ex.com,+1-567-6727,Hospital,2026-10-20
745494195,base,sure@ex.com,+1-935-9062,Focus,2026-08-20
913703571,discover,theory@ex.com,+1-803-9614,Civil,2026-01-05
277278180,group,pattern@ex.com,+1-315-6088,Join,2026-06-03
322748515,reason,military@ex.com,+1-939-2060,Then,2026-06-23
385731819,determine,author@ex.com,+1-448-5917,Relate,2026-06-25
157433617,quite,prevent@ex.com,+1-850-4067,Question,2026-12-18
387772467,food,can@ex.com,+1-379-4749,When,2026-08-08
723591306,conference,another@ex.com,+1-712-9992,Too,2026-12-17
393431555,under,miss@ex.com,+1-497-8045,Majority,2026-11-20
419475582,war,culture@ex.com,+1-235-1145,Reach,2026-07-12
733926921,with,keep@ex.com,+1-400-2268,Move,2026-01-25
316548462,ever,where@ex.com,+1-213-6258,Edge,2026-09-22
205777336,writer,arrive@ex.com,+1-424-4703,Mind,2026-01-18
736871551,life,group@ex.com,+1-203-5214,Evidence,2026-02-02
126629185,small,expert@ex.com,+1-203-8228,Newspaper,2026-07-28
522921112,grow,event@ex.com,+1-477-2673,Network,2026-10-09
774405811,number,in@ex.com,+1-158-8136,Wrong,2026-02-10
636155231,name,energy@ex.com,+1-938-1823,Behavior,2026-10-27
745846247,pay,southern@ex.com,+1-740-1284,Economy,2026-11-10
606805930,task,can@ex.com,+1-109-6625,Stage,2026-04-04
939126199,doctor,sing@ex.com,+1-594-9188,Occur,2026-07-19
130286531,but,democratic@ex.com,+1-265-5617,Religious,2026-12-18
415546810,level,condition@ex.com,+1-805-9540,Report,2026-11-08
600072060,another,door@ex.com,+1-165-2778,Six,2026-04-18
751401948,understand,evidence@ex.com,+1-632-5776,Interesting,2026-07-27
914723164,hair,number@ex.com,+1-421-6606,Performance,2026-11-05
552234586,century,control@ex.com,+1-600-8622,Sister,2026-04-06
559598579,myself,prove@ex.com,+1-705-9037,Group,2026-10-26
960021419,power,exist@ex.com,+1-657-9282,Future,2026-11-01
56197,close,peace@ex.com,+1-475-4337,Figure,2026-04-08
974070338,picture,think@ex.com,+1-624-9866,Standard,2026-03-03
643367408,education,human@ex.com,+1-426-4453,Condition,2026-12-18
123295434,lot,small@ex.com,+1-422-1712,Threat,2026-10-14
313000441,dinner,suffer@ex.com,+1-566-7775,Help,2026-08-07
141747542,action,win@ex.com,+1-116-5149,Subject,2026-03-08
287853853,worry,home@ex.com,+1-110-3184,Check,2026-10-11
446926912,dark,forget@ex.com,+1-438-1352,Tax,2026-06-28
360407843,lawyer,fight@ex.com,+1-880-5126,Eye,2026-02-04
496325311,down,plan@ex.com,+1-236-1930,Write,2026-06-18
961471216,who,only@ex.com,+1-476-2668,Key,2026-08-26
398805429,most,rather@ex.com,+1-873-6956,Everybody,2026-03-23
925323949,me,leg@ex.com,+1-570-5236,Story,2026-06-03
214504150,suggest,several@ex.com,+1-387-3691,Wide,2026-03-15
49797625,rather,conference@ex.com,+1-836-6538,With,2026-01-12
322486990,marriage,national@ex.com,+1-788-9585,Situation,2026-10-16
947485565,debate,sit@ex.com,+1-256-8482,Audience,2026-09-11
740597879,economy,miss@ex.com,+1-317-1775,Spring,2026-08-03
258564583,near,social@ex.com,+1-967-7656,Nothing,2026-09-26
367776444,smile,baby@ex.com,+1-850-7222,Among,2026-07-28
921565603,pick,clear@ex.com,+1-965-2464,Across,2026-04-27
481238089,skill,tax@ex.com,+1-661-7871,Theory,2026-02-26
301249851,above,live@ex.com,+1-626-5922,Such,2026-07-23
238937192,yes,evidence@ex.com,+1-390-1371,Create,2026-08-13
118075262,great,carry@ex.com,+1-934-3692,Guy,2026-07-07
544211676,future,commercial@ex.com,+1-435-1715,Half,2026-03-17
46282890,concern,kid@ex.com,+1-954-4327,Exist,2026-08-17
389216935,degree,child@ex.com,+1-985-6205,Service,2026-01-06
118813043,response,not@ex.com,+1-719-9061,Two,2026-05-17
606669501,visit,owner@ex.com,+1-951-2570,Certain,2026-10-17
417080303,human,control@ex.com,+1-254-9592,Loss,2026-06-03
253366934,ability,general@ex.com,+1-197-8112,Many,2026-10-19
500820781,arm,particularly@ex.com,+1-821-5685,Later,2026-03-17
197610706,reveal,produce@ex.com,+1-544-6997,Vote,2026-04-27
594066793,heavy,over@ex.com,+1-658-3215,Leg,2026-01-23
125344527,these,design@ex.com,+1-432-1139,Lay,2026-05-09
570267690,nor,page@ex.com,+1-222-3109,Market,2026-04-12
917734662,class,lot@ex.com,+1-175-5181,Outside,2026-10-04
680853492,direction,remain@ex.com,+1-845-2521,Couple,2026-01-06
767497216,gas,worry@ex.com,+1-914-8415,Country,2026-12-04
138462410,painting,use@ex.com,+1-876-7238,Sure,2026-04-13
733362934,letter,break@ex.com,+1-754-4171,Hair,2026-06-05
202959362,job,recognize@ex.com,+1-148-9055,Leader,2026-12-12
87603125,stock,draw@ex.com,+1-187-4879,Remember,2026-01-04
392303277,among,free@ex.com,+1-177-1436,Call,2026-05-09
950045926,much,military@ex.com,+1-392-5952,Technology,2026-01-22
265801576,trip,job@ex.com,+1-754-7747,Young,2026-03-26
256695395,far,with@ex.com,+1-381-5641,Write,2026-10-18
906089451,green,those@ex.com,+1-901-4835,Up,2026-05-02
677308403,certainly,authority@ex.com,+1-547-2565,See,2026-08-27
916335729,this,upon@ex.com,+1-722-1402,Popular,2026-04-17
584977882,develop,pass@ex.com,+1-764-2384,Control,2026-02-05
696948002,stay,song@ex.com,+1-277-6357,Girl,2026-03-01
648454574,expert,thousand@ex.com,+1-750-8372,Indicate,2026-02-06
297708944,fear,change@ex.com,+1-288-1098,Throughout,2026-03-09
187192733,upon,kitchen@ex.com,+1-528-1561,Its,2026-04-07
776447470,history,manager@ex.com,+1-490-9041,Reach,2026-06-11
517974381,specific,central@ex.com,+1-224-8413,Build,2026-12-11
562340430,class,glass@ex.com,+1-387-4105,Very,2026-10-08
186056671,Congress,behind@ex.com,+1-478-9479,Director,2026-07-24
431854986,hour,drug@ex.com,+1-183-9359,Total,2026-08-14
733649041,research,series@ex.com,+1-286-1617,Vote,2026-06-06
483034883,Mr,service@ex.com,+1-545-1352,Individual,2026-01-19
21135981,customer,pull@ex.com,+1-767-7552,Structure,2026-08-19
566156550,behavior,argue@ex.com,+1-987-9039,Talk,2026-09-18
53454202,book,Democrat@ex.com,+1-458-5979,Smile,2026-01-16
494926837,onto,mother@ex.com,+1-688-7445,Yourself,2026-12-05
651503576,health,serve@ex.com,+1-756-9066,Stop,2026-12-19
281161391,there,mission@ex.com,+1-858-8022,Positive,2026-04-05
74382669,program,on@ex.com,+1-896-9235,Cup,2026-04-03
534047088,thought,fine@ex.com,+1-343-3116,Over,2026-08-12
379467581,job,entire@ex.com,+1-419-6694,North,2026-03-23
908773529,decade,step@ex.com,+1-284-1004,Environmental,2026-06-04
5373752,would,discussion@ex.com,+1-600-5605,Board,2026-10-27
302790979,now,will@ex.com,+1-789-1337,Pm,2026-03-19
180157138,to,reach@ex.com,+1-437-6063,Face,2026-06-26
218827031,color,particular@ex.com,+1-724-1040,Social,2026-02-11
219555837,explain,source@ex.com,+1-209-3505,Those,2026-07-24
161191102,its,resource@ex.com,+1-405-8165,Really,2026-08-03
79978239,recognize,indicate@ex.com,+1-671-6151,Former,2026-09-19
919734476,Mr,yes@ex.com,+1-565-2019,Series,2026-08-06
398862160,seven,sound@ex.com,+1-430-8869,Life,2026-04-14
472889472,before,plan@ex.com,+1-783-2614,Single,2026-12-28
593016249,star,international@ex.com,+1-912-4349,College,2026-03-26
375368491,painting,pull@ex.com,+1-284-8161,Human,2026-06-25
288800769,figure,beat@ex.com,+1-493-8985,Couple,2026-12-12
863296523,people,break@ex.com,+1-716-4073,Church,2026-06-02
129304708,power,low@ex.com,+1-860-8780,Ever,2026-03-06
756675632,much,indicate@ex.com,+1-542-6427,She,2026-09-25
163140233,ability,late@ex.com,+1-918-5396,Space,2026-07-19
267268791,it,character@ex.com,+1-827-6778,Though,2026-12-28
139259556,enough,possible@ex.com,+1-147-8881,Clear,2026-11-15
967174154,medical,morning@ex.com,+1-115-2795,Near,2026-11-03
749228109,impact,meeting@ex.com,+1-567-8853,Present,2026-03-21
553825140,hundred,later@ex.com,+1-772-7731,Bar,2026-04-22
541804802,foreign,strong@ex.com,+1-160-3629,Show,2026-03-09
829468977,way,oil@ex.com,+1-169-8158,First,2026-09-04
95254146,improve,above@ex.com,+1-585-7825,Simple,2026-08-01
101430293,series,medical@ex.com,+1-428-5820,Enough,2026-06-10
371433102,trip,draw@ex.com,+1-954-6122,Long,2026-10-17
428018387,worker,nation@ex.com,+1-962-1788,We,2026-01-26
541188415,leader,firm@ex.com,+1-405-7440,If,2026-04-16
890860242,fill,today@ex.com,+1-620-2504,Fill,2026-05-04
485323267,him,answer@ex.com,+1-714-6965,Really,2026-06-19
827845600,who,involve@ex.com,+1-905-3532,Employee,2026-11-28
145612140,final,performance@ex.com,+1-109-1684,Any,2026-02-06
841890130,next,better@ex.com,+1-675-7111,Occur,2026-10-21
606702357,number,light@ex.com,+1-944-4263,Continue,2026-12-17
374803944,yet,meet@ex.com,+1-694-8146,Religious,2026-06-16
659955287,some,bit@ex.com,+1-445-4195,Third,2026-06-11
772118170,my,trip@ex.com,+1-587-4993,News,2026-05-18
272313002,brother,number@ex.com,+1-812-1755,Just,2026-02-19
708603364,work,name@ex.com,+1-454-8737,Order,2026-10-28
135745256,hundred,become@ex.com,+1-516-3388,State,2026-07-11
167529918,run,loss@ex.com,+1-295-4001,Unit,2026-09-09
880348199,decade,indeed@ex.com,+1-981-3594,Away,2026-12-10
490842247,mother,claim@ex.com,+1-692-2224,Every,2026-12-18
96113960,senior,call@ex.com,+1-422-9783,Way,2026-12-25
212405515,show,certainly@ex.com,+1-606-7762,Claim,2026-06-28
849406300,development,range@ex.com,+1-296-8531,Fly,2026-06-23
759463360,skill,action@ex.com,+1-487-7115,Nation,2026-04-28
448423895,interview,hold@ex.com,+1-877-4683,Bring,2026-04-13
459226365,product,your@ex.com,+1-595-8403,Painting,2026-12-02
334743433,story,year@ex.com,+1-889-5515,Team,2026-09-18
762379719,instead,time@ex.com,+1-521-7867,Will,2026-08-26
375551331,then,ball@ex.com,+1-292-7440,Task,2026-04-02
700887455,off,challenge@ex.com,+1-600-3547,Customer,2026-07-03
673345190,control,left@ex.com,+1-671-9449,Education,2026-03-11
214468481,often,without@ex.com,+1-191-9880,Past,2026-09-05
155571044,security,floor@ex.com,+1-744-7509,Participant,2026-12-18
344178554,administration,by@ex.com,+1-128-6229,Any,2026-05-27
837893383,drug,capital@ex.com,+1-315-6080,Issue,2026-04-02
138583048,author,guy@ex.com,+1-712-6705,Trial,2026-04-07
264703590,current,less@ex.com,+1-487-7627,Lay,2026-05-05
912450852,time,business@ex.com,+1-143-9463,Water,2026-12-06
191917487,wait,not@ex.com,+1-703-3023,Local,2026-02-08
513312395,box,think@ex.com,+1-165-3664,Bill,2026-11-17
245567587,smile,enough@ex.com,+1-202-7207,Visit,2026-08-14
301694949,indicate,front@ex.com,+1-979-6474,Certain,2026-03-15
152010934,some,friend@ex.com,+1-944-8402,Only,2026-02-13
229943012,change,position@ex.com,+1-819-9889,Relationship,2026-09-14
291211673,single,event@ex.com,+1-363-8227,With,2026-08-25
62608719,issue,particularly@ex.com,+1-132-1172,Team,2026-07-01
654904192,design,decade@ex.com,+1-203-1958,Myself,2026-06-01
887843853,yet,activity@ex.com,+1-110-1924,Mean,2026-07-05
561400926,long,data@ex.com,+1-814-8896,Shoulder,2026-05-07
196061340,experience,market@ex.com,+1-712-2917,Character,2026-09-19
71897833,effect,however@ex.com,+1-863-8116,Make,2026-07-04
768748815,everything,cold@ex.com,+1-125-7724,Represent,2026-12-12
2212593,or,area@ex.com,+1-250-9465,Add,2026-02-07
168738428,sea,expect@ex.com,+1-451-7094,Bank,2026-07-09
988932453,seem,class@ex.com,+1-980-6383,Policy,2026-10-28
377461542,main,water@ex.com,+1-453-2448,History,2026-11-03
164559606,include,environment@ex.com,+1-186-1418,Apply,2026-05-01
692940199,argue,produce@ex.com,+1-938-5512,Choose,2026-05-22
320469637,develop,else@ex.com,+1-632-8104,Smile,2026-07-09
689053988,political,agree@ex.com,+1-664-5108,Something,2026-11-09
822851268,ever,reveal@ex.com,+1-368-9717,Hit,2026-12-08
370467003,main,spend@ex.com,+1-430-9320,Follow,2026-09-23
371576107,child,start@ex.com,+1-776-6898,Drug,2026-11-08
554240642,bar,media@ex.com,+1-994-5924,Film,2026-05-26
658426507,this,accept@ex.com,+1-588-5367,Force,2026-05-18
144540843,career,chance@ex.com,+1-260-5192,Yes,2026-08-08
546518755,physical,choose@ex.com,+1-166-5920,Fear,2026-06-08
6746811,rather,ago@ex.com,+1-974-3349,Pressure,2026-02-08
400058555,decade,PM@ex.com,+1-424-8600,Thus,2026-10-19
560880409,space,fast@ex.com,+1-396-3639,Smile,2026-03-01
614085577,guy,require@ex.com,+1-982-5370,Political,2026-12-13
826523020,employee,least@ex.com,+1-173-9833,Who,2026-02-14
248518904,key,human@ex.com,+1-109-5978,General,2026-07-18
422441725,safe,before@ex.com,+1-439-4351,Yet,2026-02-27
539584183,international,anyone@ex.com,+1-470-4259,Produce,2026-08-11
260729262,expect,thought@ex.com,+1-233-1992,Travel,2026-01-09
690781756,thousand,weight@ex.com,+1-713-4035,Somebody,2026-05-26
677571292,reflect,once@ex.com,+1-270-6234,Smile,2026-01-17
110580136,reveal,enough@ex.com,+1-767-3328,Finish,2026-10-14
793013023,wonder,once@ex.com,+1-211-2430,Successful,2026-05-23
810075901,key,now@ex.com,+1-833-7195,Sea,2026-06-07
603592491,another,beautiful@ex.com,+1-898-2142,Through,2026-01-16
724333942,administration,outside@ex.com,+1-656-7163,Break,2026-01-06
361338718,range,speech@ex.com,+1-385-7267,Someone,2026-09-04
809272497,better,Mrs@ex.com,+1-185-4169,Finish,2026-12-05
197892332,way,heavy@ex.com,+1-528-3237,Become,2026-10-06
345428591,gas,be@ex.com,+1-690-2867,Base,2026-06-14
811790493,probably,join@ex.com,+1-921-3569,Benefit,2026-12-22
975561060,unit,important@ex.com,+1-549-2771,Do,2026-01-23
280393941,lay,media@ex.com,+1-565-3786,While,2026-09-05
679121246,field,to@ex.com,+1-723-4798,Task,2026-04-18
40914438,material,woman@ex.com,+1-120-4809,Also,2026-09-04
276556393,tell,later@ex.com,+1-682-7404,Republican,2026-10-12
543581835,nature,weight@ex.com,+1-421-1280,Make,2026-11-23
655343243,offer,little@ex.com,+1-822-8666,Note,2026-01-18
985682906,store,later@ex.com,+1-563-7012,Walk,2026-03-15
485336031,glass,to@ex.com,+1-106-8264,Treatment,2026-10-09
106697988,point,discover@ex.com,+1-445-6583,Consumer,2026-03-15
101162751,catch,account@ex.com,+1-830-5098,Hand,2026-06-23
753405265,can,lawyer@ex.com,+1-707-6409,Your,2026-03-03
509583150,develop,team@ex.com,+1-660-2986,Writer,2026-06-09
266173652,Republican,into@ex.com,+1-289-5879,Upon,2026-06-15
905799385,paper,last@ex.com,+1-934-8341,Capital,2026-04-11
190402837,him,during@ex.com,+1-766-9615,Authority,2026-08-01
762707642,manage,call@ex.com,+1-340-6605,Stand,2026-06-24
174689013,matter,late@ex.com,+1-357-4084,Join,2026-01-27
265428865,democratic,person@ex.com,+1-484-8193,Successful,2026-03-09
90644987,central,will@ex.com,+1-801-7463,Agreement,2026-03-02
339992801,threat,also@ex.com,+1-269-9199,Yes,2026-05-03
168864619,high,effort@ex.com,+1-814-8758,That,2026-01-11
869218888,oil,business@ex.com,+1-572-2274,Happy,2026-10-26
432256688,now,learn@ex.com,+1-211-7791,Certain,2026-11-28
168758432,response,could@ex.com,+1-471-4006,Decide,2026-11-20
303203087,alone,road@ex.com,+1-993-6147,Result,2026-01-12
504924538,add,force@ex.com,+1-138-9329,Long,2026-10-11
901482245,parent,power@ex.com,+1-832-8281,Sure,2026-05-03
234511711,return,few@ex.com,+1-706-1265,Late,2026-01-16
879990650,significant,data@ex.com,+1-274-2177,Walk,2026-09-03
849215207,become,son@ex.com,+1-317-6138,Leg,2026-07-21
236114548,pass,wide@ex.com,+1-514-3014,Popular,2026-08-03
331433066,catch,service@ex.com,+1-838-5179,Who,2026-08-11
864221312,western,music@ex.com,+1-735-1545,How,2026-01-20
978974488,direction,star@ex.com,+1-340-2160,Kid,2026-09-03
356361993,language,walk@ex.com,+1-842-6749,Exactly,2026-06-05
22996713,surface,one@ex.com,+1-502-7733,Success,2026-07-18
347683131,receive,team@ex.com,+1-606-7312,Smile,2026-04-04
317997716,change,why@ex.com,+1-210-9069,Truth,2026-10-07
508024961,way,yes@ex.com,+1-249-7448,Major,2026-01-11
298430036,lay,physical@ex.com,+1-117-7523,Onto,2026-11-18
541631886,expert,apply@ex.com,+1-832-3862,Both,2026-10-23
193054000,black,yard@ex.com,+1-796-1190,Floor,2026-09-15
249239860,can,camera@ex.com,+1-562-5756,Increase,2026-10-23
725482615,a,though@ex.com,+1-753-6025,Successful,2026-09-27
420574251,marriage,single@ex.com,+1-345-8489,Series,2026-02-13
240609533,ten,remain@ex.com,+1-148-3208,Then,2026-06-18
599276258,heavy,wish@ex.com,+1-482-7530,This,2026-08-09
439495586,drug,loss@ex.com,+1-159-1442,Attack,2026-04-24
742958284,participant,energy@ex.com,+1-296-7581,Music,2026-07-04
447188874,sign,line@ex.com,+1-166-4302,Whole,2026-05-09
501065597,road,standard@ex.com,+1-519-1093,Operation,2026-05-21
180101934,surface,quite@ex.com,+1-577-2870,Sign,2026-07-11
603016300,help,phone@ex.com,+1-435-3655,Day,2026-08-15
988715927,maintain,feeling@ex.com,+1-749-6938,Strategy,2026-08-17
851510480,federal,charge@ex.com,+1-333-1455,Your,2026-08-22
57101256,only,military@ex.com,+1-457-9844,Cut,2026-10-21
188427524,game,recognize@ex.com,+1-321-5767,Great,2026-10-01
258816695,information,now@ex.com,+1-992-4680,Head,2026-11-05
249430145,practice,appear@ex.com,+1-173-3258,Stop,2026-01-01
401825291,example,tough@ex.com,+1-345-5227,Establish,2026-01-21
996935887,piece,win@ex.com,+1-528-5867,North,2026-05-11
865220390,ask,operation@ex.com,+1-118-4576,Region,2026-02-20
74127576,explain,home@ex.com,+1-934-7057,Food,2026-01-02
608818540,stay,those@ex.com,+1-206-4965,Might,2026-02-14
457454406,me,impact@ex.com,+1-581-1461,Protect,2026-07-20
134404315,imagine,bad@ex.com,+1-749-8145,Start,2026-01-09
902043971,factor,meeting@ex.com,+1-103-7747,Wonder,2026-07-26
521045370,and,hour@ex.com,+1-833-9061,Eye,2026-12-19
701664564,him,get@ex.com,+1-189-6933,Force,2026-08-18
403009170,build,often@ex.com,+1-932-2315,Social,2026-11-24
336660108,area,know@ex.com,+1-678-8957,Be,2026-06-02
504151479,hold,one@ex.com,+1-808-3199,Food,2026-05-22
101283517,indicate,toward@ex.com,+1-344-1180,At,2026-12-14
649351553,article,seat@ex.com,+1-241-4821,Station,2026-10-11
534899627,most,son@ex.com,+1-957-9828,Message,2026-10-22
420162084,church,amount@ex.com,+1-960-2404,Word,2026-08-25
895274655,production,foot@ex.com,+1-895-2672,Itself,2026-01-12
772773436,clearly,coach@ex.com,+1-494-9548,Teach,2026-12-25
585365410,person,resource@ex.com,+1-944-7928,Charge,2026-08-07
470311256,politics,oil@ex.com,+1-107-1466,Thank,2026-06-03
262886372,maintain,certain@ex.com,+1-687-1653,Old,2026-09-07
94843615,woman,consumer@ex.com,+1-534-8895,Risk,2026-08-17
939698916,account,boy@ex.com,+1-549-6085,Bar,2026-12-06
877863288,customer,night@ex.com,+1-199-3382,Partner,2026-05-23
886706706,air,will@ex.com,+1-932-8770,Traditional,2026-08-20
675508046,stuff,human@ex.com,+1-142-7360,Certain,2026-03-03
716765156,try,sit@ex.com,+1-120-7653,With,2026-01-19
371301186,child,loss@ex.com,+1-100-9124,Try,2026-04-17
207361182,available,then@ex.com,+1-500-9853,Offer,2026-11-12
591052964,game,to@ex.com,+1-379-1147,Market,2026-03-02
907254732,type,money@ex.com,+1-681-1004,Measure,2026-03-12
175642600,tell,few@ex.com,+1-286-6983,College,2026-06-03
780893453,visit,west@ex.com,+1-216-1948,Report,2026-12-01
7682727,responsibility,apply@ex.com,+1-408-5919,System,2026-04-18
516489606,sense,collection@ex.com,+1-601-5041,Source,2026-04-23
201186955,enjoy,month@ex.com,+1-630-7686,Fast,2026-01-03
250636443,case,idea@ex.com,+1-731-8748,Only,2026-11-10
976099916,capital,book@ex.com,+1-288-5183,Morning,2026-06-11
335351470,stay,long@ex.com,+1-244-9524,His,2026-03-11
129905128,thus,matter@ex.com,+1-123-7842,Cause,2026-10-18
365671769,help,that@ex.com,+1-306-4167,Wrong,2026-02-12
198158183,reveal,indicate@ex.com,+1-873-6857,Will,2026-09-28
767424141,board,opportunity@ex.com,+1-471-3816,Hear,2026-10-12
388607084,itself,red@ex.com,+1-277-5504,Article,2026-02-24
703721964,fly,new@ex.com,+1-904-1630,Cut,2026-08-24
820655601,future,head@ex.com,+1-807-1803,Another,2026-01-11
138354469,for,point@ex.com,+1-475-2324,Stage,2026-03-13
405302202,teacher,man@ex.com,+1-471-9877,Information,2026-07-17
435833701,pressure,eat@ex.com,+1-906-7254,Lay,2026-10-04
911482229,really,themselves@ex.com,+1-701-5083,Test,2026-08-14
369051896,drop,staff@ex.com,+1-534-4052,How,2026-04-22
159349267,back,where@ex.com,+1-382-4575,Catch,2026-11-05
611856345,prevent,radio@ex.com,+1-683-4489,Next,2026-11-06
266501395,central,agree@ex.com,+1-174-5401,Seek,2026-03-08
845505793,risk,see@ex.com,+1-220-2364,Face,2026-11-23
817714897,budget,strategy@ex.com,+1-609-6325,North,2026-03-22
941370689,another,heavy@ex.com,+1-378-6167,Picture,2026-04-20
831223395,perhaps,player@ex.com,+1-125-1780,Value,2026-10-21
965753331,thousand,offer@ex.com,+1-517-4132,Word,2026-09-28
756497830,husband,without@ex.com,+1-370-2770,Audience,2026-01-25
273329873,large,consider@ex.com,+1-335-4486,City,2026-02-20
903958000,professional,must@ex.com,+1-371-7203,View,2026-04-27
57092300,someone,begin@ex.com,+1-101-9840,Rate,2026-02-12
141014350,board,meet@ex.com,+1-724-7192,Section,2026-11-21
85439656,carry,sit@ex.com,+1-688-2295,Network,2026-03-13
242435528,western,part@ex.com,+1-675-5541,Enough,2026-11-10
864304897,game,skill@ex.com,+1-962-4955,Generation,2026-01-24
683080626,he,star@ex.com,+1-809-4468,Reflect,2026-02-22
946248453,particularly,technology@ex.com,+1-168-7871,Option,2026-03-21
286937694,certain,occur@ex.com,+1-539-5991,Appear,2026-09-04
730183951,doctor,produce@ex.com,+1-414-3914,True,2026-02-07
495652620,laugh,somebody@ex.com,+1-183-6143,Democrat,2026-08-14
332899362,voice,even@ex.com,+1-594-8759,Pass,2026-08-06
467259657,truth,entire@ex.com,+1-685-1021,Democrat,2026-06-15
364179478,control,manage@ex.com,+1-246-4590,Start,2026-10-28
402270802,speak,authority@ex.com,+1-691-1305,Director,2026-12-24
866913461,thus,meet@ex.com,+1-220-2103,Clearly,2026-01-25
712491928,that,simple@ex.com,+1-972-4130,Smile,2026-08-23
481337980,within,him@ex.com,+1-764-5640,Step,2026-05-12
349448293,nearly,tonight@ex.com,+1-682-1706,Recognize,2026-12-21
450908913,story,cause@ex.com,+1-569-9861,Camera,2026-03-24
394842603,employee,natural@ex.com,+1-233-1044,Full,2026-12-21
595667024,far,all@ex.com,+1-929-1223,Fly,2026-10-25
731270573,music,power@ex.com,+1-531-6465,Model,2026-04-03
900705031,last,administration@ex.com,+1-808-6903,Ready,2026-01-14
297202129,maintain,per@ex.com,+1-613-5894,She,2026-06-08
446444912,security,through@ex.com,+1-487-9732,Parent,2026-12-15
562461869,citizen,simple@ex.com,+1-941-6490,Question,2026-12-13
843427565,tax,popular@ex.com,+1-935-1549,Remain,2026-04-22
793246487,serve,others@ex.com,+1-482-4824,Similar,2026-09-26
2707034,reduce,too@ex.com,+1-188-5542,Ago,2026-12-20
437188521,cold,goal@ex.com,+1-648-1126,Tend,2026-05-19
438484621,stuff,federal@ex.com,+1-948-3452,Energy,2026-02-13
437785919,campaign,show@ex.com,+1-819-8968,Too,2026-11-13
190702167,entire,cover@ex.com,+1-894-9070,Often,2026-10-20
683203428,nearly,over@ex.com,+1-675-2839,Really,2026-05-25
572523601,sort,social@ex.com,+1-960-9649,Along,2026-03-28
823236581,boy,reason@ex.com,+1-728-1590,Matter,2026-07-28
898333188,summer,court@ex.com,+1-740-3940,Term,2026-01-15
538751177,peace,environment@ex.com,+1-141-4833,Young,2026-04-12
595442164,well,network@ex.com,+1-891-3789,Happen,2026-07-01
286225296,defense,PM@ex.com,+1-668-5392,Keep,2026-10-06
419167550,evening,power@ex.com,+1-884-5670,Smile,2026-05-09
967300708,artist,Congress@ex.com,+1-382-4254,Strategy,2026-05-12
909000644,weight,to@ex.com,+1-239-1695,Become,2026-03-23
271279777,magazine,simply@ex.com,+1-725-9571,Continue,2026-05-09
493180742,president,event@ex.com,+1-375-4222,Life,2026-05-04
191327229,put,unit@ex.com,+1-721-6253,Detail,2026-01-10
166884687,visit,maintain@ex.com,+1-948-6562,Life,2026-01-22
130100533,suffer,once@ex.com,+1-836-4402,Hair,2026-05-27
494393484,news,where@ex.com,+1-621-6323,Usually,2026-08-07
325438928,natural,money@ex.com,+1-344-5610,Only,2026-04-01
623588833,southern,pay@ex.com,+1-148-8143,Key,2026-12-17
33204094,simple,campaign@ex.com,+1-649-1474,Owner,2026-01-13
519981814,answer,write@ex.com,+1-746-7902,Continue,2026-11-05
707545698,director,know@ex.com,+1-471-7164,Your,2026-11-23
221371280,old,modern@ex.com,+1-604-8485,Next,2026-06-01
821012730,Mr,ready@ex.com,+1-891-3692,Others,2026-05-15
298700420,around,game@ex.com,+1-746-5468,Sport,2026-05-08
835526345,history,together@ex.com,+1-537-5258,Teacher,2026-07-10
371586490,both,per@ex.com,+1-742-6612,Wonder,2026-02-21
802388571,worker,group@ex.com,+1-272-9227,Resource,2026-03-26
726171318,guess,another@ex.com,+1-221-3112,Your,2026-02-16
836539383,kitchen,agreement@ex.com,+1-177-9755,Our,2026-05-14
741110673,student,story@ex.com,+1-758-7787,Blood,2026-10-25
470913822,unit,keep@ex.com,+1-122-2898,Small,2026-08-11
30102900,name,assume@ex.com,+1-917-3282,Close,2026-10-28
409952149,trial,group@ex.com,+1-232-4517,Less,2026-02-11
724221414,letter,story@ex.com,+1-318-4362,Community,2026-03-27
884824647,dark,far@ex.com,+1-127-6084,Partner,2026-02-19
12157064,loss,front@ex.com,+1-156-1024,Then,2026-02-21
977957379,oil,level@ex.com,+1-927-6886,Clearly,2026-09-24
921976469,daughter,rich@ex.com,+1-678-2101,Level,2026-10-08
264986785,drop,yes@ex.com,+1-306-7640,Leg,2026-06-09
852701701,north,court@ex.com,+1-324-8954,Even,2026-02-20
717859084,laugh,oil@ex.com,+1-984-2434,Indicate,2026-10-19
538778612,later,nothing@ex.com,+1-606-4760,Above,2026-05-20
591286494,together,pay@ex.com,+1-255-9789,Size,2026-04-16
295830792,development,training@ex.com,+1-500-9076,Indeed,2026-09-03
904986400,night,good@ex.com,+1-418-3337,Think,2026-10-10
839922777,television,past@ex.com,+1-235-1265,Professor,2026-11-06
687506506,institution,per@ex.com,+1-233-9031,Which,2026-10-01
859665973,shoulder,although@ex.com,+1-419-7071,Better,2026-07-01
681013658,themselves,buy@ex.com,+1-561-7135,Phone,2026-12-28
196253521,quality,process@ex.com,+1-667-6252,Something,2026-07-14
254506670,friend,good@ex.com,+1-140-3144,Next,2026-06-27
76380183,interview,national@ex.com,+1-194-9948,Fire,2026-11-02
332155875,anyone,sign@ex.com,+1-790-7631,Leader,2026-12-05
415618878,show,once@ex.com,+1-214-8674,History,2026-12-15
864535754,kind,face@ex.com,+1-411-5145,Hot,2026-05-26
624091240,mother,health@ex.com,+1-466-5837,His,2026-02-16
218319024,cultural,sell@ex.com,+1-170-9042,Usually,2026-11-26
5345290,wind,your@ex.com,+1-209-6033,Appear,2026-02-12
318151929,human,actually@ex.com,+1-475-6327,End,2026-06-23
547725497,simple,receive@ex.com,+1-310-3591,College,2026-02-26
709978455,control,despite@ex.com,+1-424-8355,Production,2026-08-15
399565438,use,pressure@ex.com,+1-594-2140,Traditional,2026-11-14
260437400,fight,director@ex.com,+1-548-5005,While,2026-12-15
138207242,number,firm@ex.com,+1-697-2718,Himself,2026-09-21
114825305,but,only@ex.com,+1-768-7763,Interesting,2026-04-02
806186394,unit,why@ex.com,+1-167-9084,Everybody,2026-01-14
912482893,its,offer@ex.com,+1-168-7295,Million,2026-06-04
20149133,sea,long@ex.com,+1-216-2953,Dinner,2026-04-16
211369295,which,husband@ex.com,+1-996-9989,Natural,2026-03-21
58475863,information,anyone@ex.com,+1-102-3915,Finish,2026-04-14
71274708,yeah,sit@ex.com,+1-149-2936,Money,2026-08-11
571374628,player,resource@ex.com,+1-953-5476,Mr,2026-09-21
319324666,through,perhaps@ex.com,+1-544-9008,Prepare,2026-11-14
973927359,operation,by@ex.com,+1-100-6862,Foreign,2026-07-09
773160447,attention,bad@ex.com,+1-382-4444,Rise,2026-01-11
583538439,Democrat,position@ex.com,+1-553-8483,Station,2026-02-05
975879165,glass,away@ex.com,+1-435-7422,Lay,2026-01-20
971981811,enough,do@ex.com,+1-992-6124,Task,2026-07-02
691980665,much,event@ex.com,+1-182-2755,Control,2026-05-11
45025138,thought,spring@ex.com,+1-510-5487,Arrive,2026-09-06
955477397,send,myself@ex.com,+1-585-1875,Too,2026-06-11
369267414,box,camera@ex.com,+1-598-8260,Watch,2026-08-13
560186539,author,free@ex.com,+1-423-7969,Difference,2026-12-03
745008864,enjoy,water@ex.com,+1-707-3475,Group,2026-02-23
930899603,determine,drug@ex.com,+1-203-4865,Smile,2026-04-04
958484171,receive,bad@ex.com,+1-331-1032,Impact,2026-11-07
129539999,then,meet@ex.com,+1-976-5764,Each,2026-03-28
75339883,child,weight@ex.com,+1-878-2542,Down,2026-06-27
844420486,person,plan@ex.com,+1-619-7528,Television,2026-10-21
299112027,involve,defense@ex.com,+1-443-6384,Human,2026-09-14
917833294,strategy,better@ex.com,+1-368-3300,Blue,2026-03-08
102888350,yeah,water@ex.com,+1-734-4498,View,2026-11-16
450459974,like,price@ex.com,+1-949-5073,Follow,2026-12-03
742076785,by,call@ex.com,+1-717-6062,Recent,2026-09-15
478382473,action,media@ex.com,+1-780-6783,Summer,2026-12-06
345883084,successful,them@ex.com,+1-513-1287,Follow,2026-11-17
794164359,allow,ago@ex.com,+1-801-9462,Of,2026-02-26
473571829,thing,now@ex.com,+1-544-4143,Himself,2026-07-26
526166524,will,leader@ex.com,+1-216-1382,Itself,2026-07-08
797709552,answer,read@ex.com,+1-465-6844,Sit,2026-12-11
404925906,onto,town@ex.com,+1-784-1655,Let,2026-11-26
206916729,discuss,trip@ex.com,+1-623-5202,Million,2026-05-15
163597390,road,attack@ex.com,+1-416-5656,Down,2026-01-08
574850414,drive,similar@ex.com,+1-356-4819,Term,2026-05-02
65536324,computer,north@ex.com,+1-945-3634,Theory,2026-04-25
579364639,order,along@ex.com,+1-571-3653,Picture,2026-01-01
334675924,myself,amount@ex.com,+1-216-8599,Moment,2026-09-06
139602317,who,treat@ex.com,+1-619-3848,Blue,2026-07-17
850967106,not,establish@ex.com,+1-708-3772,Among,2026-12-21
842027721,hard,chair@ex.com,+1-184-7369,Perform,2026-10-19
769928404,explain,example@ex.com,+1-517-3017,Can,2026-08-23
548612436,suffer,prevent@ex.com,+1-532-2658,Economic,2026-06-07
157463355,free,national@ex.com,+1-993-9690,Cup,2026-11-25
532982624,pull,week@ex.com,+1-139-4425,Win,2026-03-02
906309993,protect,this@ex.com,+1-413-7003,Congress,2026-07-08
986140791,dinner,do@ex.com,+1-741-1662,Discuss,2026-03-15
398305800,lot,design@ex.com,+1-447-6664,Green,2026-10-02
559667295,decade,usually@ex.com,+1-110-5608,Media,2026-07-18
443367133,themselves,political@ex.com,+1-460-5339,Charge,2026-09-09
872199018,vote,leave@ex.com,+1-234-8997,Skill,2026-11-13
308271438,dream,day@ex.com,+1-816-8937,Perform,2026-09-24
195915488,building,science@ex.com,+1-596-2343,Throw,2026-08-12
589260262,public,ahead@ex.com,+1-767-4691,Break,2026-09-23
178829180,whose,four@ex.com,+1-243-6374,Own,2026-04-13
458156774,sound,reveal@ex.com,+1-781-1829,Describe,2026-09-24
757320022,month,by@ex.com,+1-359-4592,Without,2026-01-11
631045462,now,tonight@ex.com,+1-315-6747,Face,2026-06-17
874200401,good,buy@ex.com,+1-106-4277,Theory,2026-06-11
259649374,strong,herself@ex.com,+1-548-8136,And,2026-09-12
446372955,whose,per@ex.com,+1-321-8188,Brother,2026-06-24
553742910,technology,physical@ex.com,+1-117-1355,Quickly,2026-07-11
656184674,staff,guy@ex.com,+1-960-4984,Leg,2026-07-07
729614205,single,herself@ex.com,+1-807-9110,Consider,2026-10-15
106073041,key,recent@ex.com,+1-943-8653,Administration,2026-06-15
255125094,during,song@ex.com,+1-759-4297,Interview,2026-02-21
493036066,democratic,process@ex.com,+1-982-7205,Staff,2026-06-14
511312881,act,move@ex.com,+1-143-2106,Never,2026-09-17
370848756,behind,former@ex.com,+1-579-4066,Very,2026-12-23
591900797,another,spend@ex.com,+1-119-2800,Military,2026-01-25
685261350,offer,receive@ex.com,+1-393-4669,Send,2026-02-25
635233606,resource,authority@ex.com,+1-666-6561,Focus,2026-05-12
404325905,official,agreement@ex.com,+1-131-7914,Research,2026-03-07
858217995,several,example@ex.com,+1-104-3357,Benefit,2026-10-24
921046913,choose,economy@ex.com,+1-442-5041,West,2026-04-09
307967210,north,here@ex.com,+1-735-5982,Son,2026-02-07
41640436,ago,food@ex.com,+1-835-4153,Until,2026-07-19
230608769,often,measure@ex.com,+1-216-7340,By,2026-12-02
995455132,standard,board@ex.com,+1-528-8719,Future,2026-06-16
303078270,debate,explain@ex.com,+1-157-6437,Agreement,2026-09-01
266862071,field,responsibility@ex.com,+1-671-6389,Huge,2026-08-13
681093223,safe,direction@ex.com,+1-533-1389,Window,2026-02-08
435932918,believe,reveal@ex.com,+1-312-4384,Its,2026-09-28
423760540,worker,admit@ex.com,+1-564-2615,Move,2026-06-17
171165589,rock,control@ex.com,+1-383-7470,Benefit,2026-05-23
509988650,leg,teach@ex.com,+1-686-5725,Scene,2026-10-19
5066067,where,measure@ex.com,+1-849-2369,Congress,2026-03-08
404760663,usually,appear@ex.com,+1-316-6643,Challenge,2026-05-04
884328634,become,step@ex.com,+1-590-4280,Quickly,2026-04-28
370676900,control,rise@ex.com,+1-267-1528,Through,2026-12-06
778909011,indicate,with@ex.com,+1-111-8979,Art,2026-02-22
107882537,upon,for@ex.com,+1-910-2755,Degree,2026-07-12
449063909,discover,down@ex.com,+1-150-6919,Machine,2026-07-10
764411340,notice,onto@ex.com,+1-874-6621,Head,2026-08-20
237422268,try,environmental@ex.com,+1-377-8063,Sister,2026-03-08
903302935,create,certain@ex.com,+1-421-1115,Painting,2026-01-01
609573680,hand,radio@ex.com,+1-103-3681,Term,2026-04-21
663982622,news,politics@ex.com,+1-482-2708,Point,2026-01-15
329475045,bag,claim@ex.com,+1-120-4904,Wall,2026-06-08
401363061,under,yes@ex.com,+1-856-2483,Board,2026-06-16
894339992,college,citizen@ex.com,+1-101-2045,Become,2026-11-15
37074103,board,very@ex.com,+1-882-9318,Money,2026-10-11
230812359,size,throw@ex.com,+1-975-7606,Left,2026-03-27
362125411,one,expect@ex.com,+1-161-7994,These,2026-04-15
266911872,draw,response@ex.com,+1-130-6020,Yes,2026-08-06
990962828,green,foot@ex.com,+1-353-1862,Not,2026-01-05
533519694,quite,others@ex.com,+1-503-2165,Explain,2026-12-16
962531651,view,television@ex.com,+1-462-9141,Tend,2026-06-28
232627041,have,soldier@ex.com,+1-283-8069,Watch,2026-02-04
877391543,people,so@ex.com,+1-216-5884,Charge,2026-02-09
47558305,too,century@ex.com,+1-170-1101,Future,2026-03-01
712043738,imagine,million@ex.com,+1-215-2456,Three,2026-04-13
181447419,suffer,leg@ex.com,+1-931-9327,Media,2026-08-15
572472954,same,that@ex.com,+1-194-8124,Standard,2026-06-26
921991949,interesting,five@ex.com,+1-456-3246,Sea,2026-10-24
928261240,issue,away@ex.com,+1-471-2867,Friend,2026-08-07
38593544,myself,weight@ex.com,+1-271-3812,Store,2026-04-09
1892117,near,hope@ex.com,+1-917-8570,Cause,2026-06-20
509206299,peace,economic@ex.com,+1-228-3437,General,2026-01-12
414671521,one,power@ex.com,+1-704-7790,Reach,2026-08-19
31683149,mean,bring@ex.com,+1-855-5200,Word,2026-07-05
505353474,purpose,fly@ex.com,+1-585-7291,Thought,2026-03-17
98593234,hour,most@ex.com,+1-271-2630,Out,2026-02-20
51275636,hold,person@ex.com,+1-521-4266,Reach,2026-12-01
799874903,there,tell@ex.com,+1-558-9376,Magazine,2026-07-17
273243921,threat,much@ex.com,+1-639-3640,Enough,2026-08-25
525986919,challenge,eat@ex.com,+1-929-4756,Recent,2026-06-23
913444182,how,common@ex.com,+1-904-5197,Audience,2026-09-02
779606821,sometimes,stand@ex.com,+1-271-3847,Drop,2026-09-19
160841384,attack,box@ex.com,+1-479-4524,First,2026-05-17
838513830,interview,standard@ex.com,+1-882-7069,Rather,2026-08-28
583247708,feeling,character@ex.com,+1-929-3149,And,2026-07-03
923482572,once,where@ex.com,+1-104-6987,Police,2026-06-02
342429036,Congress,company@ex.com,+1-637-5574,Whatever,2026-02-07
472704577,painting,suffer@ex.com,+1-944-4027,Thing,2026-03-02
228594319,arrive,help@ex.com,+1-346-6023,Easy,2026-03-13
671669787,anyone,budget@ex.com,+1-274-2991,Become,2026-07-20
583371560,machine,create@ex.com,+1-167-4118,Improve,2026-12-19
272909130,director,pay@ex.com,+1-631-5306,Perhaps,2026-09-01
163147548,idea,down@ex.com,+1-346-5420,Able,2026-05-16
214772398,product,answer@ex.com,+1-967-2407,Audience,2026-12-15
823953694,Mr,head@ex.com,+1-825-3196,Follow,2026-08-02
231872822,others,friend@ex.com,+1-608-4236,Themselves,2026-07-24
314241465,central,turn@ex.com,+1-687-1222,Road,2026-05-01
877351399,share,there@ex.com,+1-303-8797,Stock,2026-12-19
32437794,here,not@ex.com,+1-411-5590,Place,2026-09-07
405661665,until,source@ex.com,+1-559-9198,Show,2026-03-07
76341880,class,source@ex.com,+1-418-6467,Inside,2026-10-09
343796404,strong,network@ex.com,+1-636-7475,Key,2026-08-21
375055491,how,true@ex.com,+1-851-1749,By,2026-09-28
349421725,southern,myself@ex.com,+1-242-4301,Future,2026-01-14
351024545,my,ago@ex.com,+1-776-2474,Human,2026-01-15
803658931,born,thousand@ex.com,+1-927-7657,Now,2026-08-06
688327521,people,decade@ex.com,+1-657-3558,Congress,2026-07-21
80198736,economy,eat@ex.com,+1-886-3063,Specific,2026-08-10
156380226,federal,a@ex.com,+1-134-1341,Dog,2026-04-17
917017587,recognize,PM@ex.com,+1-231-9969,Concern,2026-08-01
786813281,water,reach@ex.com,+1-680-1521,Put,2026-12-26
359065660,seat,current@ex.com,+1-382-4622,Issue,2026-01-23
806733213,leader,lot@ex.com,+1-119-7865,Tough,2026-01-19
183098250,not,measure@ex.com,+1-619-4155,State,2026-02-02
977963392,lawyer,sound@ex.com,+1-849-2703,System,2026-11-15
841435126,might,important@ex.com,+1-105-1222,Program,2026-03-12
704249445,painting,control@ex.com,+1-959-1558,Foot,2026-09-16
822685889,production,turn@ex.com,+1-268-4098,Begin,2026-05-07
886634903,fly,authority@ex.com,+1-812-5983,Laugh,2026-09-24
668191247,down,certain@ex.com,+1-698-1986,Focus,2026-12-21
518517015,election,professor@ex.com,+1-158-1096,Husband,2026-03-11
715180619,herself,apply@ex.com,+1-407-4466,Amount,2026-01-06
651288298,certainly,car@ex.com,+1-580-2357,Management,2026-05-02
214771486,much,news@ex.com,+1-933-9668,Really,2026-10-13
737754603,south,attack@ex.com,+1-681-2968,Politics,2026-03-22
52369355,garden,region@ex.com,+1-119-7448,Shoulder,2026-10-22
530103724,success,together@ex.com,+1-245-2064,Ago,2026-03-17
805389873,color,board@ex.com,+1-174-1813,Cultural,2026-07-18
355128658,might,test@ex.com,+1-659-1734,Hit,2026-05-01
803133146,now,rather@ex.com,+1-755-8698,Many,2026-02-03
613323362,man,off@ex.com,+1-208-9930,Analysis,2026-06-21
223543843,seat,serious@ex.com,+1-535-4712,Lose,2026-11-25
6492378,range,force@ex.com,+1-815-9414,Everyone,2026-04-14
470137910,possible,knowledge@ex.com,+1-514-5252,Generation,2026-10-15
106213525,woman,really@ex.com,+1-521-9183,Support,2026-06-25
336788368,prevent,family@ex.com,+1-159-3409,Sister,2026-05-08
407412664,life,us@ex.com,+1-723-2382,Whatever,2026-03-13
321192728,special,small@ex.com,+1-368-3654,Start,2026-10-15
587122346,much,black@ex.com,+1-272-6146,Certainly,2026-05-27
288307883,matter,generation@ex.com,+1-528-9412,Enter,2026-02-04
128116754,instead,author@ex.com,+1-772-7891,Back,2026-11-01
741309793,work,purpose@ex.com,+1-798-8636,Brother,2026-02-10
71395324,night,finish@ex.com,+1-147-2940,Son,2026-11-26
587734404,be,certain@ex.com,+1-534-8754,International,2026-08-28
737340288,themselves,worker@ex.com,+1-610-6556,Painting,2026-01-12
924372740,art,person@ex.com,+1-683-2184,Mission,2026-10-20
185122904,sign,be@ex.com,+1-235-5952,Likely,2026-01-15
194578360,myself,relationship@ex.com,+1-610-3750,No,2026-06-18
911800304,fact,word@ex.com,+1-294-3620,Little,2026-10-22
633516958,during,yeah@ex.com,+1-772-9457,Describe,2026-05-08
187630049,but,light@ex.com,+1-509-6739,Which,2026-02-11
141639216,door,parent@ex.com,+1-335-4918,Language,2026-11-06
577258600,yourself,lay@ex.com,+1-985-3457,Or,2026-09-24
858781499,continue,grow@ex.com,+1-478-6519,Republican,2026-10-26
601957283,chance,relationship@ex.com,+1-608-5182,Company,2026-05-25
104627384,including,cell@ex.com,+1-508-4068,Senior,2026-02-24
794494034,reveal,do@ex.com,+1-448-8723,Year,2026-04-16
278106347,back,fact@ex.com,+1-847-5870,And,2026-08-16
684555198,drive,toward@ex.com,+1-620-7145,Song,2026-08-10
899951489,within,rock@ex.com,+1-758-5228,Measure,2026-10-27
567072724,be,long@ex.com,+1-952-9000,Send,2026-04-13
950181194,floor,dream@ex.com,+1-694-7380,Medical,2026-08-11
851688957,history,certainly@ex.com,+1-921-8925,Case,2026-03-08
868210350,make,perhaps@ex.com,+1-869-2759,Responsibility,2026-03-23
697682140,performance,free@ex.com,+1-809-4878,Guy,2026-02-16
228428631,think,water@ex.com,+1-375-2455,Leader,2026-02-11
536554976,night,add@ex.com,+1-581-4833,Long,2026-09-28
857052196,five,month@ex.com,+1-324-7622,Usually,2026-12-04
654415462,little,suggest@ex.com,+1-843-7528,Before,2026-03-12
441860934,member,stop@ex.com,+1-108-8845,Door,2026-03-26
668840112,benefit,these@ex.com,+1-179-2260,Hundred,2026-07-01
27812661,agency,go@ex.com,+1-330-5730,Garden,2026-06-22
967773100,current,day@ex.com,+1-427-8307,Line,2026-12-21
728341197,person,card@ex.com,+1-392-7160,Away,2026-05-03
669716634,degree,design@ex.com,+1-381-7212,Huge,2026-07-16
953511502,everyone,produce@ex.com,+1-614-2208,Degree,2026-10-22
428555540,oil,official@ex.com,+1-300-9207,Pay,2026-01-26
201406469,also,unit@ex.com,+1-344-6610,Main,2026-05-26
815041796,force,official@ex.com,+1-433-7831,Peace,2026-10-01
13357610,billion,sport@ex.com,+1-512-2286,Upon,2026-05-20
840723667,hospital,issue@ex.com,+1-450-6690,Break,2026-10-11
800556292,democratic,stop@ex.com,+1-912-6240,Argue,2026-12-17
418694130,board,every@ex.com,+1-585-6450,About,2026-06-25
406567655,consider,adult@ex.com,+1-817-3155,High,2026-06-11
469864548,often,animal@ex.com,+1-745-9442,Recently,2026-05-28
911429385,six,degree@ex.com,+1-450-7457,Yet,2026-11-19
359368694,investment,three@ex.com,+1-335-2059,Painting,2026-12-03
819504059,sit,social@ex.com,+1-805-2937,Simple,2026-07-07
295571501,middle,manage@ex.com,+1-477-6026,Task,2026-11-19
908749704,Democrat,argue@ex.com,+1-823-4689,Wish,2026-02-10
874772946,window,there@ex.com,+1-543-7917,Send,2026-03-24
530413883,source,decide@ex.com,+1-854-6905,Ago,2026-05-23
1442384,article,lawyer@ex.com,+1-203-9729,Commercial,2026-04-15
413383819,agree,black@ex.com,+1-963-6773,Writer,2026-04-03
556169378,just,song@ex.com,+1-139-5652,Floor,2026-06-28
522378811,owner,laugh@ex.com,+1-747-2218,Money,2026-12-10
866726709,vote,do@ex.com,+1-434-2925,Win,2026-12-06
558952220,per,energy@ex.com,+1-814-3247,Meeting,2026-10-05
650334099,animal,before@ex.com,+1-336-3484,Worker,2026-01-16
189327488,unit,fill@ex.com,+1-258-1767,Vote,2026-09-27
97480828,mission,tax@ex.com,+1-880-4527,Six,2026-12-25
20693578,family,wind@ex.com,+1-823-9878,Future,2026-09-05
68125246,indeed,yes@ex.com,+1-130-6059,Hour,2026-09-10
417356520,all,better@ex.com,+1-429-7828,Realize,2026-05-26
362367529,build,toward@ex.com,+1-913-3903,Eye,2026-01-02
426271588,politics,near@ex.com,+1-414-4914,Speech,2026-04-18
863398144,pattern,if@ex.com,+1-299-6784,Since,2026-03-12
803692534,can,nor@ex.com,+1-346-5153,Huge,2026-12-13
625222386,book,color@ex.com,+1-975-5055,Apply,2026-05-02
812410427,impact,instead@ex.com,+1-825-9754,Thus,2026-05-21
577609267,Mr,production@ex.com,+1-787-2990,Another,2026-04-17
278430763,century,relate@ex.com,+1-724-3279,Movie,2026-09-26
994021439,marriage,tonight@ex.com,+1-922-3537,Hard,2026-09-16
203626267,strategy,improve@ex.com,+1-748-5538,Against,2026-10-13
34718396,few,short@ex.com,+1-747-5635,Serve,2026-09-10
68009917,reflect,star@ex.com,+1-905-2362,Treat,2026-12-09
341440863,child,special@ex.com,+1-450-2728,Wonder,2026-11-10
570660480,over,action@ex.com,+1-197-6637,Film,2026-10-05
817616921,although,catch@ex.com,+1-858-6673,Clear,2026-03-02
703607780,door,reach@ex.com,+1-404-8218,Late,2026-11-07
97230457,thousand,could@ex.com,+1-113-2631,Child,2026-03-02
74574550,board,big@ex.com,+1-443-5380,Voice,2026-01-11
35248018,receive,wonder@ex.com,+1-499-3937,Although,2026-09-04
629280841,source,similar@ex.com,+1-447-6579,Guess,2026-01-13
558324495,forward,behind@ex.com,+1-902-9263,Position,2026-09-21
71504917,practice,before@ex.com,+1-829-5879,Matter,2026-10-14
920857521,series,likely@ex.com,+1-110-7397,Summer,2026-12-21
356446539,fight,too@ex.com,+1-415-7649,Manager,2026-08-20
571671070,continue,reveal@ex.com,+1-713-8101,Worry,2026-07-02
923091531,free,road@ex.com,+1-571-1910,They,2026-04-15
753051838,consider,southern@ex.com,+1-772-2240,Face,2026-04-01
645560737,teacher,as@ex.com,+1-520-3799,Building,2026-11-26
930986031,board,wind@ex.com,+1-192-2922,Effect,2026-03-17
110880753,step,key@ex.com,+1-750-4012,Professor,2026-03-09
460405976,effort,power@ex.com,+1-535-5781,Always,2026-10-01
418887004,thing,spend@ex.com,+1-484-5535,Class,2026-12-17
285105845,account,debate@ex.com,+1-484-7120,Continue,2026-11-04
425615396,during,responsibility@ex.com,+1-957-9805,Investment,2026-11-18
326844713,perform,society@ex.com,+1-961-7149,Question,2026-10-19
26585315,million,million@ex.com,+1-585-7427,Cell,2026-09-26
256228310,program,dark@ex.com,+1-294-8902,Join,2026-09-08
659596900,event,leader@ex.com,+1-143-9953,Who,2026-08-24
446908538,nor,page@ex.com,+1-779-8430,Mission,2026-11-19
478879430,guy,day@ex.com,+1-406-7194,Above,2026-11-05
277800978,hold,though@ex.com,+1-648-9277,Remember,2026-05-09
359534016,four,million@ex.com,+1-361-3655,Past,2026-07-11
322432014,board,bag@ex.com,+1-228-3233,Future,2026-12-03
325445395,very,mission@ex.com,+1-410-1329,Likely,2026-07-21
577883767,smile,or@ex.com,+1-552-1402,Outside,2026-05-08
498377782,pick,wonder@ex.com,+1-221-8228,Indicate,2026-07-12
547312101,usually,glass@ex.com,+1-302-6681,Audience,2026-11-08
598089253,explain,pattern@ex.com,+1-822-5400,Hundred,2026-04-24
340813752,control,ago@ex.com,+1-142-5268,Summer,2026-11-20
729890712,whose,whole@ex.com,+1-480-3678,Short,2026-02-22
363979370,why,performance@ex.com,+1-604-2607,Music,2026-02-10
222659734,doctor,article@ex.com,+1-159-4408,Particular,2026-10-07
738736097,mother,method@ex.com,+1-769-1216,Receive,2026-10-03
772389853,child,start@ex.com,+1-213-4511,Rate,2026-06-19
456946610,work,allow@ex.com,+1-794-4326,Work,2026-09-09
545135670,win,someone@ex.com,+1-445-5873,Serve,2026-05-24
459221907,once,now@ex.com,+1-928-8413,Now,2026-12-26
317169830,to,single@ex.com,+1-992-9714,A,2026-04-02
254870856,note,Republican@ex.com,+1-778-7222,Visit,2026-12-17
518362082,floor,very@ex.com,+1-495-7735,Own,2026-12-23
470508394,system,source@ex.com,+1-156-1037,Resource,2026-05-26
613144197,media,image@ex.com,+1-904-8410,Goal,2026-01-05
941112683,data,as@ex.com,+1-280-2668,Close,2026-04-05
920277516,effort,use@ex.com,+1-442-3937,Stuff,2026-10-11
914787023,a,toward@ex.com,+1-209-8949,Production,2026-03-01
34303206,through,fight@ex.com,+1-700-5848,Whole,2026-11-18
931313358,upon,among@ex.com,+1-661-6020,World,2026-10-09
919216426,role,own@ex.com,+1-368-6337,Analysis,2026-07-09
742656610,mean,husband@ex.com,+1-102-2182,Price,2026-09-09
984197281,family,box@ex.com,+1-350-6707,Heart,2026-12-14
695960728,beat,follow@ex.com,+1-352-6984,That,2026-06-05
334145081,single,issue@ex.com,+1-293-5532,Painting,2026-11-18
694662778,surface,drop@ex.com,+1-899-7817,Executive,2026-01-20
171997239,language,goal@ex.com,+1-637-4291,Force,2026-03-10
400821951,major,affect@ex.com,+1-705-7177,Technology,2026-12-07
865312980,fact,teach@ex.com,+1-782-6141,Them,2026-10-19
527874879,wide,event@ex.com,+1-874-4534,Guess,2026-03-03
676640760,decade,firm@ex.com,+1-887-4012,Loss,2026-05-04
274731514,late,family@ex.com,+1-820-7626,Generation,2026-11-17
82237029,believe,range@ex.com,+1-712-2540,Five,2026-08-24
530838619,something,task@ex.com,+1-730-6840,Change,2026-06-06
169337377,catch,pressure@ex.com,+1-158-3383,Above,2026-07-15
125175454,move,measure@ex.com,+1-845-1712,Then,2026-05-05
597031680,watch,another@ex.com,+1-952-6315,Moment,2026-03-07
91355834,design,performance@ex.com,+1-742-2387,Well,2026-04-11
645425754,moment,break@ex.com,+1-633-4549,Last,2026-04-22
584774135,professional,its@ex.com,+1-377-6069,Dog,2026-03-28
518297461,like,theory@ex.com,+1-358-6476,Less,2026-02-12
257190501,reflect,life@ex.com,+1-340-4162,Eight,2026-01-12
192576896,box,key@ex.com,+1-610-7127,Special,2026-02-08
650173315,close,individual@ex.com,+1-504-9360,Avoid,2026-01-11
439059883,poor,most@ex.com,+1-489-3781,Reveal,2026-07-07
446544732,be,operation@ex.com,+1-498-2357,President,2026-03-23
7222622,win,summer@ex.com,+1-242-3238,Enter,2026-07-19
877616419,behind,drop@ex.com,+1-793-1749,Single,2026-03-17
351409416,garden,find@ex.com,+1-261-2640,Others,2026-11-04
613286701,party,body@ex.com,+1-384-3985,Defense,2026-12-12
164009718,miss,cause@ex.com,+1-205-9536,Nothing,2026-03-05
136977801,event,Congress@ex.com,+1-533-6373,News,2026-01-12
24442229,lay,those@ex.com,+1-651-9309,East,2026-05-05
68969357,single,respond@ex.com,+1-339-6349,Through,2026-04-26
833576128,where,down@ex.com,+1-133-2616,Media,2026-11-11
461722830,base,become@ex.com,+1-205-2918,Language,2026-10-18
234535661,attention,agreement@ex.com,+1-812-5813,Work,2026-06-17
781128039,author,tree@ex.com,+1-477-2904,Fact,2026-08-08
670006911,black,event@ex.com,+1-379-2781,Human,2026-07-09
470626054,different,owner@ex.com,+1-232-3128,Citizen,2026-09-19
874004400,turn,class@ex.com,+1-475-6035,Good,2026-06-23
202656373,chance,indeed@ex.com,+1-889-9557,Main,2026-04-17
434010707,onto,his@ex.com,+1-480-7771,Short,2026-01-22
295670060,moment,drive@ex.com,+1-681-5632,Rather,2026-12-04
774703990,society,determine@ex.com,+1-723-3306,Standard,2026-11-06
37563299,human,east@ex.com,+1-237-7835,Quite,2026-06-10
461113104,food,meet@ex.com,+1-541-1748,Article,2026-12-03
493026114,use,accept@ex.com,+1-808-4279,Sister,2026-08-19
319368322,unit,wide@ex.com,+1-428-3959,Sing,2026-02-16
847988119,future,company@ex.com,+1-885-9661,Operation,2026-10-05
645791087,modern,head@ex.com,+1-249-2838,Often,2026-04-15
171840724,audience,apply@ex.com,+1-951-7032,Seven,2026-01-18
468608665,until,Congress@ex.com,+1-386-3303,Suddenly,2026-01-07
827107189,modern,others@ex.com,+1-484-9415,Black,2026-06-09
558506485,by,expect@ex.com,+1-396-5831,Economy,2026-10-13
687640286,yet,move@ex.com,+1-812-7582,Pm,2026-07-10
648028322,money,mother@ex.com,+1-746-1943,Despite,2026-05-01
565705514,focus,letter@ex.com,+1-372-7210,Federal,2026-06-19
142126031,debate,huge@ex.com,+1-609-8410,Relate,2026-12-22
871946925,guess,even@ex.com,+1-151-8005,Discuss,2026-01-16
778080322,physical,big@ex.com,+1-979-5203,Computer,2026-08-20
360725654,health,the@ex.com,+1-804-2491,Stand,2026-11-26
728458443,drive,area@ex.com,+1-825-8405,Participant,2026-04-12
390222067,base,thought@ex.com,+1-966-6494,Others,2026-04-22
39691168,however,dinner@ex.com,+1-373-8472,Each,2026-02-04
981232561,sign,record@ex.com,+1-531-9879,All,2026-06-22
785639618,left,avoid@ex.com,+1-967-9259,Each,2026-09-01
527852884,everything,to@ex.com,+1-310-5614,Class,2026-08-04
282211980,vote,once@ex.com,+1-549-2928,Animal,2026-08-17
56922542,information,answer@ex.com,+1-794-9936,Without,2026-11-21
945395170,thousand,see@ex.com,+1-668-3008,Prepare,2026-03-12
270084979,be,development@ex.com,+1-608-1518,Book,2026-03-11
174401388,own,state@ex.com,+1-151-1430,Red,2026-08-19
649881465,tend,apply@ex.com,+1-328-9529,And,2026-01-25
39024345,audience,old@ex.com,+1-316-7839,Figure,2026-02-28
445930441,actually,relationship@ex.com,+1-565-7212,Prevent,2026-03-11
51087480,management,start@ex.com,+1-880-8871,Her,2026-05-22
585345028,of,author@ex.com,+1-114-7823,Magazine,2026-02-04
707858003,among,individual@ex.com,+1-899-4522,Indeed,2026-06-26
658875240,receive,both@ex.com,+1-382-6010,Attack,2026-03-14
812267020,its,rule@ex.com,+1-667-6685,Behind,2026-05-06
513620024,have,way@ex.com,+1-326-9559,Move,2026-04-05
140174558,its,yourself@ex.com,+1-832-9799,Maybe,2026-03-20
928886851,control,though@ex.com,+1-268-3645,Local,2026-06-08
221292295,expert,along@ex.com,+1-386-3090,Reduce,2026-04-16
98322472,benefit,production@ex.com,+1-184-3989,Major,2026-11-22
456879592,report,few@ex.com,+1-925-8433,Prove,2026-03-10
722009782,could,if@ex.com,+1-650-6101,The,2026-04-13
526927609,environmental,one@ex.com,+1-141-1761,Action,2026-04-25
912459182,form,never@ex.com,+1-885-1446,Visit,2026-03-07
302069680,author,current@ex.com,+1-277-5242,Among,2026-10-16
81144281,development,remain@ex.com,+1-310-3391,Condition,2026-07-23
884454690,task,without@ex.com,+1-313-2564,Carry,2026-12-28
962173754,about,avoid@ex.com,+1-882-9178,Child,2026-02-05
701488245,pressure,court@ex.com,+1-239-6737,Traditional,2026-05-23
650180830,number,south@ex.com,+1-860-7305,Your,2026-12-08
321966552,product,local@ex.com,+1-998-3295,Trial,2026-12-13
22141434,study,explain@ex.com,+1-920-7042,Time,2026-03-11
84642474,agree,move@ex.com,+1-637-6950,Including,2026-12-18
24993570,image,center@ex.com,+1-527-4765,Including,2026-07-08
234115586,early,hand@ex.com,+1-821-6983,State,2026-05-21
230122754,there,pretty@ex.com,+1-328-8891,Win,2026-02-23
188858713,while,charge@ex.com,+1-657-4623,Create,2026-03-04
784139049,traditional,to@ex.com,+1-826-2677,Start,2026-01-22
80807878,like,each@ex.com,+1-539-2359,Adult,2026-02-17
667145952,ever,out@ex.com,+1-463-3274,Off,2026-09-14
922266496,beautiful,way@ex.com,+1-674-7673,Trip,2026-05-09
228292913,onto,note@ex.com,+1-420-2325,Involve,2026-02-05
139674629,knowledge,home@ex.com,+1-276-3805,Only,2026-04-21
396738182,child,maintain@ex.com,+1-959-1894,Score,2026-10-12
140772855,worry,college@ex.com,+1-471-4599,Will,2026-06-22
386006613,establish,use@ex.com,+1-710-4077,Economy,2026-04-06
998364991,capital,building@ex.com,+1-216-6636,Hold,2026-02-24
626523726,indeed,attack@ex.com,+1-861-3576,Decide,2026-01-24
605687676,control,relate@ex.com,+1-311-1082,Would,2026-05-13
739588456,decade,history@ex.com,+1-645-7420,Number,2026-12-17
410114983,mean,local@ex.com,+1-533-2326,Water,2026-12-12
891181208,old,a@ex.com,+1-537-1456,Culture,2026-11-07
290590909,believe,before@ex.com,+1-939-3068,Those,2026-06-12
891893807,man,process@ex.com,+1-804-4527,Cold,2026-06-20
664165918,think,win@ex.com,+1-668-5369,Much,2026-07-13
231920897,hear,day@ex.com,+1-957-5082,Could,2026-04-26
622101759,indicate,manager@ex.com,+1-279-8756,Bank,2026-02-17
75316427,force,throughout@ex.com,+1-345-5388,Wonder,2026-10-05
28121425,though,team@ex.com,+1-890-6747,Modern,2026-06-26
394641337,cultural,her@ex.com,+1-262-5552,Weight,2026-03-11
852893671,shake,participant@ex.com,+1-326-3881,Concern,2026-07-07
107588003,yes,ball@ex.com,+1-641-1472,Safe,2026-05-02
786662921,health,our@ex.com,+1-282-4948,View,2026-08-01
127692842,husband,event@ex.com,+1-144-8694,Author,2026-05-05
30678633,sort,become@ex.com,+1-939-7785,Seem,2026-05-17
751982239,peace,wish@ex.com,+1-362-5426,Look,2026-08-26
545703564,writer,better@ex.com,+1-256-8923,Should,2026-06-11
411809768,new,hair@ex.com,+1-968-1105,Myself,2026-05-23
234969470,make,hair@ex.com,+1-770-1429,Your,2026-09-05
996857580,now,over@ex.com,+1-433-2394,Real,2026-09-28
948460809,away,friend@ex.com,+1-665-3494,Speech,2026-12-16
832455817,top,you@ex.com,+1-100-8994,Data,2026-07-08
167415594,enough,human@ex.com,+1-764-3784,Cup,2026-01-19
43860278,never,coach@ex.com,+1-618-6351,Season,2026-03-27
114897929,goal,spend@ex.com,+1-962-4527,Show,2026-06-26
660543166,apply,really@ex.com,+1-230-9145,Prove,2026-08-09
329956918,eight,ok@ex.com,+1-338-9841,Leader,2026-08-22
397430064,agency,bank@ex.com,+1-883-8668,Mouth,2026-07-27
222804804,word,remain@ex.com,+1-614-8750,Land,2026-09-20
562080905,power,chance@ex.com,+1-626-9821,Those,2026-11-10
243786928,guess,few@ex.com,+1-494-5487,Religious,2026-05-15
551929700,force,find@ex.com,+1-112-5067,Drive,2026-08-12
547169418,notice,speech@ex.com,+1-220-6050,Six,2026-07-11
860328289,piece,food@ex.com,+1-313-1210,Itself,2026-06-28
124851195,student,recently@ex.com,+1-249-7081,Performance,2026-05-24
77104170,culture,short@ex.com,+1-592-3907,Because,2026-12-09
600301526,training,group@ex.com,+1-477-5719,Security,2026-08-03
581327106,white,matter@ex.com,+1-375-6218,Player,2026-09-23
224873114,weight,feeling@ex.com,+1-895-9500,Particular,2026-02-06
136045135,language,key@ex.com,+1-454-4197,Born,2026-08-08
811230887,successful,walk@ex.com,+1-353-7598,Especially,2026-07-26
724808405,guy,member@ex.com,+1-519-3190,Above,2026-12-23
694994632,former,guess@ex.com,+1-552-8802,Education,2026-02-08
616715644,present,same@ex.com,+1-131-1936,Laugh,2026-03-03
410975816,experience,someone@ex.com,+1-739-5836,Party,2026-04-03
487523873,later,talk@ex.com,+1-724-3560,Inside,2026-09-08
136807833,at,wind@ex.com,+1-141-3960,Perform,2026-04-28
865879844,teacher,politics@ex.com,+1-905-6223,Talk,2026-07-21
874696068,positive,board@ex.com,+1-912-6401,Too,2026-03-27
345387003,happen,policy@ex.com,+1-323-6717,Two,2026-11-10
272228055,available,attention@ex.com,+1-236-3377,Purpose,2026-07-05
166061302,push,tough@ex.com,+1-156-6358,Or,2026-02-07
194788591,authority,girl@ex.com,+1-212-3504,Miss,2026-08-16
14472935,create,expert@ex.com,+1-474-9225,Note,2026-10-05
254283095,line,Mr@ex.com,+1-348-9328,Person,2026-08-17
760222148,worry,kind@ex.com,+1-575-9791,Front,2026-06-21
961437673,anything,instead@ex.com,+1-363-8361,Keep,2026-08-26
311481099,rather,wall@ex.com,+1-959-1047,Voice,2026-10-28
317639798,human,use@ex.com,+1-515-9754,Instead,2026-05-25
648646937,term,more@ex.com,+1-546-8378,Data,2026-12-16
62082946,can,mouth@ex.com,+1-168-4314,Number,2026-04-10
818231751,decide,customer@ex.com,+1-471-9093,Gun,2026-08-05
127463021,short,two@ex.com,+1-211-9351,Gun,2026-06-27
789151841,public,drive@ex.com,+1-301-7244,Program,2026-02-16
199893630,card,process@ex.com,+1-967-4928,Year,2026-02-04
391858385,smile,pay@ex.com,+1-891-4504,Theory,2026-02-11
254890993,big,own@ex.com,+1-108-7325,Until,2026-09-10
3633005,approach,out@ex.com,+1-686-6338,Hundred,2026-07-06
435289801,impact,because@ex.com,+1-532-8140,Future,2026-04-03
647076228,may,finish@ex.com,+1-693-2183,Card,2026-09-17
665812683,feeling,thing@ex.com,+1-612-1865,Establish,2026-05-23
43289496,a,cell@ex.com,+1-261-9775,Fire,2026-07-20
375368674,peace,total@ex.com,+1-223-4209,Physical,2026-06-04
959284237,current,part@ex.com,+1-667-7657,Else,2026-01-13
266798210,each,onto@ex.com,+1-484-8209,Left,2026-08-21
216238153,meet,who@ex.com,+1-101-5718,Born,2026-11-13
558463832,economy,change@ex.com,+1-978-9289,Effect,2026-09-02
249753884,human,moment@ex.com,+1-913-3322,Choose,2026-03-03
91874942,tree,method@ex.com,+1-781-3707,Show,2026-12-12
858440171,political,fine@ex.com,+1-144-3277,Your,2026-04-05
615169044,officer,ball@ex.com,+1-962-6691,We,2026-08-24
524276040,rather,grow@ex.com,+1-147-2581,Central,2026-07-22
192514211,laugh,significant@ex.com,+1-525-4194,Hour,2026-10-24
953783645,suggest,nothing@ex.com,+1-727-5008,Question,2026-01-26
700222799,southern,itself@ex.com,+1-259-8876,Industry,2026-06-06
827931629,run,common@ex.com,+1-799-5517,Statement,2026-03-23
481436165,skin,never@ex.com,+1-271-8485,Key,2026-08-01
582479915,many,push@ex.com,+1-800-7876,Support,2026-09-24
979327091,build,run@ex.com,+1-512-6507,Find,2026-05-20
285475024,level,girl@ex.com,+1-864-4658,Unit,2026-10-12
111008212,rate,tend@ex.com,+1-108-4199,Language,2026-12-19
672888759,sense,already@ex.com,+1-138-3214,Ground,2026-08-05
306078683,part,others@ex.com,+1-294-6071,Interest,2026-01-17
718253446,western,return@ex.com,+1-155-2014,Hair,2026-01-04
777659698,speech,question@ex.com,+1-448-3554,Event,2026-10-20
700090591,kid,live@ex.com,+1-959-7989,Environment,2026-10-17
943802349,voice,include@ex.com,+1-745-6851,Type,2026-06-08
806933041,hair,chance@ex.com,+1-316-9191,Future,2026-10-18
888606049,spend,election@ex.com,+1-858-7777,Environment,2026-04-02
62990677,network,help@ex.com,+1-830-4761,When,2026-08-26
723504577,professor,stuff@ex.com,+1-390-4210,Represent,2026-08-25
200598512,which,decide@ex.com,+1-289-2759,Inside,2026-05-07
611560514,exactly,form@ex.com,+1-843-2923,Blood,2026-05-19
341898422,I,simply@ex.com,+1-291-9005,Choose,2026-07-09
454643724,more,central@ex.com,+1-738-4289,Yard,2026-08-07
177538836,source,most@ex.com,+1-986-9577,Instead,2026-01-28
264785728,seem,hand@ex.com,+1-144-2985,Significant,2026-10-13
956999215,appear,west@ex.com,+1-127-3072,Wife,2026-01-08
747905235,visit,send@ex.com,+1-734-6153,Child,2026-10-05
684744082,then,yes@ex.com,+1-770-3268,Interview,2026-04-22
243731295,continue,read@ex.com,+1-911-3192,City,2026-03-22
655162653,network,kid@ex.com,+1-150-6347,Meet,2026-02-28
912335927,baby,executive@ex.com,+1-797-8792,Certainly,2026-04-24
542338786,myself,key@ex.com,+1-324-2268,Green,2026-01-25
428031203,hair,event@ex.com,+1-562-5329,Full,2026-11-08
204932696,individual,significant@ex.com,+1-323-4707,Unit,2026-04-25
172799452,find,recognize@ex.com,+1-744-3765,Couple,2026-08-22
902088457,road,listen@ex.com,+1-510-2078,Toward,2026-05-23
926209873,second,blue@ex.com,+1-483-6525,Add,2026-09-13
759832832,discover,board@ex.com,+1-259-7735,Key,2026-11-02
518720807,become,down@ex.com,+1-245-3548,Range,2026-02-10
623570924,together,member@ex.com,+1-826-8391,Him,2026-06-12
685698431,good,improve@ex.com,+1-222-7755,Standard,2026-01-18
801020345,garden,cell@ex.com,+1-442-8462,Space,2026-10-09
809157217,what,management@ex.com,+1-159-2007,Those,2026-02-01
346446108,quite,deep@ex.com,+1-825-6809,This,2026-01-28
86930992,spend,across@ex.com,+1-512-5399,Stop,2026-09-16
472215931,where,force@ex.com,+1-128-9254,Truth,2026-11-05
330123270,activity,this@ex.com,+1-683-9432,Mother,2026-12-06
582422120,special,report@ex.com,+1-536-9197,Five,2026-03-12
120463955,enough,magazine@ex.com,+1-547-7111,Those,2026-04-28
373782007,strong,word@ex.com,+1-153-8647,A,2026-04-14
949485893,his,Republican@ex.com,+1-122-8955,Lay,2026-03-19
368379409,within,not@ex.com,+1-927-3971,Too,2026-10-04
966959084,officer,art@ex.com,+1-919-3105,Boy,2026-02-14
771966032,stand,prevent@ex.com,+1-266-3879,My,2026-02-03
891526113,southern,customer@ex.com,+1-695-2281,Administration,2026-07-17
897675727,police,enough@ex.com,+1-980-9692,Natural,2026-06-22
438189955,late,star@ex.com,+1-968-9025,Charge,2026-04-16
668305213,health,surface@ex.com,+1-244-9548,Thus,2026-11-25
419309713,public,TV@ex.com,+1-518-9745,Purpose,2026-01-19
381831596,spring,unit@ex.com,+1-700-2632,Institution,2026-05-07
74477967,include,down@ex.com,+1-908-9574,Too,2026-12-26
49851946,participant,use@ex.com,+1-200-5955,Physical,2026-11-07
704967420,event,power@ex.com,+1-445-1044,Road,2026-12-06
385261693,eat,year@ex.com,+1-538-2074,Second,2026-01-07
167198,class,decide@ex.com,+1-540-9689,Whole,2026-05-14
976432024,hope,start@ex.com,+1-772-3660,Attention,2026-10-21
882906248,ahead,option@ex.com,+1-238-2051,Budget,2026-08-22
175213796,again,among@ex.com,+1-380-1645,Stay,2026-01-10
651974870,health,next@ex.com,+1-631-1666,Another,2026-09-03
915029831,modern,we@ex.com,+1-905-9706,Old,2026-08-26
687277068,article,key@ex.com,+1-785-7468,Article,2026-07-01
514182956,operation,type@ex.com,+1-413-4536,Everyone,2026-07-06
94550618,church,like@ex.com,+1-726-7865,Among,2026-05-26
928388522,instead,free@ex.com,+1-706-4697,Really,2026-07-11
113160094,wind,news@ex.com,+1-505-5720,One,2026-03-07
56203039,task,team@ex.com,+1-655-2486,East,2026-03-10
583808858,paper,card@ex.com,+1-491-5668,Visit,2026-06-15
462454524,lose,store@ex.com,+1-895-1550,Yeah,2026-06-02
231021811,season,fly@ex.com,+1-125-9932,Congress,2026-08-11
853129354,trial,level@ex.com,+1-650-9515,Hit,2026-06-24
866287651,your,small@ex.com,+1-577-9748,Trip,2026-11-06
62810978,reveal,system@ex.com,+1-190-5722,Interest,2026-05-28
742979464,government,single@ex.com,+1-355-2985,Board,2026-05-11
680363902,him,interest@ex.com,+1-416-5425,Require,2026-03-03
701148516,nothing,mention@ex.com,+1-890-8714,These,2026-07-24
139030629,inside,local@ex.com,+1-883-7700,Including,2026-09-20
517757233,clear,scene@ex.com,+1-339-7965,Management,2026-07-03
26843490,finish,fine@ex.com,+1-136-4421,Current,2026-09-23
646466657,tax,account@ex.com,+1-192-1281,Piece,2026-02-23
800418066,language,force@ex.com,+1-663-3836,Under,2026-10-10
363391837,unit,glass@ex.com,+1-678-4006,Clearly,2026-03-20
856888865,senior,Democrat@ex.com,+1-443-4364,Spring,2026-07-01
436867752,activity,wide@ex.com,+1-830-1591,Everyone,2026-04-10
324823540,leave,difficult@ex.com,+1-120-9625,Degree,2026-04-19
587131673,arrive,yes@ex.com,+1-867-5171,During,2026-05-22
231443727,small,herself@ex.com,+1-638-6777,Accept,2026-04-18
833631415,yes,call@ex.com,+1-196-6854,Example,2026-08-28
465277978,stay,economic@ex.com,+1-885-9269,Administration,2026-11-04
525026255,manager,instead@ex.com,+1-171-3357,Never,2026-03-01
455610848,response,after@ex.com,+1-861-7660,Speech,2026-02-09
325318326,expect,debate@ex.com,+1-564-7976,Send,2026-12-28
990636949,too,reveal@ex.com,+1-649-1174,Feeling,2026-06-12
932390775,citizen,national@ex.com,+1-986-4097,Example,2026-11-28
942778887,along,task@ex.com,+1-391-1764,Have,2026-03-11
374398545,poor,ago@ex.com,+1-430-5916,Among,2026-12-22
556667103,mind,meeting@ex.com,+1-972-7066,Away,2026-01-01
326947827,kid,seem@ex.com,+1-935-5688,Full,2026-05-24
770384025,property,safe@ex.com,+1-473-6009,Nature,2026-06-27
994177946,six,recognize@ex.com,+1-126-8519,Beat,2026-03-05
495595794,laugh,idea@ex.com,+1-943-7802,Reflect,2026-02-15
375918974,for,five@ex.com,+1-564-9010,Traditional,2026-12-28
145276557,smile,start@ex.com,+1-108-7085,Dark,2026-10-19
53587210,peace,PM@ex.com,+1-572-3432,Inside,2026-03-10
150490694,station,politics@ex.com,+1-430-2927,Measure,2026-05-22
996389954,score,blood@ex.com,+1-119-6270,Game,2026-03-26
33469431,raise,bring@ex.com,+1-374-3020,Kid,2026-03-05
874615049,tend,five@ex.com,+1-190-2728,Wind,2026-12-11
845963565,interview,keep@ex.com,+1-276-2096,Each,2026-01-12
140327836,fly,bar@ex.com,+1-887-5569,Though,2026-11-09
375426558,cost,will@ex.com,+1-752-9548,Different,2026-04-20
926846151,major,yeah@ex.com,+1-188-3292,Attorney,2026-08-05
368283891,difficult,remain@ex.com,+1-633-1386,Example,2026-11-15
920450820,spring,single@ex.com,+1-895-3515,Control,2026-02-18
909848211,mother,hand@ex.com,+1-627-3611,Still,2026-04-22
431550464,hit,student@ex.com,+1-850-6733,Work,2026-02-28
673674203,see,member@ex.com,+1-147-4759,Activity,2026-09-13
914883676,mention,husband@ex.com,+1-623-8454,Hear,2026-04-23
135645971,reason,area@ex.com,+1-371-5691,Reduce,2026-04-04
623853862,suggest,beautiful@ex.com,+1-420-6849,Describe,2026-05-13
881301100,whatever,blood@ex.com,+1-489-3945,Level,2026-04-26
108290495,society,open@ex.com,+1-243-8101,Now,2026-05-09
696226444,wall,husband@ex.com,+1-610-9741,Late,2026-12-16
909437831,near,drop@ex.com,+1-188-7115,Control,2026-09-10
138198633,leader,those@ex.com,+1-983-4996,People,2026-03-28
515619029,level,smile@ex.com,+1-569-8319,Trip,2026-07-12
399089274,blue,teacher@ex.com,+1-885-3996,Likely,2026-12-22
89240756,somebody,measure@ex.com,+1-783-7478,Stop,2026-01-01
124267345,involve,key@ex.com,+1-546-2975,Rather,2026-09-05
397037798,mouth,kind@ex.com,+1-974-8259,Although,2026-10-05
103708990,place,buy@ex.com,+1-100-6028,Treatment,2026-03-17
42704548,space,series@ex.com,+1-991-5737,Natural,2026-12-09
400499284,cell,out@ex.com,+1-641-2789,Truth,2026-06-07
579065729,agree,cultural@ex.com,+1-459-2309,Production,2026-12-14
883126896,owner,television@ex.com,+1-472-4469,Fact,2026-06-09
844241812,lose,operation@ex.com,+1-773-7930,Some,2026-09-01
717284929,do,debate@ex.com,+1-575-3514,Seek,2026-03-21
262018125,car,catch@ex.com,+1-298-7762,Like,2026-09-10
273712193,there,suggest@ex.com,+1-940-3230,Rate,2026-01-23
860961181,sport,reach@ex.com,+1-195-8338,Visit,2026-01-25
225929995,north,too@ex.com,+1-718-8247,Case,2026-02-16
811465568,now,sort@ex.com,+1-312-9261,Social,2026-04-12
579171814,study,that@ex.com,+1-145-5428,Long,2026-12-05
737515893,different,four@ex.com,+1-936-9519,Program,2026-12-12
522197464,could,society@ex.com,+1-225-4931,Upon,2026-11-19
533758812,a,order@ex.com,+1-277-4393,Effort,2026-03-18
791035269,them,everybody@ex.com,+1-715-3879,Glass,2026-10-02
873208844,recent,situation@ex.com,+1-111-7985,Mention,2026-04-04
553004116,deal,local@ex.com,+1-400-4163,Report,2026-07-19
143285555,even,if@ex.com,+1-957-5874,Yet,2026-04-20
635883441,model,work@ex.com,+1-217-7618,Court,2026-08-21
359777126,word,necessary@ex.com,+1-311-8602,Election,2026-11-22
368466843,painting,develop@ex.com,+1-261-8626,Above,2026-03-13
325511749,fight,western@ex.com,+1-790-1465,Along,2026-10-19
820571765,be,president@ex.com,+1-551-9664,Strategy,2026-12-16
966905009,record,make@ex.com,+1-378-6402,Community,2026-06-13
882199850,exist,yourself@ex.com,+1-522-6496,Level,2026-03-24
733604744,would,high@ex.com,+1-859-4752,Anything,2026-01-19
588354045,message,wind@ex.com,+1-685-2630,Guess,2026-11-01
810658446,bad,network@ex.com,+1-439-7973,Few,2026-06-25
483753251,position,test@ex.com,+1-761-2160,Son,2026-03-15
639158507,push,side@ex.com,+1-572-5893,Owner,2026-03-19
588725429,or,meeting@ex.com,+1-412-1513,Floor,2026-04-18
372233110,too,future@ex.com,+1-310-3756,Analysis,2026-08-26
776011831,another,former@ex.com,+1-356-6751,Chair,2026-06-18
488890032,wonder,film@ex.com,+1-890-5513,Rate,2026-04-06
259655726,different,central@ex.com,+1-337-6332,Call,2026-12-06
508685230,cultural,again@ex.com,+1-542-3827,Just,2026-01-23
864505609,sea,food@ex.com,+1-286-7470,Current,2026-02-02
981476741,alone,will@ex.com,+1-976-3045,Indicate,2026-02-15
839737463,administration,PM@ex.com,+1-525-9549,Measure,2026-08-16
840538861,already,follow@ex.com,+1-611-9087,Above,2026-09-14
855631660,type,true@ex.com,+1-991-5844,Democratic,2026-11-03
322911072,through,customer@ex.com,+1-910-6129,Group,2026-07-11
75967072,unit,little@ex.com,+1-814-6134,Child,2026-04-27
496403743,among,camera@ex.com,+1-143-3900,Yourself,2026-09-24
67425751,music,look@ex.com,+1-519-8415,Difficult,2026-12-25
323193728,respond,early@ex.com,+1-280-8668,Husband,2026-10-11
152657605,also,together@ex.com,+1-550-6736,Type,2026-03-10
451298608,they,life@ex.com,+1-630-7334,Make,2026-03-20
647685718,join,man@ex.com,+1-334-7456,Manager,2026-12-23
210810895,to,help@ex.com,+1-382-4684,Third,2026-03-10
736730450,race,cell@ex.com,+1-898-7019,Down,2026-10-14
891106750,opportunity,successful@ex.com,+1-126-9284,Accept,2026-03-09
735640738,six,dog@ex.com,+1-527-5497,Court,2026-07-22
980106268,since,unit@ex.com,+1-727-3387,Themselves,2026-06-18
455692477,vote,away@ex.com,+1-511-1684,Organization,2026-10-20
909908271,never,however@ex.com,+1-649-3452,Wide,2026-04-01
200425526,environmental,door@ex.com,+1-405-6004,Student,2026-09-02
260718300,writer,performance@ex.com,+1-231-5849,Decade,2026-02-01
985819712,me,pretty@ex.com,+1-502-2435,There,2026-07-20
421677514,guess,owner@ex.com,+1-418-1046,Box,2026-09-14
975371006,difference,spring@ex.com,+1-435-4054,Person,2026-09-05
928009393,its,manager@ex.com,+1-351-1017,Condition,2026-11-25
833091997,occur,fire@ex.com,+1-542-8317,Culture,2026-10-04
158521433,pressure,true@ex.com,+1-429-6280,Write,2026-01-27
627092199,onto,difficult@ex.com,+1-751-7762,Study,2026-11-18
294652424,five,note@ex.com,+1-479-4266,Trip,2026-03-06
433565232,store,once@ex.com,+1-235-6320,I,2026-09-08
480496648,travel,lay@ex.com,+1-532-9633,Culture,2026-05-18
500502555,it,rich@ex.com,+1-814-1134,Seat,2026-02-17
235260204,dog,conference@ex.com,+1-655-5920,Business,2026-02-27
146636677,drive,prevent@ex.com,+1-769-5373,Site,2026-03-10
630860083,child,information@ex.com,+1-735-4455,Identify,2026-09-27
11358094,whole,factor@ex.com,+1-574-8027,Record,2026-07-18
266026191,four,view@ex.com,+1-902-4642,Memory,2026-05-10
988704417,main,piece@ex.com,+1-805-9457,Hear,2026-10-27
665365336,next,economic@ex.com,+1-488-9428,Ever,2026-10-22
821801671,point,guy@ex.com,+1-682-7585,Debate,2026-11-04
691645582,know,food@ex.com,+1-302-3897,Majority,2026-11-27
723690582,good,leave@ex.com,+1-546-4952,Fine,2026-02-03
990772463,political,their@ex.com,+1-286-7476,Whom,2026-12-19
855108727,issue,everybody@ex.com,+1-789-7581,Simply,2026-05-10
108374810,hot,inside@ex.com,+1-130-9326,Ago,2026-06-23
463949744,subject,energy@ex.com,+1-456-5278,Different,2026-10-22
358696621,exist,man@ex.com,+1-126-1831,Key,2026-10-13
909737833,society,population@ex.com,+1-790-9085,Seem,2026-08-13
441141546,smile,stock@ex.com,+1-357-6365,South,2026-09-14
397185162,interesting,husband@ex.com,+1-559-6734,While,2026-09-09
363953324,television,recognize@ex.com,+1-139-5666,Individual,2026-05-28
832337236,with,lead@ex.com,+1-744-3186,Democratic,2026-04-09
624710368,weight,offer@ex.com,+1-830-7017,Along,2026-09-01
119112765,type,five@ex.com,+1-410-1084,Finish,2026-08-09
371224389,notice,late@ex.com,+1-247-2834,Throughout,2026-03-03
38922780,become,why@ex.com,+1-924-3422,Enough,2026-08-28
195715280,let,onto@ex.com,+1-576-1633,Establish,2026-06-25
930687518,in,anyone@ex.com,+1-242-7022,Run,2026-06-12
155664587,especially,capital@ex.com,+1-288-4802,Often,2026-02-13
620186841,service,guess@ex.com,+1-344-3660,Up,2026-08-17
178890230,word,rich@ex.com,+1-872-7003,Recently,2026-01-21
362225665,fear,exactly@ex.com,+1-747-2176,When,2026-06-06
74299986,soldier,whose@ex.com,+1-728-2057,Green,2026-02-22
398779357,really,program@ex.com,+1-938-6238,Produce,2026-10-08
553819571,off,great@ex.com,+1-753-6131,Different,2026-03-15
665495644,prepare,woman@ex.com,+1-598-9207,Store,2026-06-28
199099816,not,tonight@ex.com,+1-423-8577,Leader,2026-07-14
800739334,however,glass@ex.com,+1-797-7993,Book,2026-12-14
899567049,task,total@ex.com,+1-390-9762,Fill,2026-03-19
160723317,we,pretty@ex.com,+1-195-7370,Will,2026-03-28
738449320,figure,explain@ex.com,+1-463-2970,Who,2026-09-11
456891172,president,rise@ex.com,+1-998-7968,Trip,2026-08-15
208990119,believe,resource@ex.com,+1-243-2608,Kind,2026-06-21
218290064,local,one@ex.com,+1-885-9059,Hear,2026-12-15
129436629,miss,become@ex.com,+1-945-9671,Character,2026-04-22
910438610,might,coach@ex.com,+1-801-7843,International,2026-08-08
31584988,speak,good@ex.com,+1-738-5084,Effort,2026-01-24
857781939,pattern,product@ex.com,+1-217-4093,Establish,2026-07-16
93457953,term,could@ex.com,+1-535-9856,Director,2026-01-21
438725503,figure,generation@ex.com,+1-448-8599,Hour,2026-03-27
116487615,skin,parent@ex.com,+1-941-5592,Population,2026-03-05
71487303,instead,difference@ex.com,+1-636-3778,Near,2026-09-19
327393883,wall,dog@ex.com,+1-229-5309,Control,2026-01-15
345856391,foot,write@ex.com,+1-609-3996,Order,2026-05-16
257906012,perform,year@ex.com,+1-603-6694,Wind,2026-08-03
753314094,many,service@ex.com,+1-701-6484,Audience,2026-07-06
654797857,late,response@ex.com,+1-112-2387,Image,2026-09-20
679152106,probably,prevent@ex.com,+1-376-6492,Spring,2026-01-19
67928096,condition,big@ex.com,+1-924-9172,Assume,2026-04-28
169987968,media,among@ex.com,+1-334-4725,Indeed,2026-11-15
146879317,time,time@ex.com,+1-552-6389,Fact,2026-01-13
389412491,manager,second@ex.com,+1-661-3840,Among,2026-10-11
272374991,finish,future@ex.com,+1-357-6194,Everyone,2026-07-18
918531065,know,good@ex.com,+1-117-9280,Strong,2026-05-17
651127384,people,recently@ex.com,+1-215-9701,Star,2026-10-19
433206370,near,this@ex.com,+1-941-2895,Run,2026-03-18
44485921,make,television@ex.com,+1-876-5002,Attack,2026-05-10
677662132,traditional,be@ex.com,+1-118-9753,Night,2026-05-20
335282828,consumer,ahead@ex.com,+1-816-9179,Prevent,2026-07-16
228188723,company,sort@ex.com,+1-379-9222,Improve,2026-01-12
569413441,when,age@ex.com,+1-441-9721,Enjoy,2026-12-10
195134189,movie,your@ex.com,+1-832-8868,Near,2026-05-20
506364797,might,talk@ex.com,+1-952-1715,To,2026-12-19
837600858,old,leave@ex.com,+1-948-9081,Tonight,2026-03-27
449411702,language,theory@ex.com,+1-198-7110,Western,2026-04-01
361014393,song,attention@ex.com,+1-133-3303,Above,2026-08-14
955128601,weight,fear@ex.com,+1-469-7927,Include,2026-03-01
82140625,send,send@ex.com,+1-915-3034,I,2026-07-11
904723164,thing,it@ex.com,+1-292-6777,Message,2026-08-01
519461192,image,picture@ex.com,+1-904-6627,Any,2026-02-27
350297675,former,central@ex.com,+1-277-8442,Yes,2026-06-21
754151669,should,imagine@ex.com,+1-187-3067,When,2026-05-07
112067160,garden,rise@ex.com,+1-726-8921,Music,2026-01-24
562026467,drive,option@ex.com,+1-851-2554,Life,2026-03-16
626256013,near,account@ex.com,+1-452-5434,As,2026-02-26
582305011,customer,man@ex.com,+1-265-7007,Or,2026-02-15
897536015,everybody,establish@ex.com,+1-370-5677,Success,2026-08-03
330956728,about,responsibility@ex.com,+1-450-7236,Operation,2026-07-11
638627415,hot,speech@ex.com,+1-781-5329,Later,2026-12-08
726354616,by,feeling@ex.com,+1-944-5094,Republican,2026-03-06
520855271,positive,here@ex.com,+1-844-2556,Woman,2026-06-07
871535190,human,already@ex.com,+1-480-7467,Anyone,2026-09-14
145547363,development,rock@ex.com,+1-981-8282,Team,2026-08-09
389595092,onto,series@ex.com,+1-603-1319,Amount,2026-06-12
942065407,even,time@ex.com,+1-169-4097,Grow,2026-12-21
670851893,degree,similar@ex.com,+1-791-9399,Social,2026-12-16
966020130,perform,bring@ex.com,+1-803-5124,Star,2026-02-20
408721221,how,order@ex.com,+1-745-1064,Minute,2026-10-21
934261651,away,director@ex.com,+1-780-2026,Second,2026-07-20
531543213,both,key@ex.com,+1-176-7542,Suffer,2026-07-08
390232877,adult,me@ex.com,+1-933-9665,Time,2026-01-14
611451494,right,yourself@ex.com,+1-442-4281,National,2026-07-24
964427296,significant,note@ex.com,+1-812-9809,Traditional,2026-06-14
730263650,space,professional@ex.com,+1-689-1361,Day,2026-03-23
595595824,itself,number@ex.com,+1-900-4277,People,2026-10-10
864555069,another,really@ex.com,+1-803-3106,Mind,2026-08-27
30939400,field,that@ex.com,+1-909-9748,Hear,2026-05-20
319982683,woman,standard@ex.com,+1-561-9126,Second,2026-05-15
388114026,hour,skill@ex.com,+1-529-1293,Time,2026-11-27
875443543,special,suggest@ex.com,+1-765-6251,Budget,2026-05-14
907429558,these,behavior@ex.com,+1-708-3952,Well,2026-06-26
923320453,writer,free@ex.com,+1-598-1802,Participant,2026-06-28
928044312,blood,born@ex.com,+1-125-1071,Many,2026-12-20
856307663,change,available@ex.com,+1-950-9145,Drug,2026-06-11
968756927,direction,throw@ex.com,+1-139-6368,Usually,2026-01-12
783707940,center,keep@ex.com,+1-786-8576,Blue,2026-07-17
120696263,much,go@ex.com,+1-555-9284,Less,2026-05-16
948250793,final,student@ex.com,+1-153-5503,Role,2026-03-09
863673816,well,people@ex.com,+1-785-5474,Parent,2026-01-16
139915444,north,record@ex.com,+1-515-1699,Current,2026-11-16
790222363,person,center@ex.com,+1-785-2526,Commercial,2026-02-11
309917782,maintain,few@ex.com,+1-160-1023,Size,2026-08-11
885967244,growth,speak@ex.com,+1-329-6528,Specific,2026-02-01
485466279,seem,food@ex.com,+1-246-8536,Thousand,2026-04-23
804694633,others,edge@ex.com,+1-747-5305,Idea,2026-08-16
532126189,benefit,tax@ex.com,+1-419-4357,Congress,2026-06-07
127372647,professional,ok@ex.com,+1-672-7959,Particular,2026-09-26
552075802,majority,war@ex.com,+1-814-6011,Friend,2026-07-26
883930050,south,culture@ex.com,+1-663-2054,Lawyer,2026-02-19
926783215,traditional,by@ex.com,+1-984-8807,Man,2026-01-01
914558394,shake,six@ex.com,+1-110-4486,Space,2026-07-12
603250369,away,interview@ex.com,+1-660-6585,Believe,2026-12-05
204017257,future,scientist@ex.com,+1-505-4865,Matter,2026-04-02
441737058,politics,yes@ex.com,+1-297-3754,Add,2026-09-01
235282324,company,here@ex.com,+1-312-9883,Even,2026-04-18
216954978,government,reveal@ex.com,+1-180-4586,Team,2026-05-07
228300245,professional,ahead@ex.com,+1-853-3946,Rate,2026-05-24
496120083,record,hair@ex.com,+1-335-6608,Reach,2026-06-04
730413485,child,baby@ex.com,+1-796-2267,Star,2026-06-06
887874723,themselves,not@ex.com,+1-747-6582,Become,2026-11-23
832435893,former,weight@ex.com,+1-607-8467,Generation,2026-06-12
317244177,thank,catch@ex.com,+1-436-3045,Education,2026-03-12
560347319,product,line@ex.com,+1-789-7313,Upon,2026-10-24
221210969,pull,prove@ex.com,+1-211-9147,Leader,2026-08-26
796112029,kind,at@ex.com,+1-513-8840,Visit,2026-12-02
474728424,body,lead@ex.com,+1-271-1229,Traditional,2026-02-27
244265196,policy,dog@ex.com,+1-447-6907,Check,2026-03-23
877365670,or,vote@ex.com,+1-728-2786,Page,2026-01-25
691658716,buy,maintain@ex.com,+1-754-5634,Girl,2026-10-23
158176711,meeting,owner@ex.com,+1-414-4604,Military,2026-11-07
336829154,order,toward@ex.com,+1-255-8669,Economic,2026-03-19
932883342,cell,a@ex.com,+1-107-9925,Fill,2026-08-12
102625908,his,report@ex.com,+1-509-8702,Commercial,2026-04-09
223352421,central,decide@ex.com,+1-681-6213,Yes,2026-09-20
460424777,improve,night@ex.com,+1-390-6801,Class,2026-11-12
795407678,reason,response@ex.com,+1-494-4461,Box,2026-06-22
416079713,recognize,growth@ex.com,+1-560-3490,Middle,2026-11-18
701952519,movement,wind@ex.com,+1-365-9487,Question,2026-10-17
681857069,several,station@ex.com,+1-735-4148,Foreign,2026-12-24
766588065,then,final@ex.com,+1-707-8932,Like,2026-07-05
798845340,more,talk@ex.com,+1-263-2826,View,2026-08-15
408818533,public,apply@ex.com,+1-588-2317,Around,2026-09-23
48362989,success,commercial@ex.com,+1-166-6923,Million,2026-04-05
782657151,establish,tax@ex.com,+1-701-9626,Choose,2026-01-28
275204933,message,fish@ex.com,+1-671-9067,Life,2026-06-18
198904198,trip,space@ex.com,+1-402-3833,Response,2026-12-10
230821495,read,within@ex.com,+1-808-2993,Thus,2026-05-28
342808676,color,strategy@ex.com,+1-531-4788,Serve,2026-08-12
182217551,lot,sea@ex.com,+1-278-5897,Scene,2026-11-04
227967779,weight,degree@ex.com,+1-617-9656,Still,2026-04-21
767265269,difficult,teacher@ex.com,+1-985-3106,Degree,2026-07-13
162090808,environment,director@ex.com,+1-433-8943,Standard,2026-12-09
118415926,public,production@ex.com,+1-374-5083,Pass,2026-02-04
973541432,operation,now@ex.com,+1-883-7465,Mouth,2026-07-27
210896739,still,lose@ex.com,+1-646-7837,Summer,2026-09-21
473708322,police,shake@ex.com,+1-731-1006,Next,2026-11-12
644856300,Congress,capital@ex.com,+1-531-6330,Your,2026-04-26
220941483,talk,move@ex.com,+1-572-6818,Cup,2026-03-17
170846892,air,push@ex.com,+1-360-4603,Administration,2026-10-08
886119606,business,Mr@ex.com,+1-208-2098,Tree,2026-10-13
293347390,their,your@ex.com,+1-474-5172,Friend,2026-08-24
511377779,police,with@ex.com,+1-406-9188,General,2026-12-16
262915218,lose,perhaps@ex.com,+1-671-2763,Discussion,2026-10-22
912923432,class,pattern@ex.com,+1-682-4966,Pay,2026-03-11
996813221,time,difficult@ex.com,+1-810-7160,Lose,2026-07-01
887257745,always,late@ex.com,+1-272-5602,Civil,2026-02-12
274831678,television,stock@ex.com,+1-432-3107,Peace,2026-12-13
880703165,it,order@ex.com,+1-431-9549,Once,2026-06-26
109503700,its,it@ex.com,+1-643-7053,Past,2026-02-25
706619197,student,night@ex.com,+1-917-8406,Bag,2026-08-01
748292496,into,cell@ex.com,+1-581-3924,Interesting,2026-05-19
663284290,final,different@ex.com,+1-526-1245,Mean,2026-01-11
849547770,stock,draw@ex.com,+1-337-4976,Tax,2026-10-12
864644633,seat,should@ex.com,+1-998-4343,Kitchen,2026-12-12
252546633,money,set@ex.com,+1-173-8145,Start,2026-02-19
839771612,thus,without@ex.com,+1-422-5799,Worker,2026-01-06
254016743,better,authority@ex.com,+1-200-3847,Production,2026-05-15
410159503,over,bill@ex.com,+1-136-7006,Social,2026-05-10
215089278,relate,history@ex.com,+1-326-4525,Beyond,2026-03-07
106533301,war,reach@ex.com,+1-685-4330,Most,2026-07-12
683357840,race,standard@ex.com,+1-995-4352,Business,2026-10-20
742704977,choose,court@ex.com,+1-395-9212,Want,2026-07-06
278206171,few,raise@ex.com,+1-802-5099,Inside,2026-06-09
699898357,analysis,degree@ex.com,+1-796-1714,Firm,2026-11-20
927695970,seat,until@ex.com,+1-215-8508,Own,2026-09-22
456278560,fear,movie@ex.com,+1-980-7045,Admit,2026-08-18
610962502,ago,authority@ex.com,+1-350-4605,Manage,2026-09-15
400137462,laugh,lay@ex.com,+1-475-8980,Meet,2026-04-12
172352053,word,general@ex.com,+1-636-4349,President,2026-06-26
314959067,attention,third@ex.com,+1-264-1620,Note,2026-08-06
183655680,outside,training@ex.com,+1-664-6764,Pm,2026-04-16
358931348,base,wonder@ex.com,+1-958-9332,Face,2026-06-22
999577696,later,society@ex.com,+1-329-6674,Level,2026-08-24
310181312,box,son@ex.com,+1-191-8608,Attention,2026-06-04
102096888,not,smile@ex.com,+1-786-3309,Image,2026-05-25
602007086,note,doctor@ex.com,+1-714-8991,Nor,2026-08-07
998223230,site,life@ex.com,+1-213-2942,Soldier,2026-09-16
26085851,time,against@ex.com,+1-833-6307,Those,2026-03-26
246085226,report,official@ex.com,+1-131-6225,Agree,2026-02-13
432821706,list,direction@ex.com,+1-304-2231,Whom,2026-12-02
97737642,reach,prove@ex.com,+1-332-1373,Determine,2026-04-03
749555500,director,current@ex.com,+1-877-4262,Investment,2026-10-19
657608490,hotel,friend@ex.com,+1-365-4305,Return,2026-05-16
450182656,toward,detail@ex.com,+1-267-7989,Indicate,2026-06-26
757415278,conference,who@ex.com,+1-113-9375,Best,2026-12-03
388700922,performance,teacher@ex.com,+1-556-7875,Three,2026-06-05
202542596,avoid,item@ex.com,+1-870-1133,Land,2026-07-02
32693526,keep,at@ex.com,+1-791-9300,Customer,2026-09-03
955469542,operation,garden@ex.com,+1-211-9372,Bar,2026-06-16
148793554,where,create@ex.com,+1-782-3938,Religious,2026-12-22
238441824,support,head@ex.com,+1-434-9922,Heavy,2026-03-08
615334801,her,speech@ex.com,+1-117-8528,Different,2026-02-25
382789733,who,food@ex.com,+1-683-2044,Fight,2026-01-08
603831905,federal,night@ex.com,+1-196-8376,Describe,2026-08-25
375396741,hand,baby@ex.com,+1-637-3612,Alone,2026-12-28
716771514,thought,sea@ex.com,+1-217-7555,Piece,2026-03-04
367953151,book,drug@ex.com,+1-710-9043,Save,2026-02-05
645855366,hair,since@ex.com,+1-848-3395,Skin,2026-10-07
443799051,series,six@ex.com,+1-593-7946,Skill,2026-09-13
996607826,doctor,television@ex.com,+1-926-2941,Such,2026-11-05
820027839,shoulder,response@ex.com,+1-493-8569,Issue,2026-04-14
100048807,theory,treat@ex.com,+1-153-9351,Drug,2026-04-01
804264042,reveal,finish@ex.com,+1-954-6469,Size,2026-03-07
933074278,position,middle@ex.com,+1-675-4144,Sure,2026-11-17
778978720,bar,answer@ex.com,+1-143-6929,Vote,2026-10-04
666892999,dream,describe@ex.com,+1-356-3871,North,2026-12-15
380179543,include,difference@ex.com,+1-818-8599,Eye,2026-11-08
296905063,near,ahead@ex.com,+1-293-8076,Artist,2026-06-20
997486317,notice,history@ex.com,+1-204-4966,Check,2026-12-02
759702531,simple,church@ex.com,+1-764-4066,Tonight,2026-12-05
969562470,religious,walk@ex.com,+1-559-7474,Position,2026-12-06
633063581,professional,nor@ex.com,+1-497-3241,Score,2026-06-26
534098284,person,threat@ex.com,+1-373-3481,Model,2026-08-20
897038856,positive,matter@ex.com,+1-835-5741,Five,2026-11-15
93468796,kid,tell@ex.com,+1-754-7045,Fight,2026-04-05
970229073,able,relate@ex.com,+1-689-9020,True,2026-11-23
569934618,husband,whatever@ex.com,+1-750-3274,Decide,2026-12-11
124550783,pretty,painting@ex.com,+1-860-6328,Dark,2026-03-26
230305154,card,nor@ex.com,+1-639-7175,Tree,2026-10-27
281154487,information,right@ex.com,+1-281-1349,Some,2026-12-23
856819760,candidate,relationship@ex.com,+1-558-8864,Around,2026-04-05
37602258,name,above@ex.com,+1-320-5820,Particular,2026-01-17
894040517,yes,life@ex.com,+1-288-7042,One,2026-09-10
713080123,rather,put@ex.com,+1-376-4708,Member,2026-12-25
959261009,more,production@ex.com,+1-807-8183,One,2026-09-04
557705411,use,million@ex.com,+1-737-2843,Drive,2026-12-17
489170259,agree,establish@ex.com,+1-282-3084,Could,2026-08-25
870629332,add,Congress@ex.com,+1-608-4424,Different,2026-04-13
204376972,detail,believe@ex.com,+1-423-9176,Turn,2026-09-22
50038534,really,pretty@ex.com,+1-404-5131,Itself,2026-08-08
311598593,house,cut@ex.com,+1-395-3985,Space,2026-01-16
75197101,begin,certainly@ex.com,+1-284-7491,They,2026-07-20
95608621,sure,year@ex.com,+1-736-3466,Down,2026-10-09
924654362,my,second@ex.com,+1-873-3948,Blue,2026-09-06
969586846,room,pick@ex.com,+1-969-9482,Note,2026-07-04
893013395,attention,sometimes@ex.com,+1-365-2116,Performance,2026-04-25
960714119,after,keep@ex.com,+1-952-4059,Above,2026-06-12
463975774,laugh,administration@ex.com,+1-808-3572,Foot,2026-01-12
859771243,just,although@ex.com,+1-401-8693,Now,2026-01-04
171539901,a,themselves@ex.com,+1-194-1594,Leader,2026-04-14
963206421,without,federal@ex.com,+1-795-7709,Argue,2026-04-10
775034041,fight,research@ex.com,+1-369-2704,Too,2026-04-10
288840281,town,audience@ex.com,+1-443-6484,Then,2026-05-09
835773080,point,off@ex.com,+1-421-5413,Available,2026-06-13
961809440,body,agree@ex.com,+1-763-4139,Pm,2026-08-17
740817343,most,play@ex.com,+1-865-8270,Health,2026-08-04
288950888,sign,loss@ex.com,+1-854-9719,Hair,2026-02-05
580901963,authority,present@ex.com,+1-527-1679,Political,2026-04-19
828818094,ground,manage@ex.com,+1-278-9250,Best,2026-10-20
564575373,show,everybody@ex.com,+1-675-1986,Ok,2026-01-09
780391815,enjoy,determine@ex.com,+1-786-9112,Administration,2026-09-06
435815401,lay,event@ex.com,+1-679-1105,Ground,2026-12-15
631444306,development,training@ex.com,+1-149-3528,Student,2026-10-27
408668049,many,operation@ex.com,+1-256-4501,Machine,2026-12-11
302467537,future,would@ex.com,+1-550-7986,Everyone,2026-12-03
290590959,same,modern@ex.com,+1-311-1034,Political,2026-11-03
145616789,tonight,reach@ex.com,+1-261-2075,Day,2026-08-21
809263196,see,away@ex.com,+1-420-1657,Central,2026-11-06
798520537,day,issue@ex.com,+1-369-9141,Positive,2026-10-18
882777302,pull,third@ex.com,+1-520-2943,Relate,2026-12-16
389460898,stop,ever@ex.com,+1-439-3144,Training,2026-12-04
251240890,response,like@ex.com,+1-578-2777,Pull,2026-02-03
501159358,it,box@ex.com,+1-343-4700,Lose,2026-08-24
357548527,each,if@ex.com,+1-963-8636,Throw,2026-07-10
267623086,coach,move@ex.com,+1-230-1649,Worker,2026-09-03
334387988,term,for@ex.com,+1-337-5725,Free,2026-09-06
442540703,executive,pull@ex.com,+1-486-1418,Matter,2026-06-25
723641496,very,indicate@ex.com,+1-502-5139,Trial,2026-06-20
213917713,join,always@ex.com,+1-731-6057,Forward,2026-10-24
637060656,discuss,here@ex.com,+1-676-7131,Language,2026-04-09
750404206,pick,key@ex.com,+1-265-6306,Born,2026-05-06
54948945,happy,concern@ex.com,+1-119-3332,Your,2026-07-13
560313585,statement,history@ex.com,+1-257-5134,Force,2026-08-07
723564853,college,how@ex.com,+1-605-5575,Around,2026-08-25
107856319,concern,little@ex.com,+1-415-8292,Religious,2026-11-08
418763121,class,both@ex.com,+1-944-1286,Key,2026-01-11
274601424,after,water@ex.com,+1-442-2441,Purpose,2026-09-26
606041669,protect,child@ex.com,+1-115-9908,Message,2026-04-10
689279523,scene,company@ex.com,+1-231-3506,Thought,2026-11-11
861822690,story,think@ex.com,+1-443-3125,Evening,2026-09-12
58368331,certainly,economic@ex.com,+1-478-7676,Father,2026-08-08
460432159,support,only@ex.com,+1-659-2281,Customer,2026-10-24
175667325,usually,analysis@ex.com,+1-852-5962,Attention,2026-12-04
262612933,long,hard@ex.com,+1-195-9219,Return,2026-05-09
948319539,professor,none@ex.com,+1-950-7507,Four,2026-01-21
368666001,rate,west@ex.com,+1-980-9758,Herself,2026-01-07
189017657,mouth,hair@ex.com,+1-859-6348,Dog,2026-08-03
853037664,above,current@ex.com,+1-126-3830,It,2026-03-12
157034957,do,debate@ex.com,+1-723-6326,Certain,2026-02-27
91324047,indicate,painting@ex.com,+1-404-1095,Discuss,2026-05-11
411613262,region,fast@ex.com,+1-707-3051,Require,2026-11-10
354423494,even,read@ex.com,+1-175-5138,Among,2026-08-02
660693788,memory,meet@ex.com,+1-766-7639,Heart,2026-04-22
954195323,by,material@ex.com,+1-366-1625,Admit,2026-02-13
915239079,memory,system@ex.com,+1-111-7906,Above,2026-12-16
399549998,oil,car@ex.com,+1-859-8402,Become,2026-10-23
234533395,up,force@ex.com,+1-498-8400,Without,2026-08-18
176865836,catch,toward@ex.com,+1-512-7307,Make,2026-09-08
529308878,mind,usually@ex.com,+1-683-2830,These,2026-07-19
288640529,enjoy,hope@ex.com,+1-385-2189,Good,2026-08-13
507715401,key,yes@ex.com,+1-661-4156,Call,2026-01-18
798555843,beat,rock@ex.com,+1-134-8969,Become,2026-04-10
937918012,born,direction@ex.com,+1-158-8457,It,2026-03-28
881892982,social,any@ex.com,+1-843-1394,Sure,2026-10-03
558941470,child,brother@ex.com,+1-667-3266,Join,2026-11-09
601589763,instead,free@ex.com,+1-117-9502,Piece,2026-04-18
368858165,vote,no@ex.com,+1-605-1702,Not,2026-02-16
396240156,sign,their@ex.com,+1-324-2226,Foot,2026-02-25
644310714,control,eat@ex.com,+1-664-9023,Miss,2026-03-17
553781872,yes,unit@ex.com,+1-989-4034,Effect,2026-10-02
147922680,range,choose@ex.com,+1-726-2129,Interesting,2026-07-16
936202410,show,it@ex.com,+1-463-2852,Their,2026-09-06
122729645,value,happy@ex.com,+1-965-4936,Hard,2026-10-24
109818452,until,simply@ex.com,+1-909-2932,Through,2026-12-15
331089448,buy,idea@ex.com,+1-915-7684,Gun,2026-05-05
144840644,station,report@ex.com,+1-853-9871,Maybe,2026-12-22
960263919,explain,candidate@ex.com,+1-796-5796,Current,2026-01-17
505615367,certain,management@ex.com,+1-426-1223,Fish,2026-09-15
164153386,team,tell@ex.com,+1-671-7887,One,2026-12-10
757668471,boy,for@ex.com,+1-508-1506,Them,2026-07-18
289583293,anyone,theory@ex.com,+1-368-7235,Which,2026-04-09
443435386,apply,stop@ex.com,+1-700-1233,Wife,2026-01-06
137245537,later,mention@ex.com,+1-844-8675,Majority,2026-11-20
754383215,question,sister@ex.com,+1-687-4799,Key,2026-10-25
615709370,late,available@ex.com,+1-617-4918,Establish,2026-04-11
705426941,response,several@ex.com,+1-124-4449,Indicate,2026-11-24
903967065,player,future@ex.com,+1-814-3409,True,2026-11-24
929162138,lose,among@ex.com,+1-368-9555,Catch,2026-08-21
836940055,control,add@ex.com,+1-894-1649,Professor,2026-03-15
471518118,drive,again@ex.com,+1-977-5091,Customer,2026-04-02
566183095,world,score@ex.com,+1-689-4187,Know,2026-08-24
651449197,well,her@ex.com,+1-953-6173,Apply,2026-03-28
950712410,for,watch@ex.com,+1-494-6104,Painting,2026-09-18
478206818,first,claim@ex.com,+1-622-3670,How,2026-06-15
557605375,upon,customer@ex.com,+1-902-5491,Democratic,2026-04-26
870895299,often,yard@ex.com,+1-834-3446,Decade,2026-06-25
973511933,purpose,clearly@ex.com,+1-542-2935,House,2026-10-14
540482699,PM,trip@ex.com,+1-242-7275,Sea,2026-09-10
431337475,paper,mind@ex.com,+1-707-1741,Piece,2026-07-17
948883907,during,win@ex.com,+1-223-7026,Garden,2026-12-04
167308723,already,particular@ex.com,+1-966-6677,Customer,2026-04-28
390088248,good,alone@ex.com,+1-953-7467,Increase,2026-01-23
976240483,ability,move@ex.com,+1-539-2167,Speak,2026-11-14
464769243,use,for@ex.com,+1-833-1589,Environment,2026-07-18
368433794,of,thousand@ex.com,+1-151-1556,Important,2026-02-18
247871221,affect,memory@ex.com,+1-279-4684,Their,2026-04-16
286413241,series,discussion@ex.com,+1-325-4820,Seek,2026-08-05
616302478,key,wide@ex.com,+1-405-5766,Any,2026-04-12
32587404,participant,number@ex.com,+1-637-7918,Sport,2026-02-16
382431221,list,price@ex.com,+1-715-4813,Protect,2026-11-23
970962472,east,indicate@ex.com,+1-934-7110,Early,2026-06-20
49339516,prove,lawyer@ex.com,+1-308-9464,Instead,2026-05-24
104981895,no,final@ex.com,+1-450-8112,Suffer,2026-01-07
828870220,safe,everybody@ex.com,+1-903-2423,Hundred,2026-05-17
720335403,church,strategy@ex.com,+1-500-6875,Learn,2026-12-06
6859860,account,thousand@ex.com,+1-406-3185,Current,2026-01-02
293968059,over,must@ex.com,+1-989-9540,Question,2026-11-24
577095437,much,cover@ex.com,+1-511-6285,Measure,2026-07-23
880936514,year,rich@ex.com,+1-667-6650,Pass,2026-01-22
250360771,it,close@ex.com,+1-507-1081,Another,2026-12-28
490587175,ground,stage@ex.com,+1-557-6219,Baby,2026-10-19
674680286,investment,run@ex.com,+1-131-4386,One,2026-01-12
592922748,collection,teacher@ex.com,+1-104-5326,Morning,2026-04-04
444655638,middle,such@ex.com,+1-659-9866,Also,2026-11-16
671219377,tough,beat@ex.com,+1-152-3196,Big,2026-04-19
908934566,audience,factor@ex.com,+1-155-6786,Church,2026-01-25
777587185,yes,cultural@ex.com,+1-326-2347,Enough,2026-02-20
743878115,audience,miss@ex.com,+1-635-5633,Another,2026-09-28
295197672,manager,more@ex.com,+1-276-2896,Control,2026-10-08
145257151,process,dark@ex.com,+1-483-6629,Almost,2026-08-25
912742106,language,would@ex.com,+1-910-4637,Key,2026-11-12
267811971,painting,entire@ex.com,+1-155-3257,Hair,2026-12-10
913951523,run,response@ex.com,+1-828-5803,Often,2026-12-19
179441003,degree,policy@ex.com,+1-752-6442,Fast,2026-05-25
926865672,current,including@ex.com,+1-681-2531,Statement,2026-09-09
831843730,often,relationship@ex.com,+1-910-1074,Outside,2026-09-04
871496623,join,painting@ex.com,+1-565-7679,See,2026-12-01
815307545,true,to@ex.com,+1-814-2076,Church,2026-03-18
156901972,include,off@ex.com,+1-871-9360,Partner,2026-04-15
608855231,politics,theory@ex.com,+1-803-8357,Follow,2026-08-19
286651669,involve,suffer@ex.com,+1-591-9055,Real,2026-10-28
766186169,question,indeed@ex.com,+1-672-6230,Seat,2026-07-01
158349758,health,never@ex.com,+1-623-3338,Another,2026-08-23
26692484,team,your@ex.com,+1-237-6428,Most,2026-01-20
552066669,indeed,participant@ex.com,+1-847-3326,The,2026-01-16
243332085,sea,rather@ex.com,+1-983-6055,Ahead,2026-07-19
225330340,fight,special@ex.com,+1-506-8359,Soon,2026-12-01
497328796,first,significant@ex.com,+1-230-9075,Person,2026-12-03
941476154,type,past@ex.com,+1-137-4452,Hit,2026-02-19
286693100,tell,take@ex.com,+1-664-6306,Manager,2026-04-24
983595394,standard,least@ex.com,+1-169-9766,Cover,2026-06-18
13807142,inside,explain@ex.com,+1-960-8832,Evidence,2026-12-09
620531085,hard,mission@ex.com,+1-257-7122,Face,2026-11-21
473013933,reveal,name@ex.com,+1-761-1138,Vote,2026-04-28
51784538,western,win@ex.com,+1-921-6322,Recognize,2026-05-28
180536936,north,others@ex.com,+1-484-1831,Mrs,2026-09-25
446657191,above,its@ex.com,+1-659-2831,Support,2026-11-11
253398898,short,result@ex.com,+1-148-7195,Reduce,2026-06-20
390436054,town,collection@ex.com,+1-746-4609,Many,2026-04-24
358923979,imagine,else@ex.com,+1-943-5930,Local,2026-02-27
768082733,here,agreement@ex.com,+1-306-1421,Environmental,2026-08-18
871047632,account,long@ex.com,+1-854-4765,End,2026-10-07
912398764,camera,growth@ex.com,+1-756-5573,Help,2026-07-06
406891979,together,this@ex.com,+1-535-6715,Interview,2026-08-21
250014222,left,yes@ex.com,+1-470-4917,Yes,2026-02-15
568092271,step,writer@ex.com,+1-496-8647,Dream,2026-12-07
480995018,admit,recognize@ex.com,+1-504-5200,Garden,2026-06-26
912411563,win,political@ex.com,+1-244-1730,True,2026-06-04
222020582,financial,parent@ex.com,+1-698-4555,Public,2026-08-07
207016456,energy,ever@ex.com,+1-181-3261,Word,2026-02-17
413990510,food,begin@ex.com,+1-958-9269,Bag,2026-11-12
722672040,read,piece@ex.com,+1-392-9984,Sense,2026-07-28
635932084,moment,evidence@ex.com,+1-654-4939,Size,2026-05-13
590303193,job,argue@ex.com,+1-804-8713,Ability,2026-10-24
613108542,most,system@ex.com,+1-760-6826,Present,2026-03-28
768833289,current,available@ex.com,+1-680-6782,Name,2026-08-22
305305842,reach,policy@ex.com,+1-153-2564,Pm,2026-03-05
435117916,television,them@ex.com,+1-506-2427,Finish,2026-05-01
548991744,laugh,culture@ex.com,+1-978-8194,Paper,2026-02-01
944135580,just,actually@ex.com,+1-228-3772,Himself,2026-07-01
558017696,guess,PM@ex.com,+1-746-5749,Eat,2026-11-02
689212676,stuff,development@ex.com,+1-415-1555,Fish,2026-07-15
477691022,improve,perform@ex.com,+1-963-8192,Check,2026-01-10
855154622,customer,control@ex.com,+1-768-2302,Travel,2026-09-14
52916568,decade,dark@ex.com,+1-648-8771,Note,2026-02-23
240720957,machine,camera@ex.com,+1-926-8736,Floor,2026-09-25
426626894,stage,traditional@ex.com,+1-151-4332,Once,2026-07-13
776826646,capital,ready@ex.com,+1-570-4336,Above,2026-07-04
531539619,they,ability@ex.com,+1-872-2639,Person,2026-07-24
719269494,give,ago@ex.com,+1-445-9151,Poor,2026-02-13
877320612,case,yard@ex.com,+1-354-7911,Which,2026-10-13
359127578,require,use@ex.com,+1-863-9205,Should,2026-07-28
776616785,camera,soon@ex.com,+1-368-9993,Box,2026-01-25
928662369,few,important@ex.com,+1-994-6440,Say,2026-08-08
448791190,pattern,lose@ex.com,+1-894-2239,Term,2026-08-02
192200326,management,fly@ex.com,+1-157-1179,Available,2026-04-08
346687946,color,happy@ex.com,+1-257-3855,Million,2026-10-24
666895632,state,husband@ex.com,+1-260-4699,Keep,2026-09-27
529208688,can,friend@ex.com,+1-678-2162,Star,2026-11-22
573858866,though,offer@ex.com,+1-666-9393,Force,2026-07-25
284596988,back,threat@ex.com,+1-227-2286,Someone,2026-02-13
57354094,attorney,by@ex.com,+1-620-7873,Firm,2026-03-08
224855673,ago,voice@ex.com,+1-185-5168,Yes,2026-10-12
201487578,already,instead@ex.com,+1-335-7321,Huge,2026-04-27
76414602,spring,serve@ex.com,+1-180-8157,Wide,2026-11-02
372303119,all,turn@ex.com,+1-121-3018,Start,2026-09-14
323022544,simple,successful@ex.com,+1-741-2464,Suggest,2026-12-27
367560365,another,scientist@ex.com,+1-515-2476,Ground,2026-08-01
969097918,seem,receive@ex.com,+1-992-3058,Visit,2026-02-01
270241153,pressure,do@ex.com,+1-136-7831,Central,2026-10-21
365127332,still,feeling@ex.com,+1-937-5100,Television,2026-10-28
703445093,now,raise@ex.com,+1-643-3183,Against,2026-10-26
780003568,community,east@ex.com,+1-988-2744,Order,2026-08-24
650223216,law,source@ex.com,+1-954-3357,Enough,2026-03-20
287065058,international,rather@ex.com,+1-814-5008,Middle,2026-12-08
709777560,water,future@ex.com,+1-422-2372,Out,2026-10-22
567647937,everybody,clearly@ex.com,+1-656-2205,Put,2026-11-05
283360138,middle,various@ex.com,+1-660-1844,Laugh,2026-09-16
717968569,system,pressure@ex.com,+1-443-6801,Tax,2026-10-22
345171023,always,town@ex.com,+1-867-5803,Be,2026-03-03
894664407,receive,meet@ex.com,+1-377-6904,Government,2026-09-05
602368161,culture,must@ex.com,+1-874-7890,Physical,2026-03-10
853771780,director,name@ex.com,+1-216-9208,Better,2026-05-27
998282684,human,either@ex.com,+1-261-3900,Administration,2026-02-06
71056922,southern,seven@ex.com,+1-437-3290,Challenge,2026-05-28
454042025,tonight,interview@ex.com,+1-384-8805,Box,2026-07-06
130098383,true,management@ex.com,+1-212-1935,Vote,2026-06-02
543084337,for,soldier@ex.com,+1-972-9355,Myself,2026-04-02
395678038,specific,music@ex.com,+1-133-9586,Wonder,2026-03-10
347105348,test,into@ex.com,+1-416-8643,Provide,2026-08-09
294847806,store,between@ex.com,+1-945-6618,Management,2026-09-28
858322834,today,quite@ex.com,+1-411-9960,Argue,2026-11-07
744789808,authority,tend@ex.com,+1-476-3345,Friend,2026-10-26
337084905,leader,expect@ex.com,+1-410-9814,Reveal,2026-11-28
17182350,worker,become@ex.com,+1-618-4091,Behind,2026-11-15
950620130,medical,bring@ex.com,+1-868-9343,Drive,2026-09-15
300935902,make,right@ex.com,+1-712-5721,Live,2026-09-20
56599512,cell,reduce@ex.com,+1-311-8833,News,2026-09-07
45861932,allow,national@ex.com,+1-419-9195,Record,2026-10-14
651515265,minute,or@ex.com,+1-214-4411,Others,2026-11-12
550210556,unit,board@ex.com,+1-709-4410,Line,2026-06-16
512886206,money,base@ex.com,+1-140-8501,Lay,2026-05-20
545189348,check,civil@ex.com,+1-889-2431,Total,2026-06-18
485787782,vote,important@ex.com,+1-697-5959,Police,2026-12-10
400985044,benefit,serve@ex.com,+1-565-8558,Can,2026-06-08
691923388,church,sign@ex.com,+1-929-6610,Song,2026-08-15
331828348,reflect,growth@ex.com,+1-151-5662,Agree,2026-04-08
968990731,camera,place@ex.com,+1-876-8402,Employee,2026-11-07
961104127,article,continue@ex.com,+1-772-7231,Operation,2026-12-03
535013967,arrive,him@ex.com,+1-561-3869,Run,2026-08-19
585118963,picture,gun@ex.com,+1-115-5012,Management,2026-05-21
797283428,name,future@ex.com,+1-598-6135,Again,2026-02-10
905181175,ask,most@ex.com,+1-508-2574,Run,2026-12-26
701990753,social,beyond@ex.com,+1-919-9474,Key,2026-08-01
360681487,everything,industry@ex.com,+1-949-9694,Thing,2026-03-06
407945569,wide,like@ex.com,+1-808-3892,Just,2026-03-21
922737572,image,successful@ex.com,+1-888-6248,Current,2026-10-20
207687884,hit,late@ex.com,+1-652-5378,Sound,2026-08-22
158307866,stuff,concern@ex.com,+1-552-3981,Lawyer,2026-08-14
856473394,stay,yes@ex.com,+1-257-1616,Feeling,2026-08-02
828773235,wind,she@ex.com,+1-655-7299,Pull,2026-09-18
322817671,condition,goal@ex.com,+1-231-2319,Class,2026-12-27
560089568,relate,thought@ex.com,+1-110-6704,Stop,2026-09-24
433451185,miss,goal@ex.com,+1-900-1568,Floor,2026-10-12
944327149,role,suggest@ex.com,+1-886-5376,Type,2026-04-13
926756221,me,make@ex.com,+1-982-3947,Present,2026-01-23
40797163,challenge,onto@ex.com,+1-845-1572,Development,2026-11-18
975629782,must,idea@ex.com,+1-836-7867,Who,2026-12-08
920725840,someone,sure@ex.com,+1-962-8854,Majority,2026-02-03
582999058,become,rate@ex.com,+1-855-1484,Prepare,2026-02-26
121135914,say,bar@ex.com,+1-130-5918,Bar,2026-04-11
551273518,hotel,it@ex.com,+1-626-5813,Next,2026-08-25
229307998,discussion,finish@ex.com,+1-451-9507,Everyone,2026-11-05
370970879,lawyer,pull@ex.com,+1-552-9810,Follow,2026-01-28
488703145,fly,certainly@ex.com,+1-885-1697,Field,2026-12-20
486311148,field,music@ex.com,+1-713-3720,Data,2026-11-01
497539310,list,entire@ex.com,+1-904-3750,Can,2026-09-19
661163161,little,yourself@ex.com,+1-438-5489,Join,2026-08-28
629719624,ago,enter@ex.com,+1-993-5265,Live,2026-03-22
25464919,a,either@ex.com,+1-743-2511,Box,2026-11-18
122302388,ready,decide@ex.com,+1-406-8191,Animal,2026-05-24
584748907,along,though@ex.com,+1-611-5506,Feeling,2026-01-26
469996084,cut,like@ex.com,+1-304-3797,Dream,2026-12-25
520466860,size,sit@ex.com,+1-561-6066,Control,2026-06-21
855688783,where,hand@ex.com,+1-384-2276,Probably,2026-11-24
296561431,go,station@ex.com,+1-722-3983,Worker,2026-05-02
954821977,live,sport@ex.com,+1-338-8251,Audience,2026-01-12
545563467,perhaps,store@ex.com,+1-993-2713,Wife,2026-01-25
93273426,group,meeting@ex.com,+1-684-4184,Across,2026-01-12
130418952,conference,sure@ex.com,+1-746-2657,Indicate,2026-12-04
499792551,tough,tree@ex.com,+1-340-7377,Bar,2026-01-25
36641952,reduce,run@ex.com,+1-623-2965,Price,2026-12-15
403128898,later,finish@ex.com,+1-741-1854,Another,2026-01-14
234386797,board,reach@ex.com,+1-978-5722,Wall,2026-04-21
694948924,finally,go@ex.com,+1-494-9318,International,2026-04-14
469921316,pretty,issue@ex.com,+1-462-6633,Pattern,2026-12-12
408750331,least,will@ex.com,+1-232-9052,Send,2026-05-24
202460065,same,worker@ex.com,+1-153-4463,Clearly,2026-05-02
799848374,vote,without@ex.com,+1-348-1550,Example,2026-02-03
879570344,clearly,yet@ex.com,+1-184-4410,Box,2026-07-15
748499328,including,hair@ex.com,+1-283-9433,Offer,2026-09-22
480785846,fear,situation@ex.com,+1-959-3428,Leader,2026-03-17
481442226,character,follow@ex.com,+1-392-5309,Outside,2026-08-06
991912807,pay,free@ex.com,+1-581-5209,Approach,2026-06-06
960151450,foot,claim@ex.com,+1-472-5435,Treatment,2026-12-22
986249607,shoulder,her@ex.com,+1-412-6690,Despite,2026-10-26
949444299,address,theory@ex.com,+1-644-4970,Either,2026-02-24
504733033,analysis,foreign@ex.com,+1-981-6082,Computer,2026-12-02
22567364,team,upon@ex.com,+1-323-5758,Read,2026-03-03
708291796,it,month@ex.com,+1-818-4286,Meet,2026-11-26
80516678,president,buy@ex.com,+1-132-4877,Eye,2026-05-08
336411090,name,fast@ex.com,+1-470-9825,Change,2026-05-24
309088110,participant,early@ex.com,+1-690-1510,Wife,2026-09-18
514180079,upon,performance@ex.com,+1-641-6290,Professor,2026-04-26
97131930,friend,month@ex.com,+1-413-8438,Third,2026-05-01
50995897,understand,with@ex.com,+1-194-8777,Along,2026-06-04
741376931,possible,around@ex.com,+1-440-8994,All,2026-04-18
145246110,seat,mouth@ex.com,+1-551-8185,Security,2026-12-24
529351179,hundred,nothing@ex.com,+1-714-1180,Half,2026-05-03
295893394,whole,draw@ex.com,+1-854-9501,Owner,2026-07-17
678674073,five,onto@ex.com,+1-824-2714,Sign,2026-05-21
956742924,guess,use@ex.com,+1-817-1144,Three,2026-08-24
425494228,place,game@ex.com,+1-167-3150,Increase,2026-02-20
309795578,throw,sense@ex.com,+1-589-8469,Reduce,2026-08-13
396654455,cause,section@ex.com,+1-740-9597,Relate,2026-04-02
834939052,different,usually@ex.com,+1-697-1940,Boy,2026-05-10
851950124,trial,phone@ex.com,+1-551-4932,It,2026-01-15
936896641,call,fact@ex.com,+1-493-6132,Indeed,2026-01-09
811918027,glass,bit@ex.com,+1-216-9578,Start,2026-06-06
976472746,authority,better@ex.com,+1-577-6839,Audience,2026-07-19
109033387,recognize,alone@ex.com,+1-579-6808,Sometimes,2026-11-01
803417247,letter,everyone@ex.com,+1-803-8581,Mean,2026-01-25
256485380,today,five@ex.com,+1-399-4129,Whatever,2026-02-15
611827074,force,entire@ex.com,+1-153-1854,Become,2026-05-15
449030436,never,shoulder@ex.com,+1-114-8403,Decision,2026-10-03
451910098,shoulder,later@ex.com,+1-251-2981,Thought,2026-05-03
431451392,stop,option@ex.com,+1-517-1877,Hotel,2026-08-11
872139759,enjoy,upon@ex.com,+1-187-2130,Shoulder,2026-06-17
522912582,land,officer@ex.com,+1-914-5171,Participant,2026-03-23
444644662,involve,full@ex.com,+1-788-2552,Bring,2026-03-27
431020179,sign,issue@ex.com,+1-900-1903,Their,2026-11-16
454931410,put,more@ex.com,+1-854-2179,Also,2026-02-04
759247810,range,television@ex.com,+1-916-7435,Step,2026-02-15
656208878,pattern,million@ex.com,+1-346-9698,Stage,2026-03-09
119365271,life,fund@ex.com,+1-145-3493,Customer,2026-01-10
301942561,employee,her@ex.com,+1-768-3173,Husband,2026-09-19
847925700,but,speech@ex.com,+1-198-9917,Western,2026-06-10
315675199,wonder,cold@ex.com,+1-926-4564,General,2026-01-01
921048005,social,idea@ex.com,+1-197-3685,Outside,2026-04-27
265885869,goal,apply@ex.com,+1-872-3596,Player,2026-07-15
303664565,into,leg@ex.com,+1-810-2102,Find,2026-12-01
837984569,teach,someone@ex.com,+1-862-7175,Special,2026-08-19
484422567,walk,yes@ex.com,+1-786-3835,Woman,2026-03-16
834914649,also,fill@ex.com,+1-178-8904,Small,2026-08-03
384714584,agree,military@ex.com,+1-392-6011,Community,2026-02-21
998483446,for,capital@ex.com,+1-635-3675,Money,2026-01-10
456346365,Democrat,where@ex.com,+1-468-7183,Friend,2026-05-03
292795824,next,when@ex.com,+1-835-7987,Better,2026-05-28
262756001,mention,administration@ex.com,+1-486-9030,College,2026-12-06
349641339,better,every@ex.com,+1-182-3065,Black,2026-01-08
586765303,skill,this@ex.com,+1-279-9870,Standard,2026-04-21
231018992,sense,sit@ex.com,+1-986-2927,Indicate,2026-10-01
902079471,either,position@ex.com,+1-938-6150,Another,2026-05-10
748418250,woman,issue@ex.com,+1-739-9672,Hundred,2026-06-26
554701927,allow,stay@ex.com,+1-723-5911,Here,2026-12-16
180385303,ago,above@ex.com,+1-538-6906,Culture,2026-02-28
365074518,nothing,current@ex.com,+1-413-3432,Force,2026-11-08
395221142,reason,TV@ex.com,+1-580-3382,Themselves,2026-12-25
620998873,arm,later@ex.com,+1-980-4813,Best,2026-09-27
975770408,owner,single@ex.com,+1-793-7969,Source,2026-03-04
552208388,prove,response@ex.com,+1-310-6825,Really,2026-05-25
383754610,agree,explain@ex.com,+1-719-1874,Three,2026-12-09
685096489,hold,remain@ex.com,+1-403-5517,Choose,2026-01-20
533341681,building,million@ex.com,+1-814-2206,Religious,2026-09-11
451595462,economy,key@ex.com,+1-747-2289,All,2026-05-14
945008366,wind,Democrat@ex.com,+1-200-7292,Institution,2026-07-14
243485761,she,back@ex.com,+1-148-5054,Even,2026-06-20
678681651,party,enjoy@ex.com,+1-772-1799,Why,2026-09-23
24648480,amount,off@ex.com,+1-803-6952,Assume,2026-09-19
345016730,pull,wish@ex.com,+1-735-8243,Every,2026-09-03
481806778,meet,manager@ex.com,+1-274-1870,Friend,2026-08-14
90852738,civil,view@ex.com,+1-253-3406,Whose,2026-05-17
116350288,improve,they@ex.com,+1-320-7467,Under,2026-12-24
239547486,campaign,painting@ex.com,+1-822-8238,Itself,2026-12-13
59083881,could,protect@ex.com,+1-334-2835,Bar,2026-12-06
527222334,movie,sense@ex.com,+1-538-3860,Return,2026-06-06
941568028,area,data@ex.com,+1-121-8368,Else,2026-01-23
449720896,after,cover@ex.com,+1-882-2303,Baby,2026-10-22
499670273,sign,kid@ex.com,+1-213-9291,Whatever,2026-01-13
438229837,space,support@ex.com,+1-572-3208,Weight,2026-07-13
353801606,design,language@ex.com,+1-884-4984,Exactly,2026-12-02
138359874,program,knowledge@ex.com,+1-571-2036,Technology,2026-07-03
964920653,how,possible@ex.com,+1-984-5364,Fine,2026-07-02
724606865,determine,possible@ex.com,+1-558-6843,Leader,2026-05-05
287018594,explain,nothing@ex.com,+1-558-3816,Nothing,2026-11-15
398047890,decade,way@ex.com,+1-199-8059,Capital,2026-01-12
123263383,scientist,if@ex.com,+1-764-6581,Enter,2026-06-06
233316782,less,high@ex.com,+1-558-9390,Unit,2026-02-02
14748037,fast,training@ex.com,+1-764-8474,Executive,2026-02-28
806685566,team,almost@ex.com,+1-503-1471,See,2026-12-17
600986693,major,research@ex.com,+1-511-6590,Item,2026-10-22
388220181,prove,surface@ex.com,+1-968-8738,Official,2026-02-05
827906799,product,attention@ex.com,+1-937-7450,Fight,2026-11-14
40139171,few,three@ex.com,+1-989-6056,State,2026-06-22
38905428,write,improve@ex.com,+1-946-4321,Raise,2026-12-26
957787558,term,try@ex.com,+1-927-5911,Kitchen,2026-07-21
220060128,what,lawyer@ex.com,+1-596-9417,Imagine,2026-05-01
31898290,Democrat,simple@ex.com,+1-799-5056,Four,2026-09-12
96677346,goal,room@ex.com,+1-230-5130,West,2026-07-23
943963939,way,with@ex.com,+1-837-9593,Dog,2026-01-07
422536401,tax,executive@ex.com,+1-584-1899,Truth,2026-02-15
296073837,with,success@ex.com,+1-590-7053,Church,2026-11-28
478154559,firm,former@ex.com,+1-841-3834,Loss,2026-07-17
937527644,today,do@ex.com,+1-389-4413,Response,2026-03-27
840895410,between,rich@ex.com,+1-628-1850,Several,2026-08-13
474491925,worker,or@ex.com,+1-671-2027,Project,2026-12-06
94007943,them,only@ex.com,+1-558-5625,Million,2026-08-22
846151789,help,charge@ex.com,+1-257-3500,Teach,2026-01-13
80840109,state,scientist@ex.com,+1-687-6796,Method,2026-08-09
456368432,audience,feeling@ex.com,+1-615-9363,Hear,2026-12-26
765088599,police,itself@ex.com,+1-267-5476,College,2026-06-20
220126108,whole,such@ex.com,+1-343-6139,Also,2026-09-21
937988383,paper,people@ex.com,+1-840-2413,Look,2026-06-28
218167234,ok,enjoy@ex.com,+1-283-9202,Western,2026-07-02
619116591,despite,attack@ex.com,+1-132-9212,Spend,2026-11-19
238999663,artist,themselves@ex.com,+1-912-7724,Data,2026-04-26
622792582,protect,reveal@ex.com,+1-855-7571,Same,2026-11-02
723332292,hard,son@ex.com,+1-636-2868,Call,2026-08-22
166973015,health,writer@ex.com,+1-296-6266,Although,2026-12-21
713912455,stage,surface@ex.com,+1-456-6172,Direction,2026-01-22
871545899,draw,rate@ex.com,+1-802-8316,Team,2026-06-24
61915607,much,set@ex.com,+1-389-7805,Statement,2026-09-07
272677555,lose,special@ex.com,+1-385-9290,Floor,2026-12-05
123085090,million,skill@ex.com,+1-450-8520,Three,2026-03-25
374367503,particular,ahead@ex.com,+1-429-1504,Be,2026-11-19
531501943,she,sound@ex.com,+1-960-5013,Person,2026-08-14
834962341,themselves,south@ex.com,+1-408-7812,System,2026-12-03
866316945,at,force@ex.com,+1-635-8049,Common,2026-09-10
179248097,such,wide@ex.com,+1-138-6649,Future,2026-06-28
434049282,we,set@ex.com,+1-204-6134,Key,2026-03-01
764419083,term,national@ex.com,+1-910-1965,Look,2026-04-19
6619488,high,only@ex.com,+1-706-4584,Garden,2026-11-24
511688839,yet,be@ex.com,+1-577-2516,Effort,2026-11-11
328697938,who,be@ex.com,+1-128-8319,Arm,2026-03-07
584315584,station,collection@ex.com,+1-628-7598,Purpose,2026-03-17
685822740,sea,reach@ex.com,+1-597-7726,Sure,2026-01-16
191938444,show,different@ex.com,+1-303-9070,Message,2026-01-04
551225895,bed,husband@ex.com,+1-276-2994,Always,2026-05-04
255773806,draw,time@ex.com,+1-988-2806,Trial,2026-12-03
433646402,yourself,serious@ex.com,+1-436-3199,At,2026-12-04
6794128,available,own@ex.com,+1-310-8554,Change,2026-04-12
280522624,name,meeting@ex.com,+1-761-2035,North,2026-08-02
829289061,subject,television@ex.com,+1-638-2103,Sport,2026-03-04
519247814,right,possible@ex.com,+1-198-2659,Resource,2026-04-14
389143388,forward,music@ex.com,+1-845-1802,Anyone,2026-11-20
513596480,simply,really@ex.com,+1-373-5711,Play,2026-12-25
352648338,for,audience@ex.com,+1-320-1554,Leave,2026-07-14
374280137,pass,possible@ex.com,+1-489-8799,Stay,2026-01-10
673469794,environmental,whole@ex.com,+1-290-1477,This,2026-07-04
605729235,quite,clear@ex.com,+1-217-5896,Pretty,2026-12-25
267119619,operation,international@ex.com,+1-543-9808,For,2026-02-01
111028471,clearly,grow@ex.com,+1-101-8024,Control,2026-04-27
803177755,while,off@ex.com,+1-127-2623,Example,2026-07-14
35445980,key,five@ex.com,+1-618-9683,View,2026-05-02
81065281,example,history@ex.com,+1-276-9097,True,2026-10-13
121350177,force,thousand@ex.com,+1-925-6959,All,2026-07-06
561080585,ever,nice@ex.com,+1-910-2250,Clearly,2026-04-24
91049651,tree,price@ex.com,+1-966-4511,Republican,2026-02-18
869837161,live,board@ex.com,+1-177-6452,Site,2026-03-11
575333846,pretty,entire@ex.com,+1-484-6283,Debate,2026-04-15
949649652,exist,he@ex.com,+1-598-3682,Someone,2026-04-25
393425195,benefit,account@ex.com,+1-665-9431,Nice,2026-10-02
494174805,near,most@ex.com,+1-847-2411,Our,2026-06-25
648268182,give,tax@ex.com,+1-590-3671,Scene,2026-01-22
109194209,son,certain@ex.com,+1-736-2778,Western,2026-08-06
916981380,hour,entire@ex.com,+1-966-2344,Friend,2026-07-16
680586873,your,save@ex.com,+1-623-2730,Bad,2026-10-13
310664900,me,day@ex.com,+1-723-4317,Form,2026-01-03
673103693,group,fear@ex.com,+1-482-8229,Yet,2026-05-27
115316368,black,model@ex.com,+1-204-8189,Successful,2026-01-22
789184411,leg,past@ex.com,+1-215-9197,Present,2026-07-02
423897177,game,sport@ex.com,+1-842-9808,Article,2026-05-12
811789594,less,yes@ex.com,+1-719-6260,Candidate,2026-06-18
967511432,example,early@ex.com,+1-237-5553,Your,2026-08-22
638937400,trip,teach@ex.com,+1-216-8635,Popular,2026-02-09
149002926,tax,pressure@ex.com,+1-899-6450,Future,2026-08-11
772254205,southern,about@ex.com,+1-595-5708,Discuss,2026-07-21
136784350,standard,themselves@ex.com,+1-729-8485,Herself,2026-01-21
800125396,develop,director@ex.com,+1-851-5279,Skill,2026-08-23
8672897,green,above@ex.com,+1-101-5853,Too,2026-06-26
354697460,continue,garden@ex.com,+1-823-5063,Majority,2026-10-04
232562997,treatment,state@ex.com,+1-586-1232,Foreign,2026-04-26
164684147,eye,beat@ex.com,+1-446-5290,Important,2026-10-16
899646516,future,mission@ex.com,+1-936-1916,Test,2026-08-24
732976598,record,painting@ex.com,+1-761-3235,Letter,2026-03-13
641731599,simple,star@ex.com,+1-182-2329,Size,2026-05-21
447328404,station,impact@ex.com,+1-211-3039,Career,2026-07-26
64939580,several,half@ex.com,+1-777-9434,List,2026-09-27
278185418,authority,onto@ex.com,+1-224-2094,Key,2026-12-08
628648179,at,certain@ex.com,+1-277-8423,Room,2026-06-25
680884395,tree,could@ex.com,+1-171-6657,Billion,2026-02-04
902343978,network,current@ex.com,+1-579-5161,Report,2026-03-06
464773582,against,state@ex.com,+1-309-9213,Media,2026-05-16
864020245,water,service@ex.com,+1-576-2656,Nearly,2026-02-12
721562653,actually,enjoy@ex.com,+1-641-8222,Tell,2026-11-18
991430563,see,garden@ex.com,+1-212-8539,Life,2026-03-13
234189585,action,ok@ex.com,+1-457-2952,Claim,2026-10-20
257956894,decade,professional@ex.com,+1-813-6631,Smile,2026-09-01
808342298,charge,player@ex.com,+1-840-8636,Visit,2026-06-18
498487949,difficult,test@ex.com,+1-753-3844,Her,2026-11-09
647330201,green,several@ex.com,+1-232-5634,Under,2026-04-19
379302715,music,choice@ex.com,+1-709-5384,Rate,2026-03-18
885346821,over,society@ex.com,+1-836-3710,Once,2026-05-06
923545667,law,administration@ex.com,+1-222-2829,Perhaps,2026-03-10
530711307,account,show@ex.com,+1-502-4613,Policy,2026-02-21
446454936,box,know@ex.com,+1-326-1964,Lawyer,2026-03-28
947733648,culture,more@ex.com,+1-856-3852,Near,2026-03-20
677688588,strong,present@ex.com,+1-215-5590,Single,2026-09-14
691555734,director,now@ex.com,+1-211-2347,Road,2026-11-03
862842566,wind,example@ex.com,+1-249-2207,Decade,2026-11-27
907768495,but,camera@ex.com,+1-526-5204,Force,2026-08-11
138950727,follow,high@ex.com,+1-913-4667,Answer,2026-10-22
748955924,still,perform@ex.com,+1-170-8937,Both,2026-08-14
819284350,artist,go@ex.com,+1-930-8748,Else,2026-09-03
151470769,such,enough@ex.com,+1-320-9829,For,2026-02-28
597004458,hope,list@ex.com,+1-223-5778,Those,2026-02-02
62220570,medical,staff@ex.com,+1-691-4236,Card,2026-02-09
172874412,meet,find@ex.com,+1-540-8432,Black,2026-01-20
520209737,second,explain@ex.com,+1-634-8454,Customer,2026-03-09
779365868,cultural,focus@ex.com,+1-474-2575,Buy,2026-10-08
656929181,finish,network@ex.com,+1-365-8154,Budget,2026-09-10
478537714,edge,realize@ex.com,+1-147-3600,Church,2026-11-22
720440453,glass,cut@ex.com,+1-973-1424,Raise,2026-07-05
681264117,hand,number@ex.com,+1-975-3376,Admit,2026-05-13
352384956,research,yeah@ex.com,+1-907-9980,Well,2026-01-26
497228558,when,history@ex.com,+1-587-1072,Claim,2026-04-27
521984644,former,many@ex.com,+1-623-6308,Threat,2026-11-13
598316981,strategy,economic@ex.com,+1-316-1612,Party,2026-02-21
732914825,maintain,end@ex.com,+1-576-7429,Size,2026-01-15
265300560,number,really@ex.com,+1-511-5161,Health,2026-05-07
687271979,yet,fight@ex.com,+1-333-6982,Culture,2026-09-24
53685292,he,develop@ex.com,+1-327-2954,Service,2026-12-19
479354324,play,response@ex.com,+1-372-3264,Could,2026-07-12
583808717,six,president@ex.com,+1-823-4169,Stock,2026-02-28
89904275,reason,miss@ex.com,+1-394-2862,Lead,2026-09-23
166157574,audience,history@ex.com,+1-205-6860,West,2026-12-10
35327998,dog,south@ex.com,+1-382-5506,Hot,2026-04-01
122362236,another,him@ex.com,+1-783-1869,Message,2026-03-09
474077694,southern,ever@ex.com,+1-137-2506,Find,2026-02-03
831481575,might,game@ex.com,+1-733-5896,To,2026-02-25
49590687,away,special@ex.com,+1-711-7592,Hear,2026-08-05
964966456,support,technology@ex.com,+1-195-4452,Television,2026-04-05
748566771,audience,gas@ex.com,+1-911-1140,Guy,2026-11-17
539550001,very,protect@ex.com,+1-767-8834,Mother,2026-11-11
783637502,Congress,common@ex.com,+1-302-9331,Occur,2026-10-13
81344024,notice,spend@ex.com,+1-550-7891,Hot,2026-07-07
881205714,mouth,worry@ex.com,+1-851-7192,Bit,2026-08-01
598401656,school,process@ex.com,+1-525-5205,Prevent,2026-12-15
489776194,law,yet@ex.com,+1-185-2881,Talk,2026-01-13
478812742,performance,writer@ex.com,+1-631-9458,Continue,2026-09-07
162183445,authority,possible@ex.com,+1-713-1072,Newspaper,2026-09-23
920875586,ago,agree@ex.com,+1-156-3293,She,2026-01-22
292232602,analysis,worker@ex.com,+1-908-3917,Available,2026-07-15
308942715,enter,grow@ex.com,+1-446-6790,Never,2026-10-10
661609922,lay,mean@ex.com,+1-290-9383,Life,2026-01-24
604279094,sure,fight@ex.com,+1-479-4233,Trial,2026-11-06
324249283,a,situation@ex.com,+1-696-6333,Laugh,2026-12-25
170118825,miss,space@ex.com,+1-220-4004,One,2026-10-04
99551762,anyone,entire@ex.com,+1-652-2072,Issue,2026-06-06
373325841,really,risk@ex.com,+1-198-2859,Set,2026-04-09
121065407,hot,speech@ex.com,+1-661-1500,Program,2026-03-25
658121492,leader,way@ex.com,+1-190-3314,Decade,2026-02-24
50890428,skin,executive@ex.com,+1-353-5100,Myself,2026-10-16
442669177,have,a@ex.com,+1-238-6077,Bring,2026-07-09
468665160,social,money@ex.com,+1-403-2224,Report,2026-10-16
996346525,success,summer@ex.com,+1-895-9788,Per,2026-03-03
903327522,reason,doctor@ex.com,+1-192-3666,Very,2026-04-03
383779290,thing,they@ex.com,+1-692-8934,Current,2026-08-08
364831105,town,lawyer@ex.com,+1-228-4758,Agreement,2026-01-14
266781341,Republican,sport@ex.com,+1-501-4304,Good,2026-01-02
360687474,forget,head@ex.com,+1-683-6908,Such,2026-07-23
439298637,nothing,particularly@ex.com,+1-725-6746,Expect,2026-01-20
163508761,able,someone@ex.com,+1-292-8801,Exist,2026-03-11
535552187,industry,wrong@ex.com,+1-431-6262,Special,2026-06-22
619884591,vote,surface@ex.com,+1-884-9408,Nor,2026-02-03
436922519,not,operation@ex.com,+1-664-1708,Full,2026-01-14
709554353,itself,defense@ex.com,+1-178-6572,Lay,2026-04-24
113871278,firm,firm@ex.com,+1-611-9354,Future,2026-12-17
896124161,seek,property@ex.com,+1-638-1806,Measure,2026-09-07
546007463,water,site@ex.com,+1-127-6823,Pretty,2026-08-09
64250500,board,attack@ex.com,+1-404-2431,Hand,2026-02-10
224046969,almost,capital@ex.com,+1-171-3482,Teach,2026-07-05
99884794,watch,yes@ex.com,+1-960-4678,Military,2026-06-08
874854258,born,child@ex.com,+1-725-6664,Certainly,2026-05-12
960386417,record,term@ex.com,+1-112-8878,Appear,2026-03-17
981761583,particularly,explain@ex.com,+1-875-6133,Third,2026-05-28
548621446,manage,put@ex.com,+1-972-6127,During,2026-08-22
853384867,even,red@ex.com,+1-559-3906,Rich,2026-03-22
430181823,picture,magazine@ex.com,+1-439-5167,Also,2026-02-11
349599337,administration,over@ex.com,+1-115-1561,Woman,2026-10-10
164118487,water,everybody@ex.com,+1-881-4591,Success,2026-06-15
335740062,those,find@ex.com,+1-341-1616,Fast,2026-12-01
646223185,yeah,small@ex.com,+1-672-7964,Spend,2026-10-13
772118053,life,history@ex.com,+1-822-5992,Southern,2026-03-11
386210162,hospital,safe@ex.com,+1-501-1983,Throw,2026-11-23
189225998,garden,recent@ex.com,+1-146-2564,Better,2026-11-16
169379158,land,building@ex.com,+1-542-8169,Alone,2026-11-27
293348361,choose,more@ex.com,+1-291-4326,Congress,2026-05-05
417020542,management,example@ex.com,+1-610-5548,Movement,2026-09-11
319757343,fear,more@ex.com,+1-473-6404,Place,2026-07-10
92892153,series,practice@ex.com,+1-663-7515,Bad,2026-11-24
697970695,force,film@ex.com,+1-629-4891,Protect,2026-01-19
511575178,computer,work@ex.com,+1-844-4929,Left,2026-02-02
470682718,industry,nearly@ex.com,+1-625-3902,Not,2026-11-04
301999237,indeed,old@ex.com,+1-112-6935,Strong,2026-11-07
862747411,operation,this@ex.com,+1-745-5732,Specific,2026-07-27
457924078,position,matter@ex.com,+1-713-1355,Glass,2026-07-26
126222251,himself,now@ex.com,+1-160-1528,Foot,2026-09-13
826988282,itself,painting@ex.com,+1-292-6906,Structure,2026-03-26
728522490,stay,consider@ex.com,+1-861-4098,Debate,2026-03-13
605639866,college,agreement@ex.com,+1-439-2097,Goal,2026-09-08
3102124,degree,pretty@ex.com,+1-837-2772,Form,2026-12-13
71247405,successful,unit@ex.com,+1-431-1861,Recent,2026-05-27
600582229,dinner,use@ex.com,+1-460-3852,Prove,2026-08-13
832666080,would,cultural@ex.com,+1-705-9283,Involve,2026-07-21
764393152,institution,official@ex.com,+1-346-1518,Into,2026-07-25
192966594,if,perform@ex.com,+1-163-1460,Surface,2026-07-11
60250253,middle,majority@ex.com,+1-231-1482,Central,2026-01-14
174777010,present,prevent@ex.com,+1-977-6529,Shoulder,2026-07-17
704892275,believe,Republican@ex.com,+1-574-6669,Involve,2026-09-21
272945229,team,treatment@ex.com,+1-561-1428,Space,2026-12-09
972567832,yes,health@ex.com,+1-903-3330,Involve,2026-12-10
357928705,beat,determine@ex.com,+1-410-5967,Threat,2026-11-10
846881155,write,generation@ex.com,+1-327-8173,Which,2026-04-12
611222853,might,everyone@ex.com,+1-240-2526,I,2026-11-06
189378574,risk,state@ex.com,+1-496-1027,Next,2026-03-24
970915804,current,Republican@ex.com,+1-368-4539,Culture,2026-06-12
206940119,human,Mr@ex.com,+1-459-6276,Executive,2026-10-18
309622757,goal,person@ex.com,+1-468-3076,Gun,2026-02-03
584911706,notice,offer@ex.com,+1-227-6048,Right,2026-03-04
225100980,something,human@ex.com,+1-840-2647,Walk,2026-08-21
627541731,might,drop@ex.com,+1-563-5074,Big,2026-12-21
500554019,sister,need@ex.com,+1-248-9508,Seem,2026-01-12
162672272,class,budget@ex.com,+1-788-9439,Evidence,2026-03-10
895603656,central,including@ex.com,+1-479-3466,Throw,2026-03-25
71325565,myself,tree@ex.com,+1-546-4166,Movement,2026-11-05
407590222,only,former@ex.com,+1-137-6964,Require,2026-03-22
172046270,human,letter@ex.com,+1-677-6332,Spring,2026-12-05
353701004,sit,prevent@ex.com,+1-713-3288,Term,2026-02-20
138891741,western,anyone@ex.com,+1-691-4165,Both,2026-04-01
19956014,responsibility,manager@ex.com,+1-450-5580,Role,2026-12-01
494471399,exist,could@ex.com,+1-836-1366,Begin,2026-07-07
49040593,expert,report@ex.com,+1-671-8535,Rest,2026-03-06
618141216,mind,very@ex.com,+1-327-9064,No,2026-03-03
392401163,them,protect@ex.com,+1-179-7823,Detail,2026-10-03
136244133,also,cut@ex.com,+1-795-8592,Too,2026-07-22
62039847,the,maintain@ex.com,+1-158-5080,Five,2026-07-15
71293160,good,oil@ex.com,+1-870-1188,Left,2026-02-25
419521807,third,network@ex.com,+1-981-2291,Discover,2026-04-06
968642833,strong,cell@ex.com,+1-721-2747,Congress,2026-01-06
183018456,answer,only@ex.com,+1-555-1463,Concern,2026-11-05
262034545,new,authority@ex.com,+1-607-8388,Analysis,2026-01-12
495995871,alone,require@ex.com,+1-367-2142,Response,2026-05-22
819848046,benefit,moment@ex.com,+1-364-6763,Idea,2026-12-10
641508184,indicate,team@ex.com,+1-236-8990,Evidence,2026-12-17
974723463,meeting,action@ex.com,+1-810-2387,Themselves,2026-04-12
924683182,protect,key@ex.com,+1-435-7747,Who,2026-08-27
507513529,issue,eye@ex.com,+1-186-8083,Stuff,2026-04-28
59796115,development,expert@ex.com,+1-229-3010,Child,2026-02-17
529875736,camera,change@ex.com,+1-979-9536,Leave,2026-08-03
122867625,rest,pretty@ex.com,+1-693-3542,Professional,2026-04-24
44793172,less,hospital@ex.com,+1-154-1775,Need,2026-08-01
461481513,along,response@ex.com,+1-969-9250,Natural,2026-11-08
949172257,find,police@ex.com,+1-858-5545,Story,2026-07-09
997294057,dark,federal@ex.com,+1-871-9974,Price,2026-05-09
321839102,instead,might@ex.com,+1-237-1910,Wind,2026-04-10
765858703,green,still@ex.com,+1-944-2000,Bar,2026-07-04
80976059,foot,suggest@ex.com,+1-630-4014,Themselves,2026-06-19
615498910,outside,small@ex.com,+1-599-4069,Water,2026-07-11
221485391,fear,direction@ex.com,+1-266-3683,Expect,2026-03-14
331971362,head,meeting@ex.com,+1-476-5500,Just,2026-11-21
405708194,should,worker@ex.com,+1-391-1994,Question,2026-08-03
522723016,political,star@ex.com,+1-908-7824,Sure,2026-05-24
678471592,enter,do@ex.com,+1-746-4303,Result,2026-08-16
361549641,themselves,rather@ex.com,+1-856-4836,Six,2026-11-01
245815695,nothing,dark@ex.com,+1-109-9994,Indeed,2026-05-01
644617005,drive,machine@ex.com,+1-613-6071,Hour,2026-08-17
270836793,apply,nothing@ex.com,+1-353-1599,Six,2026-07-02
36813882,pass,part@ex.com,+1-338-9970,Table,2026-06-21
431155432,year,teach@ex.com,+1-822-5111,Oil,2026-10-22
995183170,focus,yes@ex.com,+1-138-9342,Local,2026-11-06
82206927,four,one@ex.com,+1-363-7691,Arrive,2026-03-26
63207569,himself,off@ex.com,+1-966-3599,Its,2026-05-21
817761263,tough,decide@ex.com,+1-744-7776,Understand,2026-12-18
991078115,itself,at@ex.com,+1-637-7239,Star,2026-03-23
390903221,analysis,deep@ex.com,+1-906-5085,Civil,2026-06-20
52589908,road,head@ex.com,+1-368-2810,Likely,2026-01-12
787203064,more,effort@ex.com,+1-876-4406,Game,2026-02-10
821750028,example,customer@ex.com,+1-629-9961,Detail,2026-03-17
527748334,start,economic@ex.com,+1-175-5132,Training,2026-03-18
653243492,skin,see@ex.com,+1-872-8589,Increase,2026-05-03
361276243,can,among@ex.com,+1-227-5461,Song,2026-10-16
949312959,join,response@ex.com,+1-461-2919,Without,2026-03-22
40721112,reach,bag@ex.com,+1-366-2095,Five,2026-07-02
675308020,total,recent@ex.com,+1-328-2425,Or,2026-06-03
829696585,some,citizen@ex.com,+1-742-3689,Claim,2026-04-25
738190833,safe,mention@ex.com,+1-953-8973,Bar,2026-11-07
553986299,bring,think@ex.com,+1-888-8462,For,2026-02-19
390426232,maintain,role@ex.com,+1-421-6209,Week,2026-02-12
710146149,letter,certainly@ex.com,+1-515-5173,Born,2026-06-17
464235452,campaign,minute@ex.com,+1-896-1214,Magazine,2026-09-10
482238913,history,blood@ex.com,+1-665-3490,Child,2026-04-12
332105811,one,break@ex.com,+1-304-4635,Toward,2026-09-04
589769165,not,I@ex.com,+1-131-2608,Possible,2026-10-27
103252757,avoid,gun@ex.com,+1-732-1086,Style,2026-09-25
881363382,everyone,create@ex.com,+1-286-6011,Ahead,2026-09-22
941851024,sing,thought@ex.com,+1-730-4221,Some,2026-11-20
14228711,certainly,actually@ex.com,+1-466-1922,Technology,2026-01-17
328269849,letter,response@ex.com,+1-603-7019,Candidate,2026-02-04
490754741,prevent,huge@ex.com,+1-701-2293,Piece,2026-11-19
88284321,leader,generation@ex.com,+1-458-4554,These,2026-08-18
459730884,yes,husband@ex.com,+1-846-1684,Great,2026-02-24
90945107,college,sit@ex.com,+1-960-2841,Million,2026-11-15
506869639,still,question@ex.com,+1-235-5238,Sign,2026-08-19
224100945,start,center@ex.com,+1-261-3629,Threat,2026-03-19
879107427,specific,read@ex.com,+1-555-2574,Source,2026-11-01
870569282,fly,worker@ex.com,+1-658-2584,Quickly,2026-11-04
22047950,through,one@ex.com,+1-119-3230,Main,2026-01-11
887291246,then,authority@ex.com,+1-512-3780,Lose,2026-11-24
150858761,guess,attorney@ex.com,+1-889-5069,Away,2026-06-12
168145085,opportunity,through@ex.com,+1-506-4064,Oil,2026-08-15
676332712,professor,technology@ex.com,+1-117-5425,Board,2026-12-23
839516359,special,court@ex.com,+1-844-4658,Draw,2026-01-10
234100273,without,new@ex.com,+1-760-8386,Company,2026-09-02
939798645,early,smile@ex.com,+1-446-4542,Time,2026-09-28
217326634,suddenly,several@ex.com,+1-349-2155,Cell,2026-02-27
655144698,her,push@ex.com,+1-208-5874,Item,2026-08-25
543262377,wear,local@ex.com,+1-640-1290,Less,2026-04-11
750517639,program,way@ex.com,+1-477-7254,Force,2026-01-27
651792122,necessary,military@ex.com,+1-348-4508,Scene,2026-01-05
410469477,bar,total@ex.com,+1-412-9568,Later,2026-05-28
255243172,pressure,watch@ex.com,+1-768-5293,Free,2026-09-19
977991798,hair,research@ex.com,+1-434-1720,Could,2026-08-05
827255458,light,do@ex.com,+1-129-4886,Response,2026-02-25
123096519,technology,protect@ex.com,+1-351-5964,Trip,2026-09-01
527864849,rest,late@ex.com,+1-927-3520,Degree,2026-02-17
475671356,skin,wind@ex.com,+1-766-3881,Seem,2026-09-03
58600197,political,machine@ex.com,+1-480-5299,Total,2026-05-06
867270096,free,goal@ex.com,+1-665-6020,Hotel,2026-03-12
188667184,concern,bad@ex.com,+1-151-7587,Day,2026-09-15
745117808,much,force@ex.com,+1-496-6573,Next,2026-10-24
578134544,cut,guess@ex.com,+1-524-3679,With,2026-09-03
344186167,ask,Republican@ex.com,+1-453-5217,Nothing,2026-12-06
472786874,fire,pretty@ex.com,+1-986-8510,One,2026-06-09
443061379,describe,treatment@ex.com,+1-603-8520,Too,2026-06-16
828925203,part,however@ex.com,+1-391-4907,Whose,2026-12-07
387727020,fact,decade@ex.com,+1-718-4472,Nation,2026-03-27
809041476,standard,entire@ex.com,+1-110-7009,Enough,2026-09-06
994582348,most,bar@ex.com,+1-291-5626,Hospital,2026-11-28
98509115,federal,those@ex.com,+1-771-3319,Recent,2026-10-28
456432775,popular,fund@ex.com,+1-315-3630,Case,2026-01-16
755372496,power,Democrat@ex.com,+1-320-4996,This,2026-02-17
451914394,suggest,think@ex.com,+1-425-4660,Rock,2026-07-18
227028060,expert,mission@ex.com,+1-153-8882,Hospital,2026-09-14
402703847,candidate,some@ex.com,+1-213-8111,Particularly,2026-11-26
178582924,threat,data@ex.com,+1-263-7461,Stock,2026-03-13
179470120,PM,stand@ex.com,+1-308-3920,None,2026-05-02
414559701,free,fill@ex.com,+1-588-7105,Seek,2026-07-24
975925473,score,west@ex.com,+1-424-3083,Physical,2026-06-13
126200702,whose,Mrs@ex.com,+1-777-5796,Seem,2026-10-28
76089544,door,any@ex.com,+1-902-4628,Collection,2026-11-27
175174544,artist,focus@ex.com,+1-571-3335,Rather,2026-08-10
975210887,she,wrong@ex.com,+1-745-9481,Throw,2026-06-17
411167287,inside,leader@ex.com,+1-922-5603,Lead,2026-08-21
745138469,bring,expert@ex.com,+1-381-9203,Improve,2026-04-09
354315015,cup,whatever@ex.com,+1-209-5362,Thousand,2026-06-21
674065793,company,moment@ex.com,+1-504-5374,Boy,2026-04-27
268168112,bring,wish@ex.com,+1-861-7545,Investment,2026-06-20
673308797,south,human@ex.com,+1-896-4841,Attention,2026-01-22
311409915,hear,tree@ex.com,+1-709-7146,Water,2026-11-27
671731479,toward,game@ex.com,+1-615-4953,Long,2026-12-12
494402527,art,its@ex.com,+1-181-3334,In,2026-05-04
119059027,three,instead@ex.com,+1-650-5394,Space,2026-12-04
677690859,organization,trial@ex.com,+1-591-3813,Speak,2026-06-04
149773122,economy,measure@ex.com,+1-309-5088,Dog,2026-05-13
971971599,quite,cause@ex.com,+1-198-3649,Upon,2026-02-02
808827538,difference,learn@ex.com,+1-538-9574,These,2026-12-08
705860617,read,trip@ex.com,+1-640-8687,Guy,2026-12-20
16355975,skill,hospital@ex.com,+1-631-4338,For,2026-02-26
566535980,glass,people@ex.com,+1-708-1522,Expert,2026-08-17
670858351,under,these@ex.com,+1-896-6072,Degree,2026-09-13
685754768,remain,thought@ex.com,+1-839-4926,Some,2026-05-09
627295803,response,would@ex.com,+1-515-6959,Current,2026-08-02
298433751,fly,put@ex.com,+1-197-7405,Economy,2026-04-17
254466541,not,news@ex.com,+1-432-9785,Appear,2026-02-12
196549078,we,nice@ex.com,+1-828-6290,Candidate,2026-08-21
984300229,move,however@ex.com,+1-285-8598,Guy,2026-10-18
220485565,defense,eye@ex.com,+1-609-5097,Level,2026-07-04
899238137,establish,smile@ex.com,+1-559-2269,His,2026-05-06
275937414,board,sense@ex.com,+1-971-7729,Rate,2026-10-25
858661046,war,end@ex.com,+1-767-4788,Street,2026-08-28
66464673,system,positive@ex.com,+1-464-8859,Wide,2026-07-13
285405624,author,industry@ex.com,+1-875-5799,Include,2026-02-08
425533470,step,participant@ex.com,+1-132-1351,Movement,2026-01-01
202876314,most,break@ex.com,+1-506-8528,View,2026-01-05
886307543,apply,drive@ex.com,+1-347-5231,Argue,2026-04-13
151993617,authority,explain@ex.com,+1-388-3263,Woman,2026-06-08
712703043,boy,performance@ex.com,+1-382-3603,Parent,2026-09-08
320136219,explain,Mrs@ex.com,+1-859-2504,Painting,2026-04-05
383633898,to,among@ex.com,+1-206-8043,Democratic,2026-04-15
63515448,lose,travel@ex.com,+1-803-5030,Industry,2026-07-28
959692313,morning,professional@ex.com,+1-858-3529,Always,2026-11-27
118234794,unit,style@ex.com,+1-904-5570,Much,2026-03-13
414745481,when,figure@ex.com,+1-169-8420,Better,2026-11-25
56677555,talk,deep@ex.com,+1-243-6128,Can,2026-10-17
221901571,read,political@ex.com,+1-172-4641,For,2026-05-09
966317355,ago,interview@ex.com,+1-204-1218,Recognize,2026-10-21
315217827,matter,standard@ex.com,+1-350-7813,Business,2026-09-15
244465240,task,vote@ex.com,+1-949-1109,Run,2026-02-09
80173418,teacher,it@ex.com,+1-919-4768,Year,2026-12-22
639524560,meet,popular@ex.com,+1-387-4207,Western,2026-09-05
165193826,above,and@ex.com,+1-380-3919,Painting,2026-11-15
789019856,city,discussion@ex.com,+1-859-1206,Start,2026-06-14
337892152,clear,develop@ex.com,+1-216-4700,Direction,2026-01-06
384170655,worker,body@ex.com,+1-204-7102,Respond,2026-03-03
540310247,could,good@ex.com,+1-524-4450,Them,2026-03-17
164455070,ahead,great@ex.com,+1-184-6808,No,2026-03-21
906602163,ability,continue@ex.com,+1-411-4707,Treatment,2026-04-07
53617108,social,before@ex.com,+1-230-2639,See,2026-05-19
567517010,religious,specific@ex.com,+1-617-9877,Job,2026-04-06
263342602,hour,magazine@ex.com,+1-575-4925,Get,2026-09-18
980560023,bit,power@ex.com,+1-905-4670,Imagine,2026-01-18
461564671,describe,near@ex.com,+1-925-2173,Raise,2026-03-20
868049156,too,system@ex.com,+1-592-1406,Person,2026-07-16
913459827,Democrat,affect@ex.com,+1-603-6065,Bring,2026-10-01
166347005,quite,debate@ex.com,+1-447-8262,Color,2026-03-25
570038040,something,similar@ex.com,+1-975-3623,Way,2026-07-28
786203628,believe,song@ex.com,+1-550-8966,Just,2026-10-27
683905722,sense,pay@ex.com,+1-461-9638,Wonder,2026-04-06
867731814,reach,effect@ex.com,+1-843-2710,My,2026-02-07
46213381,message,feel@ex.com,+1-339-2986,Expect,2026-04-16
519473883,manager,consumer@ex.com,+1-221-2933,Toward,2026-09-27
838712219,degree,another@ex.com,+1-146-6484,Final,2026-11-12
892707686,reality,his@ex.com,+1-217-1239,President,2026-02-12
162922172,safe,once@ex.com,+1-515-3673,Sit,2026-03-10
289018688,thought,look@ex.com,+1-420-4180,Quite,2026-06-27
89643607,show,computer@ex.com,+1-842-5554,Home,2026-07-17
119322086,soon,meet@ex.com,+1-502-5293,Describe,2026-11-18
579612325,explain,response@ex.com,+1-934-2297,Interesting,2026-08-21
329172907,sort,whose@ex.com,+1-524-3653,Law,2026-02-15
697288223,across,to@ex.com,+1-824-3500,Moment,2026-06-06
79700707,health,most@ex.com,+1-321-4421,Weight,2026-12-09
502415999,paper,trip@ex.com,+1-788-4628,Common,2026-10-23
624088156,debate,anyone@ex.com,+1-900-7940,Control,2026-05-24
652557906,one,change@ex.com,+1-854-7913,Fly,2026-12-05
129049571,way,attention@ex.com,+1-436-3832,Thought,2026-02-08
614399650,even,can@ex.com,+1-337-4756,Conference,2026-03-05
363811587,suffer,ok@ex.com,+1-362-7510,Four,2026-06-03
831368378,knowledge,despite@ex.com,+1-494-1431,Become,2026-07-26
929607801,small,continue@ex.com,+1-763-3448,Data,2026-06-13
973115585,story,who@ex.com,+1-819-6894,Catch,2026-10-05
236824235,beat,skill@ex.com,+1-685-4042,Trial,2026-05-20
67649893,view,art@ex.com,+1-129-6416,Tonight,2026-12-02
743670043,hundred,history@ex.com,+1-128-4874,Tend,2026-02-06
295842805,record,upon@ex.com,+1-267-2690,Another,2026-09-17
795778351,charge,job@ex.com,+1-304-3203,Name,2026-02-18
487761100,economy,better@ex.com,+1-979-8590,Direction,2026-02-18
672080501,carry,eat@ex.com,+1-627-6985,Worry,2026-04-27
600944098,bring,structure@ex.com,+1-679-2868,Time,2026-02-21
10358802,make,trip@ex.com,+1-884-8859,Answer,2026-11-14
102461277,blue,son@ex.com,+1-627-4308,Program,2026-08-07
146333425,choice,debate@ex.com,+1-634-7944,Environment,2026-10-27
831507002,option,democratic@ex.com,+1-129-9130,Where,2026-05-07
626318069,threat,author@ex.com,+1-312-4506,Point,2026-12-19
240493664,hot,can@ex.com,+1-617-5212,Near,2026-09-14
166550654,baby,decide@ex.com,+1-319-4508,Event,2026-03-11
305399801,behind,sign@ex.com,+1-344-5054,School,2026-04-10
194047597,animal,way@ex.com,+1-296-8165,Throw,2026-09-18
906932542,seat,animal@ex.com,+1-422-5856,Everybody,2026-02-16
684674594,single,sort@ex.com,+1-354-1403,Building,2026-07-25
938318142,sit,church@ex.com,+1-886-3252,Dog,2026-04-24
306766638,specific,base@ex.com,+1-803-1889,Real,2026-06-04
259191405,full,home@ex.com,+1-321-6963,State,2026-09-23
566012298,finish,world@ex.com,+1-438-5912,Look,2026-08-23
203959131,determine,recognize@ex.com,+1-970-1975,Likely,2026-02-16
820275273,those,continue@ex.com,+1-104-4914,World,2026-09-16
134484141,prepare,difficult@ex.com,+1-451-3970,Cost,2026-08-28
853175387,oil,million@ex.com,+1-946-7072,Economic,2026-04-21
553898368,not,value@ex.com,+1-610-7946,Knowledge,2026-02-04
835179676,good,man@ex.com,+1-583-6349,May,2026-07-15
906474037,your,budget@ex.com,+1-562-1942,Huge,2026-01-17
422677368,defense,think@ex.com,+1-673-8171,Onto,2026-09-22
142325080,provide,business@ex.com,+1-496-2632,Others,2026-08-06
263840014,war,good@ex.com,+1-602-8127,Successful,2026-06-12
685413357,vote,now@ex.com,+1-328-8812,Different,2026-09-26
485048183,Mrs,term@ex.com,+1-652-2349,Many,2026-07-11
796446525,visit,fall@ex.com,+1-579-4708,Red,2026-07-07
850307671,even,board@ex.com,+1-823-4026,Choice,2026-06-04
184170780,professional,dream@ex.com,+1-630-5476,Gun,2026-07-06
28386674,seven,interest@ex.com,+1-311-3159,Truth,2026-12-08
124939756,describe,deal@ex.com,+1-313-9923,State,2026-02-10
766042408,some,name@ex.com,+1-231-9645,Budget,2026-05-20
246749003,whole,never@ex.com,+1-340-7697,Major,2026-11-10
779047558,ok,lay@ex.com,+1-677-4479,Report,2026-04-19
537278967,family,keep@ex.com,+1-230-7612,Community,2026-03-23
820685214,answer,oil@ex.com,+1-795-3391,Here,2026-11-27
542193106,receive,thousand@ex.com,+1-929-3768,Question,2026-12-21
405412908,money,far@ex.com,+1-719-1558,Minute,2026-08-24
506829243,support,pretty@ex.com,+1-107-7851,Industry,2026-09-25
712593973,time,less@ex.com,+1-145-2147,Once,2026-11-01
556458433,theory,for@ex.com,+1-390-1610,Theory,2026-04-28
274966600,sign,throw@ex.com,+1-503-3406,Color,2026-04-06
764814929,dream,also@ex.com,+1-455-8609,Reflect,2026-01-13
665759206,from,soldier@ex.com,+1-704-2029,Event,2026-08-27
688923751,career,partner@ex.com,+1-661-2488,Simply,2026-09-26
530027975,leave,tonight@ex.com,+1-335-8845,Record,2026-06-01
651458138,nothing,future@ex.com,+1-284-9168,Growth,2026-10-24
73362534,physical,floor@ex.com,+1-281-2484,Miss,2026-10-14
347255232,only,capital@ex.com,+1-900-9000,Read,2026-12-25
255570478,possible,language@ex.com,+1-539-6566,Tend,2026-08-22
200703713,maybe,PM@ex.com,+1-263-4218,Without,2026-11-14
755733341,leader,admit@ex.com,+1-310-1990,Three,2026-03-13
880348384,major,them@ex.com,+1-501-3016,Establish,2026-11-17
872891888,Mrs,very@ex.com,+1-931-5283,Will,2026-11-20
794425041,hundred,sign@ex.com,+1-380-2548,Tell,2026-07-10
528962938,decide,success@ex.com,+1-201-6358,Whom,2026-02-23
499235175,arm,enjoy@ex.com,+1-497-6253,Growth,2026-04-28
485840983,result,ahead@ex.com,+1-370-4650,Section,2026-11-20
164443917,example,police@ex.com,+1-363-1983,Exist,2026-12-17
226602232,threat,truth@ex.com,+1-932-3773,Certain,2026-10-25
157153737,sit,notice@ex.com,+1-811-7162,Trouble,2026-10-10
71148764,range,simple@ex.com,+1-271-4508,Ability,2026-12-14
684138339,answer,wait@ex.com,+1-655-4944,Walk,2026-04-05
578534675,evidence,food@ex.com,+1-275-8646,Treatment,2026-05-09
899176217,describe,tend@ex.com,+1-298-8766,List,2026-01-13
545192920,meet,indicate@ex.com,+1-239-7561,Cell,2026-04-11
597980880,include,natural@ex.com,+1-113-4819,Former,2026-02-16
147669998,chair,out@ex.com,+1-539-6070,Information,2026-04-26
127470551,just,board@ex.com,+1-323-9162,Sort,2026-08-14
2566784,the,development@ex.com,+1-327-2702,Particular,2026-10-08
946535045,pass,above@ex.com,+1-316-1635,Leave,2026-12-22
638110106,sit,individual@ex.com,+1-536-5919,Which,2026-11-25
526094032,huge,defense@ex.com,+1-370-4116,There,2026-02-03
668241100,person,fly@ex.com,+1-866-3621,Concern,2026-04-25
123883022,someone,dog@ex.com,+1-470-3641,Truth,2026-03-18
768642418,challenge,man@ex.com,+1-568-4877,Away,2026-11-22
799839818,by,natural@ex.com,+1-683-7686,Red,2026-07-08
709970779,safe,we@ex.com,+1-877-9181,Measure,2026-02-27
482091820,management,fire@ex.com,+1-282-6566,Hear,2026-06-03
210590643,indicate,series@ex.com,+1-832-2695,More,2026-11-27
37840665,take,sound@ex.com,+1-438-2601,Customer,2026-03-25
626379650,record,be@ex.com,+1-205-3381,Able,2026-05-05
109509779,song,value@ex.com,+1-962-9643,Down,2026-07-10
576041894,join,president@ex.com,+1-563-6130,Reality,2026-01-01
814991198,could,indicate@ex.com,+1-734-7316,Better,2026-11-21
619563444,eye,measure@ex.com,+1-764-4286,Boy,2026-06-23
68438668,past,specific@ex.com,+1-259-1429,Beat,2026-01-24
678029071,stuff,save@ex.com,+1-169-6181,Their,2026-10-28
537725017,single,to@ex.com,+1-635-1390,Measure,2026-09-14
370676645,whose,lose@ex.com,+1-112-2621,Poor,2026-09-08
902676398,international,memory@ex.com,+1-183-9311,Prevent,2026-07-28
951961319,general,economic@ex.com,+1-484-6264,Computer,2026-08-01
580253779,behind,number@ex.com,+1-338-2649,Which,2026-11-12
822999494,senior,range@ex.com,+1-961-6861,Article,2026-03-17
636719487,into,would@ex.com,+1-110-4264,Leg,2026-12-17
476989530,foot,yard@ex.com,+1-817-5518,Attention,2026-07-12
824359239,day,glass@ex.com,+1-753-5398,Him,2026-11-07
550337808,official,population@ex.com,+1-523-3903,Figure,2026-03-03
167470707,goal,weight@ex.com,+1-744-3852,Everybody,2026-04-08
55940644,up,avoid@ex.com,+1-494-1868,Teacher,2026-05-02
374152374,deal,word@ex.com,+1-703-8952,Onto,2026-02-24
789182427,control,nor@ex.com,+1-221-6422,Seem,2026-06-23
564651059,Congress,four@ex.com,+1-478-8729,Fact,2026-01-26
312153293,owner,drop@ex.com,+1-465-3935,Time,2026-03-16
300123140,important,lay@ex.com,+1-459-4439,Speech,2026-07-10
360803431,could,hotel@ex.com,+1-783-8635,Wide,2026-08-25
817530392,continue,whole@ex.com,+1-935-8637,Too,2026-10-09
120250337,word,name@ex.com,+1-307-5081,All,2026-01-01
233411809,order,although@ex.com,+1-490-8301,To,2026-06-11
881807032,impact,spend@ex.com,+1-764-7377,Star,2026-03-08
794412515,push,note@ex.com,+1-924-1078,Often,2026-10-10
314621950,strategy,single@ex.com,+1-357-1557,Government,2026-04-07
668779344,music,bad@ex.com,+1-371-5504,Face,2026-11-24
21264275,challenge,style@ex.com,+1-348-3223,Vote,2026-03-26
423755872,management,task@ex.com,+1-414-3395,Purpose,2026-09-21
691082815,space,history@ex.com,+1-351-3754,Help,2026-01-22
833784982,land,teacher@ex.com,+1-160-3711,News,2026-04-19
818275731,town,discover@ex.com,+1-445-7725,Perhaps,2026-09-01
397998009,easy,candidate@ex.com,+1-162-2684,That,2026-01-03
166854407,middle,color@ex.com,+1-146-8471,Author,2026-03-09
856401592,upon,Mrs@ex.com,+1-903-5952,They,2026-12-21
549416867,if,decide@ex.com,+1-231-5534,Central,2026-01-18
829165780,Congress,safe@ex.com,+1-781-3582,Per,2026-02-13
627462823,perhaps,system@ex.com,+1-395-5027,Several,2026-06-05
755172106,instead,fight@ex.com,+1-990-1968,Church,2026-04-07
7837796,lose,believe@ex.com,+1-766-6559,Race,2026-07-27
653118804,example,evening@ex.com,+1-591-1374,Feel,2026-09-19
177520640,indicate,manager@ex.com,+1-972-9948,Important,2026-09-05
235360040,car,increase@ex.com,+1-806-1119,Also,2026-10-16
373913583,reduce,safe@ex.com,+1-514-3738,Player,2026-04-11
122410376,fast,space@ex.com,+1-334-6819,Feeling,2026-03-11
376241328,peace,west@ex.com,+1-255-9008,Democratic,2026-02-01
744055737,about,option@ex.com,+1-881-3579,Always,2026-12-28
834339858,court,some@ex.com,+1-501-1493,Economic,2026-07-20
171698161,central,current@ex.com,+1-259-4557,Tonight,2026-01-06
33639470,create,author@ex.com,+1-219-2934,Wide,2026-10-19
696762853,every,special@ex.com,+1-208-6574,Stop,2026-09-17
818688033,treatment,wide@ex.com,+1-749-3103,Pull,2026-01-09
146147843,choose,gas@ex.com,+1-542-5820,Management,2026-07-17
314847463,black,picture@ex.com,+1-321-5799,Matter,2026-01-07
504891972,rise,thousand@ex.com,+1-456-6925,Your,2026-02-08
569317720,father,anyone@ex.com,+1-531-2122,Several,2026-10-12
282254620,data,off@ex.com,+1-783-8764,Make,2026-02-25
31470226,call,important@ex.com,+1-830-3595,Painting,2026-05-03
713469373,talk,marriage@ex.com,+1-132-4379,Your,2026-11-10
832698013,including,cut@ex.com,+1-237-7511,Person,2026-03-07
342763060,five,response@ex.com,+1-402-7119,Name,2026-12-06
941629198,level,direction@ex.com,+1-392-3327,View,2026-05-17
244755939,country,evening@ex.com,+1-995-4164,Far,2026-09-23
346603776,exactly,own@ex.com,+1-893-1463,Culture,2026-11-17
432207598,must,include@ex.com,+1-446-1944,American,2026-10-10
657864638,window,benefit@ex.com,+1-299-4584,Which,2026-12-09
521041971,beat,tree@ex.com,+1-291-5377,Democrat,2026-03-13
656288926,development,truth@ex.com,+1-728-4917,Event,2026-03-14
956427225,reason,seven@ex.com,+1-496-8103,Population,2026-08-26
377016102,key,behavior@ex.com,+1-452-4039,Former,2026-11-07
763014134,collection,control@ex.com,+1-921-9543,Top,2026-04-09
564874995,audience,drop@ex.com,+1-198-9520,Amount,2026-06-08
398825462,stock,western@ex.com,+1-287-2134,Bad,2026-07-13
772356154,his,his@ex.com,+1-798-7851,Clear,2026-03-09
956054967,trip,big@ex.com,+1-930-3094,Direction,2026-12-03
469586385,indicate,agreement@ex.com,+1-103-7511,After,2026-01-08
842614607,series,yard@ex.com,+1-940-9991,Suffer,2026-07-21
879926207,notice,range@ex.com,+1-900-7984,All,2026-09-15
473790300,decade,vote@ex.com,+1-399-8911,Majority,2026-02-20
99596351,common,appear@ex.com,+1-124-8237,Happy,2026-02-28
247258139,always,several@ex.com,+1-212-7633,Fear,2026-11-21
868043787,reason,pressure@ex.com,+1-285-1081,Information,2026-04-19
168403225,religious,of@ex.com,+1-431-2481,Recognize,2026-03-06
714347380,future,party@ex.com,+1-180-9465,Indicate,2026-10-19
298293922,but,game@ex.com,+1-530-5401,Friend,2026-01-25
599667581,type,general@ex.com,+1-802-4661,Control,2026-10-13
591602979,street,series@ex.com,+1-987-1277,Top,2026-04-22
2490840,chance,watch@ex.com,+1-558-4991,Box,2026-11-05
690420093,experience,four@ex.com,+1-131-6835,Even,2026-05-14
30154873,provide,affect@ex.com,+1-386-2263,Evening,2026-03-17
331919520,stop,popular@ex.com,+1-700-2600,Police,2026-02-26
226050092,cup,again@ex.com,+1-410-8552,Across,2026-06-15
574285338,receive,push@ex.com,+1-914-3706,Only,2026-07-19
841803099,box,end@ex.com,+1-395-6458,Government,2026-01-01
408633203,nor,throughout@ex.com,+1-716-9818,Expect,2026-11-11
239540943,matter,build@ex.com,+1-520-2421,Whatever,2026-08-23
635977078,bring,attention@ex.com,+1-830-8783,Research,2026-02-12
859601970,oil,seat@ex.com,+1-184-8447,Person,2026-06-09
262562143,cut,smile@ex.com,+1-836-9025,Also,2026-10-15
570409738,affect,event@ex.com,+1-226-8626,Table,2026-01-10
728910828,finally,very@ex.com,+1-586-2006,Choose,2026-12-17
2567986,go,case@ex.com,+1-615-8347,Her,2026-03-19
877474814,goal,them@ex.com,+1-129-2039,Voice,2026-07-23
217064941,show,listen@ex.com,+1-973-5639,Certain,2026-07-18
787499672,last,soon@ex.com,+1-363-5004,Painting,2026-07-14
769417461,especially,think@ex.com,+1-962-2773,Thought,2026-02-25
679828982,sign,note@ex.com,+1-680-9846,A,2026-10-18
165740307,word,draw@ex.com,+1-610-6738,Stage,2026-03-20
840651086,energy,his@ex.com,+1-658-1199,Public,2026-08-01
619283261,ever,power@ex.com,+1-454-3724,Wide,2026-11-11
785980917,follow,force@ex.com,+1-965-8664,Mother,2026-01-22
695677718,network,song@ex.com,+1-909-1466,Or,2026-02-11
172587435,scientist,account@ex.com,+1-391-7327,Your,2026-07-06
384580268,smile,security@ex.com,+1-213-9912,Source,2026-04-12
342310214,consumer,state@ex.com,+1-617-9864,Painting,2026-11-23
593112897,who,build@ex.com,+1-118-4352,Whatever,2026-06-13
131677272,local,they@ex.com,+1-800-5820,Miss,2026-09-25
883633817,production,music@ex.com,+1-541-5203,Build,2026-08-28
283754161,discussion,create@ex.com,+1-714-4504,Sit,2026-05-18
535539965,article,people@ex.com,+1-968-3359,Group,2026-01-18
152149937,than,cover@ex.com,+1-587-6433,Small,2026-07-21
828474654,head,even@ex.com,+1-954-2604,Prove,2026-08-17
942095697,exactly,service@ex.com,+1-638-7718,The,2026-10-17
625284266,little,find@ex.com,+1-689-7960,Discover,2026-03-12
102375358,parent,others@ex.com,+1-941-8194,Game,2026-11-25
782573551,standard,meeting@ex.com,+1-513-7629,Entire,2026-03-01
370803028,floor,western@ex.com,+1-344-7560,Too,2026-04-26
551810153,seat,official@ex.com,+1-257-9077,Who,2026-08-25
288144284,good,pretty@ex.com,+1-328-5492,Wide,2026-06-09
102021959,what,follow@ex.com,+1-253-9596,Total,2026-12-26
431494592,guess,political@ex.com,+1-531-9802,Offer,2026-07-10
545917688,decide,six@ex.com,+1-327-3490,Audience,2026-07-27
155721992,term,race@ex.com,+1-430-5014,Way,2026-05-08
299905694,key,cell@ex.com,+1-751-2037,Stuff,2026-09-12
470283826,wall,Democrat@ex.com,+1-737-7198,Next,2026-11-26
46046357,then,health@ex.com,+1-598-6343,Out,2026-06-10
28935905,fact,back@ex.com,+1-830-3311,Treatment,2026-06-02
554410719,machine,study@ex.com,+1-102-5201,Them,2026-07-10
862232958,term,sign@ex.com,+1-389-1789,The,2026-05-27
424515049,Mrs,single@ex.com,+1-744-2686,Way,2026-04-06
614841795,base,project@ex.com,+1-875-2712,She,2026-05-01
850083209,tough,evidence@ex.com,+1-437-9057,Threat,2026-09-07
267758901,song,really@ex.com,+1-467-7822,Provide,2026-05-04
364173192,especially,measure@ex.com,+1-240-1774,Hard,2026-05-06
863553233,middle,put@ex.com,+1-376-7166,Arrive,2026-01-01
797217545,by,program@ex.com,+1-143-1407,Baby,2026-08-13
598170807,recognize,executive@ex.com,+1-105-6878,Court,2026-10-03
457415033,range,city@ex.com,+1-945-7763,Now,2026-08-19
320042837,seven,past@ex.com,+1-427-7171,His,2026-08-13
901152750,meet,safe@ex.com,+1-317-6430,Lose,2026-12-21
602380077,decide,so@ex.com,+1-422-7414,North,2026-05-19
378477701,human,impact@ex.com,+1-466-8049,Few,2026-07-19
721444975,issue,everybody@ex.com,+1-617-3843,Very,2026-12-07
876862353,space,particularly@ex.com,+1-600-3407,Both,2026-03-01
548788979,yes,window@ex.com,+1-372-3770,Skill,2026-01-09
99623635,tonight,sister@ex.com,+1-519-2522,Huge,2026-03-13
921759745,world,scene@ex.com,+1-546-5841,Term,2026-03-19
403634753,red,indeed@ex.com,+1-989-7245,Even,2026-12-15
968285318,guy,order@ex.com,+1-631-7981,Ability,2026-09-17
232844977,force,determine@ex.com,+1-503-3107,Someone,2026-06-09
385706777,increase,fall@ex.com,+1-541-1887,Relationship,2026-07-19
735042735,scientist,huge@ex.com,+1-546-7596,There,2026-08-18
718145721,president,director@ex.com,+1-493-9614,Claim,2026-04-22
97180657,partner,brother@ex.com,+1-392-8109,Training,2026-07-15
368503800,pretty,benefit@ex.com,+1-656-3895,Popular,2026-02-10
22727087,such,sense@ex.com,+1-287-4082,Maintain,2026-07-02
614936013,help,air@ex.com,+1-384-7207,Plan,2026-05-06
437137640,popular,reason@ex.com,+1-455-5728,Coach,2026-03-17
616163299,security,later@ex.com,+1-874-1809,Cut,2026-09-10
209953260,attack,meeting@ex.com,+1-971-5126,Red,2026-08-01
622700807,meeting,reveal@ex.com,+1-758-3110,Participant,2026-02-11
212023737,vote,easy@ex.com,+1-663-8535,Perhaps,2026-02-21
309398535,ability,customer@ex.com,+1-469-2156,Talk,2026-04-04
256156217,half,nothing@ex.com,+1-769-2383,Both,2026-11-10
525304801,someone,how@ex.com,+1-552-6011,Visit,2026-02-15
348459737,sit,operation@ex.com,+1-520-8673,Impact,2026-07-28
329696049,position,democratic@ex.com,+1-685-1772,Apply,2026-11-17
304232414,yet,stay@ex.com,+1-700-4830,Song,2026-09-10
39627518,author,kid@ex.com,+1-810-1295,Fish,2026-12-19
83053,street,rate@ex.com,+1-600-8450,Pressure,2026-08-27
979098509,pull,throw@ex.com,+1-946-8740,Event,2026-08-18
648847273,role,itself@ex.com,+1-322-8756,Start,2026-04-19
337640307,defense,recognize@ex.com,+1-386-4446,Animal,2026-09-27
56836885,per,skill@ex.com,+1-270-5441,Camera,2026-03-24
145688963,leader,small@ex.com,+1-799-6016,Onto,2026-10-01
822727909,nor,vote@ex.com,+1-686-1095,Join,2026-09-18
618850268,professor,guess@ex.com,+1-152-7495,Product,2026-03-26
550235446,particularly,several@ex.com,+1-699-5857,Thousand,2026-07-07
952145992,yeah,teach@ex.com,+1-227-6774,Could,2026-11-23
602309974,perform,ago@ex.com,+1-609-7890,Six,2026-01-09
26793781,pull,role@ex.com,+1-195-5929,Knowledge,2026-02-17
57028617,foreign,under@ex.com,+1-118-9443,Hand,2026-07-25
958492317,trial,yes@ex.com,+1-636-8913,Successful,2026-01-28
192213052,camera,Congress@ex.com,+1-999-8647,Quality,2026-04-11
505470170,decide,citizen@ex.com,+1-145-3866,Later,2026-08-28
133323444,power,once@ex.com,+1-950-7254,Democratic,2026-05-13
196801409,industry,than@ex.com,+1-450-4703,Help,2026-05-03
993465543,upon,instead@ex.com,+1-328-1952,Person,2026-09-20
440421881,left,game@ex.com,+1-969-1728,Expert,2026-06-13
237537367,mouth,address@ex.com,+1-487-6536,But,2026-08-09
675268105,his,what@ex.com,+1-284-4983,Thing,2026-05-18
179320212,indicate,bill@ex.com,+1-336-7786,Lot,2026-11-07
481412697,weight,other@ex.com,+1-190-5819,Certainly,2026-11-22
783210974,shoulder,form@ex.com,+1-485-7329,Through,2026-06-15
54778538,player,collection@ex.com,+1-454-8858,Fine,2026-08-28
131978487,green,agency@ex.com,+1-666-2216,Group,2026-11-24
187075949,so,rather@ex.com,+1-999-5541,Machine,2026-09-24
373349366,much,before@ex.com,+1-714-9863,Life,2026-04-26
549268789,edge,stage@ex.com,+1-205-5895,Picture,2026-04-27
635690109,issue,job@ex.com,+1-665-6932,Sister,2026-05-22
499414350,direction,best@ex.com,+1-114-4128,Federal,2026-10-26
786685375,single,leader@ex.com,+1-549-7700,Until,2026-10-13
634315097,town,simply@ex.com,+1-808-7539,Medical,2026-05-01
602030851,keep,soldier@ex.com,+1-959-5366,Out,2026-10-02
98244924,wind,team@ex.com,+1-679-6157,Including,2026-07-12
778607346,important,each@ex.com,+1-826-2316,Series,2026-09-06
634175273,sort,memory@ex.com,+1-379-9161,Sense,2026-08-13
293962263,three,left@ex.com,+1-940-6281,Election,2026-03-01
931597447,painting,exactly@ex.com,+1-676-2185,Finish,2026-08-16
715980724,stock,win@ex.com,+1-259-3431,Against,2026-05-02
594370227,east,break@ex.com,+1-834-3131,Read,2026-05-16
219843006,administration,news@ex.com,+1-819-4324,Red,2026-05-24
600028343,return,fear@ex.com,+1-655-8060,Mean,2026-08-05
780825137,change,positive@ex.com,+1-397-6471,Control,2026-10-07
498461508,reach,trial@ex.com,+1-758-4756,Like,2026-01-17
293495600,record,many@ex.com,+1-615-2143,Anyone,2026-05-11
499505454,describe,tonight@ex.com,+1-597-1215,Church,2026-08-12
691711031,available,space@ex.com,+1-115-6481,Right,2026-02-13
678093873,near,value@ex.com,+1-141-9665,Skin,2026-09-03
871812948,change,Congress@ex.com,+1-849-6437,Individual,2026-11-01
911247753,figure,team@ex.com,+1-511-6913,How,2026-12-14
646013502,southern,laugh@ex.com,+1-490-5421,Discussion,2026-06-12
642559691,very,mean@ex.com,+1-873-1828,Reveal,2026-04-03
540181513,once,not@ex.com,+1-652-3281,Baby,2026-04-25
101424041,near,chance@ex.com,+1-185-6815,Somebody,2026-07-04
729238288,our,middle@ex.com,+1-722-3984,Piece,2026-01-05
621523966,maintain,last@ex.com,+1-200-1798,Record,2026-04-07
417018903,enjoy,entire@ex.com,+1-463-3131,Few,2026-06-15
121854702,member,order@ex.com,+1-769-9180,Fund,2026-09-05
173962980,skill,charge@ex.com,+1-157-3693,Position,2026-07-21
782634132,response,imagine@ex.com,+1-218-7486,Safe,2026-04-05
50936558,weight,forward@ex.com,+1-768-2948,Less,2026-12-10
390685990,vote,positive@ex.com,+1-669-3243,Able,2026-02-13
242334954,to,despite@ex.com,+1-840-7002,Consumer,2026-06-22
968034102,never,practice@ex.com,+1-755-6824,Weight,2026-06-18
483350315,morning,system@ex.com,+1-840-8310,Range,2026-04-28
74336352,year,three@ex.com,+1-985-3827,Glass,2026-03-24
748526039,stage,tree@ex.com,+1-642-1834,Right,2026-06-11
838820230,opportunity,attention@ex.com,+1-501-4650,Kid,2026-04-17
759229361,know,subject@ex.com,+1-513-5877,Yeah,2026-04-20
72773212,example,marriage@ex.com,+1-576-3264,One,2026-05-24
567302182,smile,order@ex.com,+1-928-8467,Believe,2026-02-09
337329851,fear,yard@ex.com,+1-756-6342,Star,2026-02-04
446266991,tough,lose@ex.com,+1-663-3681,Side,2026-01-19
982552278,general,piece@ex.com,+1-782-8075,Television,2026-12-15
632586313,national,eye@ex.com,+1-447-8325,Prove,2026-09-27
297671075,rate,apply@ex.com,+1-332-5738,Range,2026-08-01
729298008,answer,shake@ex.com,+1-490-3179,Republican,2026-12-13
924367145,particularly,manager@ex.com,+1-230-6484,Environment,2026-04-19
734651343,practice,early@ex.com,+1-507-3518,Sit,2026-08-05
284746947,development,share@ex.com,+1-100-2908,Mission,2026-03-06
302073090,environmental,consider@ex.com,+1-253-2235,Fear,2026-05-11
42781367,whose,indeed@ex.com,+1-462-7546,Return,2026-08-01
14578164,artist,property@ex.com,+1-606-6705,Machine,2026-04-15
917749867,just,particularly@ex.com,+1-796-2196,Indicate,2026-03-08
410524977,kid,figure@ex.com,+1-598-8013,Myself,2026-01-25
685205963,among,everyone@ex.com,+1-133-7429,Very,2026-11-23
902240878,visit,available@ex.com,+1-406-7638,Professor,2026-09-12
611528003,meet,main@ex.com,+1-361-9055,Tonight,2026-02-08
464085061,difference,challenge@ex.com,+1-118-6656,Character,2026-06-03
962033762,friend,left@ex.com,+1-801-3258,Ago,2026-10-05
347536490,conference,else@ex.com,+1-209-1150,View,2026-09-28
416991310,force,arrive@ex.com,+1-618-8095,Fast,2026-09-17
838670509,apply,yes@ex.com,+1-896-3075,Power,2026-11-09
337495730,speech,never@ex.com,+1-286-5477,Truth,2026-10-16
765009051,measure,claim@ex.com,+1-452-8569,Unit,2026-06-05
918846669,knowledge,impact@ex.com,+1-160-3580,Entire,2026-06-22
324134612,wind,bag@ex.com,+1-507-9732,Head,2026-02-03
85071331,key,both@ex.com,+1-490-9005,Box,2026-12-10
973622554,sit,include@ex.com,+1-814-1187,Onto,2026-12-12
855985046,better,relate@ex.com,+1-326-8413,Present,2026-01-19
85783657,certainly,reach@ex.com,+1-883-8406,Alone,2026-02-11
507539414,front,back@ex.com,+1-659-3167,Total,2026-06-03
82897600,central,majority@ex.com,+1-242-8730,Garden,2026-02-14
162304755,ground,run@ex.com,+1-891-3226,Team,2026-05-14
534036157,find,news@ex.com,+1-802-3917,That,2026-07-22
605453265,church,line@ex.com,+1-948-7950,Until,2026-09-12
499026777,arrive,sign@ex.com,+1-365-1128,Best,2026-07-02
125831397,friend,her@ex.com,+1-655-1156,Arrive,2026-01-12
973369055,health,ground@ex.com,+1-745-8198,Board,2026-05-28
398537358,front,inside@ex.com,+1-785-2771,News,2026-07-23
726128070,drive,positive@ex.com,+1-185-2101,Style,2026-05-25
604869,pay,find@ex.com,+1-338-4651,Most,2026-04-13
807441735,executive,special@ex.com,+1-240-2124,Public,2026-09-02
551564978,lose,subject@ex.com,+1-738-2553,Consider,2026-07-13
587309237,choose,fly@ex.com,+1-980-6570,Music,2026-08-17
353955598,policy,drop@ex.com,+1-393-1606,Present,2026-01-02
203158427,they,occur@ex.com,+1-720-9333,Public,2026-07-12
935405496,quite,condition@ex.com,+1-546-6703,Power,2026-09-10
715105955,require,call@ex.com,+1-963-8611,Class,2026-03-02
144223243,upon,various@ex.com,+1-685-5846,Last,2026-11-02
186248541,try,newspaper@ex.com,+1-344-6330,Could,2026-08-05
921339059,beyond,investment@ex.com,+1-561-8823,One,2026-12-03
827056259,drive,song@ex.com,+1-807-2317,Involve,2026-05-14
217991268,former,until@ex.com,+1-327-2141,Challenge,2026-06-20
684016680,husband,word@ex.com,+1-774-7928,Watch,2026-10-04
87288478,travel,one@ex.com,+1-791-5405,Black,2026-05-26
335416180,thought,entire@ex.com,+1-614-8551,Common,2026-08-28
759008987,star,value@ex.com,+1-600-8360,List,2026-08-06
255875291,sound,deep@ex.com,+1-849-2106,Himself,2026-04-25
405969020,science,remember@ex.com,+1-990-5314,Myself,2026-08-11
992242424,inside,term@ex.com,+1-642-9251,Real,2026-08-16
750670088,fish,argue@ex.com,+1-818-8518,Difference,2026-08-06
367790302,degree,send@ex.com,+1-190-5394,Nice,2026-06-15
945444250,follow,technology@ex.com,+1-921-7855,Yet,2026-02-14
793279465,police,weight@ex.com,+1-626-1284,Four,2026-06-11
230786028,could,similar@ex.com,+1-708-5783,Late,2026-07-04
858574171,computer,see@ex.com,+1-324-1916,Eye,2026-05-12
374416872,thought,financial@ex.com,+1-595-5884,Option,2026-04-03
298169890,increase,player@ex.com,+1-896-8046,Claim,2026-02-08
67413066,can,that@ex.com,+1-702-2006,Prevent,2026-04-12
767064664,color,enjoy@ex.com,+1-363-2992,News,2026-06-14
625447306,participant,morning@ex.com,+1-319-4780,Quite,2026-10-24
669720601,miss,others@ex.com,+1-588-6035,Sister,2026-10-17
421215146,administration,group@ex.com,+1-654-7703,Series,2026-04-24
926352102,case,find@ex.com,+1-577-7216,With,2026-06-01
315432083,product,indicate@ex.com,+1-699-6347,Nice,2026-10-25
50804264,similar,fly@ex.com,+1-734-1175,Claim,2026-08-23
234215496,move,wide@ex.com,+1-761-9028,Concern,2026-05-19
444237429,key,health@ex.com,+1-851-6597,Know,2026-09-22
202525373,watch,true@ex.com,+1-272-4385,Southern,2026-09-07
843121005,area,when@ex.com,+1-346-6575,My,2026-01-20
906093949,professional,wide@ex.com,+1-651-8279,Decide,2026-10-15
766337714,education,history@ex.com,+1-280-1565,Another,2026-06-21
160316971,research,range@ex.com,+1-750-8375,Record,2026-03-08
308310292,whose,hundred@ex.com,+1-273-9267,Whole,2026-08-26
871609920,evening,political@ex.com,+1-506-9398,Ability,2026-06-26
803521168,nearly,with@ex.com,+1-475-5635,Anything,2026-04-27
557826407,laugh,left@ex.com,+1-699-6953,Push,2026-12-16
154897908,financial,mission@ex.com,+1-546-6885,Full,2026-06-15
713424879,film,specific@ex.com,+1-411-9998,Authority,2026-02-26
393905899,lose,require@ex.com,+1-674-4563,Involve,2026-08-19
481543165,meeting,just@ex.com,+1-162-8787,Page,2026-09-03
4376278,policy,thing@ex.com,+1-985-9176,Serious,2026-12-09
828255406,discover,order@ex.com,+1-878-5256,Up,2026-01-03
651379800,soldier,ahead@ex.com,+1-920-3265,Treatment,2026-11-09
342768767,treatment,she@ex.com,+1-727-6793,Everything,2026-03-25
668344848,traditional,respond@ex.com,+1-209-5966,Something,2026-05-16
649536065,arrive,several@ex.com,+1-459-3530,Campaign,2026-11-04
132820929,type,final@ex.com,+1-514-1879,Society,2026-10-27
22824370,third,really@ex.com,+1-902-4245,Lose,2026-03-25
81927387,pick,discover@ex.com,+1-135-7794,Social,2026-05-04
435153796,four,hotel@ex.com,+1-146-5813,Indeed,2026-01-24
696449438,him,generation@ex.com,+1-473-7358,Degree,2026-03-28
353665982,way,report@ex.com,+1-623-1732,Beat,2026-05-03
744359848,fear,that@ex.com,+1-331-6257,Democratic,2026-09-23
680217897,late,southern@ex.com,+1-238-9295,Manage,2026-05-24
298346031,not,hope@ex.com,+1-698-4296,Expect,2026-10-24
967291514,about,right@ex.com,+1-128-8998,Media,2026-12-25
143568577,late,floor@ex.com,+1-441-4891,House,2026-03-10
708326817,young,order@ex.com,+1-726-8674,Look,2026-01-16
804534154,Mr,challenge@ex.com,+1-592-1644,Direction,2026-05-02
579649607,recognize,institution@ex.com,+1-450-4038,Lot,2026-12-25
193853872,now,operation@ex.com,+1-401-6765,Not,2026-01-16
323213328,view,detail@ex.com,+1-226-4887,Tree,2026-02-03
645556359,item,anyone@ex.com,+1-539-7377,Southern,2026-12-23
490818306,dark,everyone@ex.com,+1-194-4510,Next,2026-12-24
561544341,sea,management@ex.com,+1-946-3668,Executive,2026-11-09
219444220,question,lawyer@ex.com,+1-734-4137,Not,2026-02-01
238446050,energy,statement@ex.com,+1-455-8645,List,2026-12-05
615521494,indeed,push@ex.com,+1-216-4953,Order,2026-07-08
975475437,truth,capital@ex.com,+1-508-1686,Church,2026-03-25
519283093,hour,operation@ex.com,+1-773-1542,Rich,2026-08-28
773149522,nothing,pass@ex.com,+1-357-2320,Until,2026-10-14
415125833,data,feeling@ex.com,+1-476-4054,Fish,2026-03-10
546469481,me,sister@ex.com,+1-488-5203,Former,2026-05-12
950695762,system,later@ex.com,+1-974-2704,Support,2026-08-07
192759829,book,discussion@ex.com,+1-928-3802,Evening,2026-06-06
315280985,read,education@ex.com,+1-529-6519,Future,2026-10-05
642459081,current,rule@ex.com,+1-970-2095,Fear,2026-04-08
113489999,eye,style@ex.com,+1-740-3544,Moment,2026-07-01
811433363,pull,last@ex.com,+1-170-3537,Step,2026-08-16
72392362,college,task@ex.com,+1-281-7791,Fill,2026-07-18
679911482,measure,church@ex.com,+1-801-4493,Sort,2026-07-04
382092475,state,everything@ex.com,+1-758-7653,Authority,2026-04-20
356131023,hundred,spring@ex.com,+1-468-8108,Information,2026-03-17
681360230,yeah,clear@ex.com,+1-220-2877,Guy,2026-01-24
731649530,throw,bring@ex.com,+1-861-2057,Team,2026-08-08
723512211,hand,be@ex.com,+1-236-3002,Discuss,2026-10-25
526907267,attention,spring@ex.com,+1-696-2795,When,2026-08-05
817796220,standard,move@ex.com,+1-266-9039,White,2026-01-14
380398468,accept,above@ex.com,+1-727-8165,Policy,2026-01-03
260777940,full,chance@ex.com,+1-505-4542,City,2026-03-14
602788845,trial,system@ex.com,+1-516-9625,Do,2026-06-23
784892980,remain,stop@ex.com,+1-814-7244,Cover,2026-04-15
482000237,five,thing@ex.com,+1-733-5711,Painting,2026-07-10
694464644,heavy,make@ex.com,+1-843-9579,Determine,2026-10-10
664186957,kitchen,someone@ex.com,+1-820-3327,For,2026-06-22
74655244,environmental,interview@ex.com,+1-106-7740,Top,2026-11-27
458952189,movement,fact@ex.com,+1-482-2949,Heavy,2026-07-09
248647940,occur,address@ex.com,+1-454-4373,Agree,2026-08-02
676003809,issue,southern@ex.com,+1-227-6613,Network,2026-06-06
184671559,nothing,dark@ex.com,+1-665-9767,Impact,2026-04-14
142928533,near,stage@ex.com,+1-174-8061,Money,2026-02-15
932990089,writer,short@ex.com,+1-292-6965,Region,2026-06-22
835705249,involve,red@ex.com,+1-305-1975,Left,2026-06-27
997267992,increase,glass@ex.com,+1-740-7578,Threat,2026-06-28
505047861,story,might@ex.com,+1-237-8481,Their,2026-11-05
13052472,reduce,opportunity@ex.com,+1-528-1384,Sit,2026-08-14
891476276,upon,people@ex.com,+1-565-4847,Short,2026-05-27
327440679,notice,view@ex.com,+1-852-1229,Wish,2026-08-12
795577320,much,one@ex.com,+1-978-6502,Car,2026-06-13
928437235,offer,your@ex.com,+1-707-3486,Second,2026-01-21
840044491,audience,still@ex.com,+1-842-7610,Guess,2026-12-28
854385464,main,leave@ex.com,+1-151-5680,Far,2026-08-04
998790557,computer,agreement@ex.com,+1-587-6266,Bag,2026-05-24
282406473,enjoy,themselves@ex.com,+1-289-6503,Yard,2026-06-08
260017582,face,indicate@ex.com,+1-221-1927,All,2026-02-12
894102676,true,difference@ex.com,+1-290-8623,None,2026-12-01
904730470,yeah,hear@ex.com,+1-920-4815,Appear,2026-01-04
133954593,management,too@ex.com,+1-644-5868,Piece,2026-04-11
598977967,rich,animal@ex.com,+1-158-4629,Area,2026-01-01
197206229,fine,unit@ex.com,+1-880-4996,Drive,2026-05-27
137271692,old,message@ex.com,+1-500-8769,Space,2026-02-28
250097911,generation,decade@ex.com,+1-179-5789,Beautiful,2026-01-11
114662824,specific,executive@ex.com,+1-830-1958,To,2026-12-08
560836359,score,usually@ex.com,+1-274-5618,Artist,2026-09-19
605037905,unit,summer@ex.com,+1-172-5439,Fear,2026-10-28
115860303,safe,goal@ex.com,+1-344-4698,For,2026-11-23
519565088,stay,member@ex.com,+1-579-8781,Different,2026-08-19
363131377,type,sure@ex.com,+1-876-5231,Control,2026-01-06
425232593,guy,later@ex.com,+1-496-4557,Leave,2026-04-09
187733814,we,feeling@ex.com,+1-215-5439,Market,2026-07-26
308480091,why,camera@ex.com,+1-927-3244,Young,2026-09-09
814558436,fly,trip@ex.com,+1-658-7770,Gas,2026-03-19
520989402,art,receive@ex.com,+1-579-8386,Population,2026-05-27
568911605,red,such@ex.com,+1-980-3613,Early,2026-01-09
155587391,relate,like@ex.com,+1-759-8989,Tell,2026-07-21
973783383,red,past@ex.com,+1-185-9872,Public,2026-09-18
927099353,price,control@ex.com,+1-696-1492,Important,2026-09-02
712318853,budget,then@ex.com,+1-934-2468,Short,2026-10-24
373078791,upon,family@ex.com,+1-482-1645,Government,2026-04-23
809087643,even,stop@ex.com,+1-895-5890,Focus,2026-04-09
411005692,machine,some@ex.com,+1-596-6966,Dinner,2026-06-25
436886697,book,available@ex.com,+1-311-8028,Wrong,2026-04-02
676489183,authority,worker@ex.com,+1-164-1482,Spring,2026-12-13
962356328,something,too@ex.com,+1-930-6490,Guess,2026-05-19
483624068,peace,else@ex.com,+1-423-5184,Baby,2026-12-19
804596482,build,call@ex.com,+1-530-3473,Relate,2026-12-25
28114535,claim,without@ex.com,+1-872-3413,Camera,2026-12-26
274347452,special,effort@ex.com,+1-828-7220,Cost,2026-12-24
554353966,might,election@ex.com,+1-882-1896,Southern,2026-09-24
267164792,free,become@ex.com,+1-733-2587,Store,2026-03-26
114888841,certainly,teach@ex.com,+1-306-2027,Certainly,2026-09-17
850390883,once,PM@ex.com,+1-661-6364,Develop,2026-03-16
736960461,morning,issue@ex.com,+1-317-4658,Understand,2026-05-11
59780072,involve,food@ex.com,+1-547-8953,Hospital,2026-01-03
93551089,much,she@ex.com,+1-177-8040,Become,2026-10-02
118445061,threat,road@ex.com,+1-834-3692,Yes,2026-02-22
848688450,anything,tonight@ex.com,+1-724-6404,Whatever,2026-01-20
611311741,think,yet@ex.com,+1-578-5748,Article,2026-03-01
659042943,which,hospital@ex.com,+1-111-6801,Industry,2026-12-10
5006901,economic,move@ex.com,+1-883-1121,Woman,2026-12-25
200607260,available,range@ex.com,+1-251-1648,Forward,2026-02-22
746278978,fact,me@ex.com,+1-306-4148,Between,2026-12-19
397106714,believe,appear@ex.com,+1-498-2528,Too,2026-10-04
249221751,will,debate@ex.com,+1-677-9005,Really,2026-09-16
20221053,data,hot@ex.com,+1-797-2979,Reach,2026-01-26
926473944,send,hair@ex.com,+1-465-5328,Window,2026-03-06
699643875,public,Democrat@ex.com,+1-690-7439,Our,2026-02-05
642385369,fall,believe@ex.com,+1-319-9634,Professor,2026-06-10
701634258,play,no@ex.com,+1-375-2983,Responsibility,2026-01-03
73954274,require,policy@ex.com,+1-224-6828,Eye,2026-06-14
811256226,most,voice@ex.com,+1-229-7991,Hot,2026-02-19
379450660,leader,establish@ex.com,+1-784-4083,Available,2026-11-14
134014797,how,lose@ex.com,+1-579-7460,Medical,2026-03-22
131690009,bit,thank@ex.com,+1-615-2250,Away,2026-07-14
990220260,yes,young@ex.com,+1-711-8726,Threat,2026-02-21
293696948,arrive,class@ex.com,+1-455-1142,Artist,2026-01-01
57044566,result,step@ex.com,+1-708-2557,Fine,2026-04-16
314990450,eight,inside@ex.com,+1-759-7526,Idea,2026-11-08
508808082,language,always@ex.com,+1-262-6321,Race,2026-12-14
773196317,whose,personal@ex.com,+1-510-7247,Member,2026-04-22
181115238,look,everyone@ex.com,+1-797-4455,Lawyer,2026-09-06
266234054,finish,site@ex.com,+1-531-1515,Process,2026-03-18
923004657,fear,thousand@ex.com,+1-154-3396,Amount,2026-08-10
636920925,agreement,physical@ex.com,+1-145-1187,Point,2026-09-08
441995159,chance,space@ex.com,+1-458-6399,Stay,2026-04-19
756169833,else,day@ex.com,+1-506-8460,Teacher,2026-08-21
13872869,start,child@ex.com,+1-588-4321,Data,2026-06-09
42617031,put,among@ex.com,+1-934-8961,Card,2026-01-28
669881003,summer,reduce@ex.com,+1-988-5067,Former,2026-02-03
648443856,young,power@ex.com,+1-276-6727,Consumer,2026-03-02
38190900,win,without@ex.com,+1-168-8261,Relate,2026-11-26
96490743,wind,thought@ex.com,+1-989-1851,Room,2026-05-19
19403373,bag,woman@ex.com,+1-934-6342,Buy,2026-03-08
487987155,its,control@ex.com,+1-983-4014,Clear,2026-07-24
499702088,speak,thought@ex.com,+1-618-5638,Soldier,2026-06-17
323270387,professor,three@ex.com,+1-165-9083,When,2026-06-07
178567944,technology,tonight@ex.com,+1-296-5579,Will,2026-10-24
359036999,Congress,operation@ex.com,+1-626-9281,Sport,2026-02-26
481743866,agent,quality@ex.com,+1-840-1777,Lead,2026-12-21
564001091,prevent,where@ex.com,+1-525-7067,Long,2026-10-28
261978212,defense,economic@ex.com,+1-670-6205,Cold,2026-06-10
796505556,dream,spend@ex.com,+1-619-8860,Way,2026-07-20
354140721,people,them@ex.com,+1-632-3062,Perform,2026-05-07
155514392,now,meeting@ex.com,+1-350-1804,Idea,2026-08-04
764320799,under,skin@ex.com,+1-246-9507,Create,2026-10-27
580385191,student,point@ex.com,+1-246-6649,Successful,2026-07-28
511276066,certain,maintain@ex.com,+1-313-2258,Few,2026-08-23
134387241,manager,form@ex.com,+1-983-6947,Someone,2026-08-23
15379544,style,tough@ex.com,+1-310-2921,Another,2026-06-08
93468349,media,mean@ex.com,+1-411-5475,Me,2026-12-18
727852583,late,popular@ex.com,+1-538-9756,Evening,2026-02-16
144103277,light,opportunity@ex.com,+1-564-3049,Yes,2026-07-10
367346031,degree,father@ex.com,+1-610-8342,Some,2026-10-08
631770858,thought,long@ex.com,+1-300-6718,Time,2026-10-08
536568809,art,military@ex.com,+1-531-4476,Parent,2026-04-03
373060551,street,fly@ex.com,+1-782-9953,Take,2026-03-26
344357038,smile,vote@ex.com,+1-801-6669,Decade,2026-09-19
689589492,even,rather@ex.com,+1-516-9111,Threat,2026-12-20
590708683,from,paper@ex.com,+1-429-3158,Arrive,2026-02-25
857241808,less,reflect@ex.com,+1-705-6285,Data,2026-02-16
68564756,party,create@ex.com,+1-828-8602,Fill,2026-11-25
270429392,difference,card@ex.com,+1-153-4593,Second,2026-05-26
104721640,show,behavior@ex.com,+1-828-3321,Open,2026-08-18
507500173,official,nature@ex.com,+1-320-4840,Human,2026-11-16
237904400,sense,strong@ex.com,+1-847-1595,Behavior,2026-12-09
165271677,particularly,response@ex.com,+1-958-2882,Sport,2026-06-11
238545888,green,building@ex.com,+1-289-6045,Face,2026-10-15
561059717,hair,travel@ex.com,+1-622-8772,Business,2026-10-24
177105254,smile,north@ex.com,+1-244-1049,Media,2026-04-03
907649422,vote,hospital@ex.com,+1-109-5915,Describe,2026-10-05
583712732,often,politics@ex.com,+1-586-8908,Assume,2026-10-12
666717105,control,decade@ex.com,+1-896-6800,Risk,2026-02-11
993005973,four,now@ex.com,+1-516-6906,Act,2026-08-07
808008211,put,blood@ex.com,+1-149-3103,Color,2026-10-14
628556483,will,common@ex.com,+1-443-1353,Hour,2026-12-05
944670685,natural,north@ex.com,+1-899-2928,Focus,2026-01-27
787927139,shoulder,increase@ex.com,+1-910-3900,Lot,2026-02-19
705969859,although,simple@ex.com,+1-708-1961,Smile,2026-02-11
819784304,glass,for@ex.com,+1-739-8588,Media,2026-10-12
965684775,major,threat@ex.com,+1-551-9790,Ask,2026-09-14
481967984,offer,thought@ex.com,+1-161-3407,Box,2026-07-01
511880473,some,require@ex.com,+1-866-2020,Improve,2026-04-16
479281739,professional,scientist@ex.com,+1-365-6207,Herself,2026-06-13
680589114,receive,draw@ex.com,+1-636-9084,Nation,2026-10-20
305502429,shoulder,oil@ex.com,+1-497-1883,Build,2026-06-17
319898854,final,education@ex.com,+1-626-8726,Strategy,2026-07-26
597595892,debate,guess@ex.com,+1-559-6458,Bring,2026-03-26
417300399,right,church@ex.com,+1-297-9081,West,2026-09-16
943014837,hair,see@ex.com,+1-393-6032,Choose,2026-01-28
746492484,language,degree@ex.com,+1-901-8257,Similar,2026-02-05
919920549,act,hour@ex.com,+1-628-2396,Door,2026-10-14
754885892,after,above@ex.com,+1-856-6910,Walk,2026-07-13
205778985,keep,tree@ex.com,+1-690-6963,Realize,2026-05-19
14906693,perhaps,know@ex.com,+1-871-9833,Window,2026-07-05
509968931,grow,sit@ex.com,+1-407-3193,Certainly,2026-10-22
602059126,medical,year@ex.com,+1-616-3792,Follow,2026-07-03
15052063,entire,her@ex.com,+1-847-4365,Ball,2026-05-21
927760800,system,rise@ex.com,+1-707-2160,Likely,2026-10-28
146118966,attack,consumer@ex.com,+1-849-2489,Just,2026-07-23
271919746,professor,black@ex.com,+1-967-9340,Adult,2026-08-14
865934203,wind,range@ex.com,+1-103-2027,Republican,2026-12-23
759609299,really,try@ex.com,+1-490-1115,Operation,2026-04-19
22492803,back,economic@ex.com,+1-576-6067,Leader,2026-07-06
289575119,spend,garden@ex.com,+1-857-8900,Perhaps,2026-06-27
275832216,push,myself@ex.com,+1-430-4344,Fine,2026-01-01
188250882,suddenly,upon@ex.com,+1-645-7626,Industry,2026-04-25
880104840,tree,occur@ex.com,+1-134-5013,Sister,2026-01-20
248607760,hair,tonight@ex.com,+1-370-4504,Five,2026-04-28
131545887,board,four@ex.com,+1-778-8435,She,2026-02-06
796145235,international,special@ex.com,+1-496-2894,Part,2026-10-25
774133372,team,democratic@ex.com,+1-276-3447,Thousand,2026-09-22
294980817,by,media@ex.com,+1-150-3939,Whole,2026-11-07
61181805,follow,million@ex.com,+1-312-2047,Sit,2026-10-12
516987805,where,those@ex.com,+1-904-5579,Personal,2026-03-15
354357456,weight,consider@ex.com,+1-313-8372,Official,2026-09-03
342768228,democratic,tax@ex.com,+1-111-6985,Trip,2026-01-11
256759146,positive,most@ex.com,+1-588-7117,Mean,2026-03-04
483243152,somebody,see@ex.com,+1-673-9773,Establish,2026-11-12
787862448,feeling,follow@ex.com,+1-412-4917,Sense,2026-07-21
538263596,decade,law@ex.com,+1-562-1111,Really,2026-09-01
602757741,concern,will@ex.com,+1-272-9797,Painting,2026-04-11
190905427,drop,peace@ex.com,+1-422-3412,Weight,2026-03-28
161345271,movement,indicate@ex.com,+1-134-6793,Cover,2026-02-07
186670187,ground,small@ex.com,+1-361-7744,Foot,2026-01-08
90911696,every,its@ex.com,+1-324-8364,Time,2026-08-17
73505068,single,summer@ex.com,+1-990-7950,More,2026-03-05
249834397,by,modern@ex.com,+1-411-1380,Itself,2026-03-10
862822679,treatment,into@ex.com,+1-714-3698,My,2026-07-26
443551011,southern,degree@ex.com,+1-989-7746,Once,2026-08-08
215218507,why,church@ex.com,+1-218-1484,Reflect,2026-02-02
694277905,apply,mean@ex.com,+1-119-3455,Address,2026-02-06
234085603,group,meeting@ex.com,+1-964-7075,To,2026-03-18
720853855,story,sense@ex.com,+1-624-1400,Back,2026-08-24
609086731,international,peace@ex.com,+1-131-1712,Return,2026-01-21
293417244,tree,some@ex.com,+1-692-4968,Buy,2026-09-06
539620054,anything,cut@ex.com,+1-837-3210,Could,2026-02-20
721111998,better,north@ex.com,+1-102-7650,Drive,2026-07-20
366381552,source,board@ex.com,+1-353-8188,Southern,2026-07-28
617373037,reveal,evening@ex.com,+1-971-8431,Go,2026-08-02
498551223,tend,event@ex.com,+1-562-1074,Than,2026-01-05
484803969,look,turn@ex.com,+1-136-4337,Start,2026-11-11
172799892,red,red@ex.com,+1-898-5142,Think,2026-05-23
347536360,charge,then@ex.com,+1-833-2351,Within,2026-01-28
974852904,notice,rich@ex.com,+1-734-8923,Million,2026-08-10
763038439,describe,site@ex.com,+1-129-1808,Key,2026-09-20
318216009,question,vote@ex.com,+1-331-4481,Something,2026-03-17
50869070,agree,ago@ex.com,+1-964-4325,Will,2026-12-18
817651766,picture,quite@ex.com,+1-971-2601,Popular,2026-02-01
104589835,cost,everybody@ex.com,+1-408-4742,Together,2026-02-15
171094673,close,could@ex.com,+1-606-9840,Article,2026-03-11
365073446,inside,collection@ex.com,+1-691-9756,Teach,2026-12-24
48110740,water,believe@ex.com,+1-197-5728,Us,2026-08-01
920714440,give,find@ex.com,+1-996-3244,Require,2026-12-02
176573068,hope,more@ex.com,+1-692-3353,Administration,2026-12-11
423710536,world,here@ex.com,+1-980-6757,Really,2026-09-06
225270772,first,trial@ex.com,+1-759-3647,Protect,2026-07-25
601059758,by,sister@ex.com,+1-490-3736,Son,2026-03-11
913564144,value,lawyer@ex.com,+1-857-9381,Each,2026-11-13
478022253,involve,cell@ex.com,+1-252-9069,Notice,2026-05-28
540577132,husband,less@ex.com,+1-639-1959,When,2026-05-25
597591389,also,discuss@ex.com,+1-423-2923,Tax,2026-05-01
444044773,game,half@ex.com,+1-737-3828,If,2026-11-16
277129218,audience,specific@ex.com,+1-486-2284,Mission,2026-06-27
864060097,whatever,commercial@ex.com,+1-252-8919,Positive,2026-09-15
891898779,take,future@ex.com,+1-559-8573,End,2026-04-23
593540001,professor,suddenly@ex.com,+1-411-4734,Really,2026-04-28
58624844,moment,center@ex.com,+1-255-4253,Travel,2026-03-26
173193069,run,agree@ex.com,+1-333-6575,Image,2026-07-03
838228898,whatever,song@ex.com,+1-458-8037,Generation,2026-04-14
754371599,once,its@ex.com,+1-489-9906,Future,2026-01-06
776844933,lay,later@ex.com,+1-333-1624,Likely,2026-04-06
17173494,health,significant@ex.com,+1-243-4524,Ball,2026-03-16
453407931,theory,word@ex.com,+1-641-4185,Popular,2026-08-18
874377790,fast,control@ex.com,+1-881-1047,He,2026-04-11
987241036,least,enough@ex.com,+1-680-8217,Drop,2026-04-05
942751521,attention,reduce@ex.com,+1-343-3498,Range,2026-04-17
12198907,across,heavy@ex.com,+1-335-3201,Much,2026-07-09
951227233,a,adult@ex.com,+1-919-9389,Wrong,2026-06-25
860387025,north,million@ex.com,+1-319-8845,Art,2026-01-03
337561710,operation,anyone@ex.com,+1-567-3223,Next,2026-02-19
231521521,detail,reflect@ex.com,+1-226-1182,Also,2026-03-22
752037930,along,west@ex.com,+1-666-4341,Four,2026-12-28
698375867,reveal,sea@ex.com,+1-345-9817,Each,2026-12-20
347760678,Congress,it@ex.com,+1-998-3378,Science,2026-05-06
570496974,oil,hold@ex.com,+1-859-5384,Lawyer,2026-02-06
802626033,character,including@ex.com,+1-441-9038,Local,2026-08-01
342626249,people,summer@ex.com,+1-143-4723,Management,2026-03-26
392287071,it,recognize@ex.com,+1-627-8057,Mission,2026-01-13
5929597,they,child@ex.com,+1-100-1273,Live,2026-05-07
457537330,arrive,range@ex.com,+1-229-7721,Base,2026-03-22
164405166,property,ago@ex.com,+1-645-2196,Middle,2026-05-06
116503727,question,deep@ex.com,+1-127-1673,Similar,2026-05-08
602011369,politics,data@ex.com,+1-392-7005,Coach,2026-01-27
608893493,worry,message@ex.com,+1-308-2508,Development,2026-04-27
106060820,write,Mrs@ex.com,+1-777-4968,Second,2026-11-18
891740323,war,to@ex.com,+1-846-2942,State,2026-10-11
270207393,important,despite@ex.com,+1-786-7245,Ability,2026-06-28
666087050,building,part@ex.com,+1-426-7929,Source,2026-03-05
742033197,tell,still@ex.com,+1-649-3369,Dog,2026-04-02
983826874,begin,performance@ex.com,+1-373-5241,They,2026-07-07
218907510,always,indicate@ex.com,+1-995-7357,Popular,2026-06-28
508756803,now,skill@ex.com,+1-882-7539,Guy,2026-11-10
504744839,bad,beautiful@ex.com,+1-684-5314,Old,2026-06-16
262729916,car,take@ex.com,+1-759-9559,Including,2026-04-26
36678313,stock,include@ex.com,+1-285-2014,Interview,2026-04-20
440404746,people,question@ex.com,+1-500-4451,Happen,2026-12-11
251791469,indicate,with@ex.com,+1-214-1761,Key,2026-03-07
805580944,wonder,or@ex.com,+1-495-8442,Inside,2026-02-11
392638688,race,whose@ex.com,+1-691-7783,Inside,2026-04-22
72063885,political,up@ex.com,+1-674-3360,Theory,2026-02-27
245458659,try,century@ex.com,+1-415-6742,Life,2026-10-08
494016021,experience,rise@ex.com,+1-725-5613,Six,2026-08-09
763966137,with,talk@ex.com,+1-261-4845,Loss,2026-09-01
990917601,send,near@ex.com,+1-493-9264,Century,2026-08-23
400293116,away,offer@ex.com,+1-529-6145,Work,2026-12-20
521578516,decade,question@ex.com,+1-872-7164,Scene,2026-04-17
958902573,cultural,data@ex.com,+1-381-5635,Most,2026-06-20
531668616,magazine,Congress@ex.com,+1-680-8257,Thank,2026-02-09
232996017,chance,seven@ex.com,+1-973-5936,Southern,2026-01-02
374356522,create,prepare@ex.com,+1-143-6586,In,2026-01-04
358363872,friend,Democrat@ex.com,+1-305-2152,Wonder,2026-05-14
806679247,production,visit@ex.com,+1-829-1638,Before,2026-06-15
86344661,administration,drug@ex.com,+1-720-3096,Every,2026-12-20
716612685,call,fly@ex.com,+1-705-3986,Energy,2026-09-11
743462983,ahead,use@ex.com,+1-512-8865,Cultural,2026-10-22
736464634,shake,performance@ex.com,+1-369-1457,Western,2026-02-14
446036286,without,great@ex.com,+1-102-2484,Few,2026-02-27
458848836,nothing,difficult@ex.com,+1-544-8656,Explain,2026-07-12
400026000,mother,door@ex.com,+1-612-1519,Around,2026-07-26
197379354,example,how@ex.com,+1-910-6056,Space,2026-10-05
476596562,sit,yeah@ex.com,+1-277-2345,By,2026-10-28
278488921,fund,card@ex.com,+1-579-7347,Key,2026-06-24
171667328,walk,change@ex.com,+1-931-2438,Role,2026-09-16
642890784,politics,theory@ex.com,+1-756-3606,Pm,2026-11-05
360723242,prove,reality@ex.com,+1-829-4244,Now,2026-02-21
626169174,charge,everybody@ex.com,+1-333-1598,Politics,2026-07-27
568620674,stage,concern@ex.com,+1-223-9615,Hit,2026-02-21
607979166,research,chance@ex.com,+1-209-6224,Collection,2026-05-22
471836406,performance,light@ex.com,+1-791-2855,Put,2026-03-24
886071784,hospital,guess@ex.com,+1-493-7992,Third,2026-10-25
931138858,sit,near@ex.com,+1-956-3569,Main,2026-11-25
594908814,history,late@ex.com,+1-235-1542,Important,2026-02-20
328869291,federal,result@ex.com,+1-621-1139,Cut,2026-01-18
155879333,education,music@ex.com,+1-959-7261,Deep,2026-06-09
934176077,movement,lay@ex.com,+1-390-3343,Tonight,2026-05-10
33162495,activity,bag@ex.com,+1-367-9011,Available,2026-02-09
771430059,development,manager@ex.com,+1-737-1677,Environment,2026-04-13
826499621,film,certain@ex.com,+1-401-8734,Return,2026-05-19
816139031,become,nature@ex.com,+1-767-3563,Less,2026-02-20
166904738,development,cost@ex.com,+1-505-9784,Look,2026-04-17
184794409,woman,ahead@ex.com,+1-279-1475,Art,2026-04-25
122317514,him,back@ex.com,+1-198-5434,Return,2026-08-21
167954363,control,which@ex.com,+1-433-8068,Former,2026-01-16
781787685,person,business@ex.com,+1-653-3500,Player,2026-06-05
501778263,your,yard@ex.com,+1-116-7076,Could,2026-04-06
123375291,all,suffer@ex.com,+1-106-4843,Thought,2026-09-03
877390049,pull,out@ex.com,+1-382-5948,Fly,2026-04-27
624569455,field,let@ex.com,+1-443-3608,Them,2026-02-14
740872621,thank,tax@ex.com,+1-442-2711,Each,2026-01-06
842446718,can,perhaps@ex.com,+1-451-2662,Mrs,2026-06-24
651763352,loss,rate@ex.com,+1-852-8462,One,2026-07-04
231106178,because,level@ex.com,+1-613-5501,Character,2026-12-21
759257949,perform,cut@ex.com,+1-652-3960,Page,2026-06-19
261112333,machine,time@ex.com,+1-953-9789,Town,2026-05-28
693694292,defense,safe@ex.com,+1-570-9788,Site,2026-07-10
857358053,draw,front@ex.com,+1-562-7366,Surface,2026-04-01
937019292,history,little@ex.com,+1-212-5389,Thousand,2026-12-15
565738442,artist,parent@ex.com,+1-210-9673,Buy,2026-06-16
265968178,see,among@ex.com,+1-736-3924,Through,2026-05-14
248805377,teacher,believe@ex.com,+1-727-8648,Final,2026-11-01
375921344,give,skill@ex.com,+1-961-6125,Provide,2026-08-11
198516464,race,step@ex.com,+1-600-7699,Bag,2026-04-22
274594254,age,indeed@ex.com,+1-278-2451,Work,2026-03-10
375145356,person,floor@ex.com,+1-523-1001,Television,2026-08-07
701557328,low,measure@ex.com,+1-473-9541,Career,2026-12-09
94026324,degree,owner@ex.com,+1-516-6804,Perform,2026-12-03
341458312,recognize,performance@ex.com,+1-618-4499,Final,2026-10-04
190709164,dog,gun@ex.com,+1-824-8703,Lay,2026-05-10
578896454,option,enjoy@ex.com,+1-903-8817,Just,2026-07-27
722632040,cut,group@ex.com,+1-948-2238,Author,2026-09-14
745442294,bag,lead@ex.com,+1-542-2503,Hope,2026-04-17
710512493,natural,early@ex.com,+1-547-7954,Instead,2026-09-06
328648106,bag,local@ex.com,+1-265-4892,Interesting,2026-08-14
370243774,they,police@ex.com,+1-797-2709,Sound,2026-08-18
79670472,leave,hair@ex.com,+1-819-8458,Store,2026-05-06
418422476,example,sure@ex.com,+1-598-2355,Into,2026-11-03
285747988,hotel,official@ex.com,+1-167-2291,Hair,2026-11-17
516007825,something,Congress@ex.com,+1-954-8374,Consumer,2026-07-04
371148039,half,find@ex.com,+1-704-9078,Machine,2026-10-11
797826015,degree,apply@ex.com,+1-183-9550,Box,2026-11-20
141982261,live,southern@ex.com,+1-554-5491,Discussion,2026-06-24
443133251,teacher,look@ex.com,+1-579-4365,Lose,2026-08-15
689099673,tend,specific@ex.com,+1-577-8144,Within,2026-02-15
607663625,lot,blood@ex.com,+1-839-2566,Little,2026-03-25
483696167,we,truth@ex.com,+1-667-1077,Customer,2026-12-03
293665994,different,class@ex.com,+1-413-1770,Money,2026-05-08
364910858,here,unit@ex.com,+1-641-2648,Describe,2026-09-22
577726306,me,to@ex.com,+1-622-4428,Discussion,2026-09-01
485681695,understand,prevent@ex.com,+1-934-3311,During,2026-09-15
676209308,herself,democratic@ex.com,+1-636-4081,Rock,2026-01-18
810286497,team,argue@ex.com,+1-965-8164,Moment,2026-03-24
590971077,rest,century@ex.com,+1-906-6156,Read,2026-09-08
599401072,his,hear@ex.com,+1-226-6487,Garden,2026-08-14
299978447,oil,resource@ex.com,+1-618-4877,Hundred,2026-10-28
792948882,forward,pay@ex.com,+1-817-8429,Them,2026-11-25
634085456,information,wall@ex.com,+1-565-6655,Knowledge,2026-12-22
852077070,charge,drug@ex.com,+1-519-2096,Tell,2026-10-06
847130664,who,financial@ex.com,+1-359-5046,Event,2026-02-26
702019533,character,bar@ex.com,+1-520-5557,While,2026-07-21
942177862,answer,page@ex.com,+1-743-5872,Media,2026-11-05
22147928,rock,less@ex.com,+1-225-1857,Piece,2026-10-23
446856875,drop,woman@ex.com,+1-481-2976,Hand,2026-01-13
50830768,include,common@ex.com,+1-621-1485,Rate,2026-06-24
908007688,today,why@ex.com,+1-361-3164,Mr,2026-11-27
196937619,shoulder,baby@ex.com,+1-930-7428,Capital,2026-12-15
876111476,account,another@ex.com,+1-282-5491,Still,2026-02-16
244105493,sign,run@ex.com,+1-886-9740,Near,2026-06-02
394176350,yes,work@ex.com,+1-900-2249,Be,2026-11-24
825738882,force,resource@ex.com,+1-203-5126,Environmental,2026-09-23
836635173,risk,hold@ex.com,+1-602-6132,Her,2026-01-21
523151056,door,discuss@ex.com,+1-673-2899,Head,2026-01-21
895085809,note,event@ex.com,+1-967-7378,Man,2026-10-17
230524302,rather,machine@ex.com,+1-984-6804,Seat,2026-07-25
111514006,section,thus@ex.com,+1-181-7244,Form,2026-09-27
450062128,improve,key@ex.com,+1-957-6281,In,2026-06-28
940234553,page,movie@ex.com,+1-316-5262,Stage,2026-01-28
286239896,movie,painting@ex.com,+1-466-5246,Second,2026-01-23
278330628,result,common@ex.com,+1-331-6353,Themselves,2026-06-25
687885865,whose,ok@ex.com,+1-907-6400,Nor,2026-08-02
29652026,policy,quite@ex.com,+1-178-6101,Mrs,2026-11-23
951588888,all,around@ex.com,+1-602-4797,Enter,2026-09-04
537932812,future,bit@ex.com,+1-818-2102,Century,2026-06-28
334770824,across,sure@ex.com,+1-321-2675,Region,2026-04-06
307418439,sister,push@ex.com,+1-386-5030,Under,2026-12-28
149160614,up,possible@ex.com,+1-926-2798,Every,2026-12-03
418783720,type,sound@ex.com,+1-539-3101,Because,2026-05-02
737368334,view,yourself@ex.com,+1-697-5029,Picture,2026-12-19
49942518,main,field@ex.com,+1-882-6192,Example,2026-10-20
661326140,pattern,view@ex.com,+1-715-8511,Ready,2026-02-18
523071755,these,above@ex.com,+1-336-6249,Speech,2026-01-08
230122525,worker,yourself@ex.com,+1-514-1967,Role,2026-07-01
674218947,sport,score@ex.com,+1-659-3429,Tree,2026-10-22
909620318,few,each@ex.com,+1-880-1189,Key,2026-06-26
926797109,whole,most@ex.com,+1-481-3291,Individual,2026-11-10
41624522,similar,trial@ex.com,+1-669-3060,Magazine,2026-11-18
845019099,too,name@ex.com,+1-960-9070,Arm,2026-07-25
477063997,toward,even@ex.com,+1-824-4874,Star,2026-09-10
154470710,ok,ready@ex.com,+1-612-1585,Then,2026-03-08
952237497,from,worker@ex.com,+1-464-7578,The,2026-03-13
419184280,food,down@ex.com,+1-416-6259,Idea,2026-04-09
651370823,summer,movement@ex.com,+1-125-3633,Vote,2026-10-20
597965880,film,word@ex.com,+1-218-9028,Better,2026-06-01
192244687,still,thing@ex.com,+1-779-3612,Ahead,2026-07-17
258309120,visit,child@ex.com,+1-861-6133,Them,2026-05-22
397991027,fact,able@ex.com,+1-376-2766,Red,2026-10-01
502018399,unit,happy@ex.com,+1-621-9232,Enough,2026-02-02
687525003,better,appear@ex.com,+1-672-5526,Someone,2026-01-10
649202924,base,choose@ex.com,+1-922-3070,Prove,2026-04-26
695497643,color,mother@ex.com,+1-839-3286,Light,2026-11-21
905935117,weight,main@ex.com,+1-764-8953,Truth,2026-02-27
386489956,meet,true@ex.com,+1-604-7422,Which,2026-11-20
297851012,so,traditional@ex.com,+1-938-9374,Step,2026-09-23
842237809,form,improve@ex.com,+1-184-3022,Art,2026-07-15
926156515,value,news@ex.com,+1-701-9260,Note,2026-02-01
962412627,machine,thus@ex.com,+1-154-6488,Dream,2026-06-28
479853905,person,series@ex.com,+1-762-8248,Set,2026-06-03
405707527,occur,imagine@ex.com,+1-982-1941,Thing,2026-10-01
337710298,product,goal@ex.com,+1-261-1996,Class,2026-02-28
254262227,name,full@ex.com,+1-517-4676,Author,2026-01-01
335896934,save,professor@ex.com,+1-465-3510,Worry,2026-03-27
55416855,knowledge,order@ex.com,+1-286-3841,Yes,2026-10-28
198395845,age,public@ex.com,+1-656-1104,Person,2026-10-23
591632040,employee,dinner@ex.com,+1-633-3249,Effort,2026-06-10
521111844,even,food@ex.com,+1-121-2803,Herself,2026-05-16
899095936,set,human@ex.com,+1-850-4317,Who,2026-04-16
224779666,over,worry@ex.com,+1-610-4175,Force,2026-01-19
447862161,hold,usually@ex.com,+1-574-2017,Six,2026-07-23
890502349,yourself,too@ex.com,+1-410-5223,Everyone,2026-11-27
893812785,camera,majority@ex.com,+1-764-1253,Ground,2026-08-15
980759870,lose,outside@ex.com,+1-589-5931,Suggest,2026-12-02
66918382,story,clear@ex.com,+1-289-4457,Mouth,2026-11-27
253589437,recognize,over@ex.com,+1-639-5070,Center,2026-02-04
655314011,network,before@ex.com,+1-279-4950,Commercial,2026-04-09
505423231,become,PM@ex.com,+1-134-5867,Present,2026-06-17
91994066,too,add@ex.com,+1-600-7749,World,2026-07-18
278432922,art,huge@ex.com,+1-318-2627,Brother,2026-07-18
977921211,trip,big@ex.com,+1-705-6363,Strong,2026-03-27
894807523,its,issue@ex.com,+1-462-9223,Music,2026-03-21
792583377,head,activity@ex.com,+1-610-7210,Certain,2026-08-24
55826344,record,mother@ex.com,+1-689-6420,As,2026-11-14
86978330,trip,charge@ex.com,+1-191-7676,Future,2026-09-23
672347577,serious,stand@ex.com,+1-887-9854,Who,2026-08-28
957919980,guess,left@ex.com,+1-983-9080,Teach,2026-01-21
468001885,every,great@ex.com,+1-734-1733,Hot,2026-10-03
13572154,parent,write@ex.com,+1-751-9453,Fill,2026-02-12
19845586,owner,hand@ex.com,+1-387-4251,Professional,2026-10-05
464956703,establish,field@ex.com,+1-665-1897,Management,2026-04-19
777909377,product,role@ex.com,+1-734-5812,Always,2026-05-12
69783015,add,marriage@ex.com,+1-795-7263,Item,2026-05-11
880401732,woman,trip@ex.com,+1-426-5175,Strong,2026-12-15
36911287,rate,prevent@ex.com,+1-309-3362,There,2026-06-24
285666923,show,federal@ex.com,+1-860-1860,We,2026-04-01
449333406,might,report@ex.com,+1-962-4350,Rather,2026-08-17
127619286,sign,will@ex.com,+1-733-6581,Popular,2026-07-06
980225658,or,car@ex.com,+1-972-3067,Win,2026-02-28
375265240,former,safe@ex.com,+1-424-7278,Reason,2026-07-23
800024792,two,left@ex.com,+1-972-1752,Technology,2026-01-08
226943386,lawyer,offer@ex.com,+1-200-7485,Successful,2026-07-01
75115267,energy,challenge@ex.com,+1-872-2764,Draw,2026-09-16
233047641,Mr,movement@ex.com,+1-961-6712,Read,2026-07-16
957064617,foot,town@ex.com,+1-931-8763,While,2026-03-19
592693719,society,friend@ex.com,+1-460-7474,By,2026-03-27
942685040,type,this@ex.com,+1-788-2792,Hair,2026-07-06
974053939,word,five@ex.com,+1-838-6297,Order,2026-01-01
471363389,economy,evidence@ex.com,+1-773-2414,Term,2026-09-23
566843749,election,history@ex.com,+1-579-6671,Court,2026-10-09
579977972,be,much@ex.com,+1-933-7113,Worry,2026-02-17
281068063,worker,if@ex.com,+1-339-6746,Major,2026-03-04
342076919,interest,view@ex.com,+1-469-2984,Rock,2026-04-04
393368348,ball,finish@ex.com,+1-458-4843,Light,2026-11-03
778416354,degree,former@ex.com,+1-290-2894,Manage,2026-05-21
766347548,arm,article@ex.com,+1-269-8605,Force,2026-01-17
725659884,be,region@ex.com,+1-897-9695,Miss,2026-01-01
915136050,south,society@ex.com,+1-543-6071,Democratic,2026-03-06
718005205,either,she@ex.com,+1-339-5147,Mouth,2026-11-14
851577367,risk,in@ex.com,+1-896-2389,Cell,2026-05-10
778751504,however,way@ex.com,+1-622-2279,Source,2026-02-22
93265172,everyone,point@ex.com,+1-556-8638,Finish,2026-08-22
982225201,charge,attack@ex.com,+1-237-7083,Easy,2026-08-19
314352407,way,night@ex.com,+1-959-7570,Wonder,2026-08-11
682121147,cost,some@ex.com,+1-354-4291,Free,2026-04-19
207965612,apply,impact@ex.com,+1-802-1856,Specific,2026-12-05
435051513,many,people@ex.com,+1-329-4185,Western,2026-02-05
793521785,set,near@ex.com,+1-747-8270,Entire,2026-10-18
496514674,theory,TV@ex.com,+1-876-9753,Officer,2026-08-01
784692185,strategy,staff@ex.com,+1-537-7308,I,2026-02-19
944658284,decide,house@ex.com,+1-620-8979,Will,2026-06-03
354830636,raise,without@ex.com,+1-522-8548,Operation,2026-01-04
675556848,hospital,that@ex.com,+1-689-6033,Standard,2026-01-04
574796580,pull,treatment@ex.com,+1-641-5862,House,2026-03-05
235676063,life,field@ex.com,+1-668-7033,Hot,2026-01-15
573446570,student,machine@ex.com,+1-463-3237,Throw,2026-10-24
914431951,customer,positive@ex.com,+1-477-7876,Right,2026-05-01
430888956,response,war@ex.com,+1-706-6692,Industry,2026-02-16
430503013,thought,question@ex.com,+1-223-7650,Attack,2026-06-21
643499912,sister,any@ex.com,+1-745-6848,Guess,2026-04-14
746067498,alone,party@ex.com,+1-824-5581,Appear,2026-03-24
822616310,stuff,time@ex.com,+1-361-9211,Main,2026-10-25
984553585,relate,attack@ex.com,+1-642-1290,Sit,2026-12-05
787063299,consumer,decade@ex.com,+1-506-4899,More,2026-02-06
624461439,piece,account@ex.com,+1-188-6739,Memory,2026-06-10
606264464,account,later@ex.com,+1-630-3884,Later,2026-05-17
195637953,accept,toward@ex.com,+1-593-5869,Too,2026-08-17
163600566,live,reach@ex.com,+1-847-2623,Hear,2026-05-05
339405582,relate,around@ex.com,+1-890-1487,Law,2026-05-01
277086485,east,option@ex.com,+1-633-8995,Authority,2026-01-19
259912666,indicate,management@ex.com,+1-250-7433,Consumer,2026-07-28
874871798,indicate,development@ex.com,+1-416-5424,State,2026-11-06
263343716,audience,those@ex.com,+1-632-6927,Western,2026-07-13
695957926,friend,third@ex.com,+1-996-2900,Doctor,2026-08-15
797363285,figure,media@ex.com,+1-759-4457,Tonight,2026-03-22
102897867,about,every@ex.com,+1-768-5398,Free,2026-03-28
908074672,high,ground@ex.com,+1-538-6007,There,2026-10-06
391100730,how,director@ex.com,+1-973-1800,Job,2026-09-09
420557024,leg,sound@ex.com,+1-531-1287,Food,2026-11-15
296495674,management,offer@ex.com,+1-812-7294,Although,2026-03-27
911985350,investment,such@ex.com,+1-817-1251,Media,2026-08-01
900774774,issue,federal@ex.com,+1-833-1344,Pm,2026-10-18
694355688,movie,task@ex.com,+1-628-3113,Despite,2026-04-22
624005296,similar,development@ex.com,+1-547-8526,Keep,2026-09-21
22964993,right,southern@ex.com,+1-174-3898,Join,2026-05-17
353080497,among,unit@ex.com,+1-765-4322,Tax,2026-03-16
471186272,trial,family@ex.com,+1-816-4697,Will,2026-05-05
409751158,difference,develop@ex.com,+1-786-5301,Improve,2026-09-11
818700354,practice,ball@ex.com,+1-391-9675,Her,2026-07-01
386600132,space,weight@ex.com,+1-184-5844,War,2026-02-25
295642507,civil,measure@ex.com,+1-886-3288,All,2026-10-17
966913739,ever,away@ex.com,+1-330-2879,Recent,2026-04-01
11656113,try,tree@ex.com,+1-178-3006,Continue,2026-07-17
603030993,improve,star@ex.com,+1-308-8943,Fly,2026-04-20
425847788,bar,respond@ex.com,+1-121-3077,Everyone,2026-02-11
141664230,forward,tonight@ex.com,+1-202-2873,She,2026-06-25
574599600,something,wall@ex.com,+1-129-2334,Most,2026-05-06
203883885,picture,special@ex.com,+1-560-9375,Air,2026-06-23
920265792,or,air@ex.com,+1-897-3917,Science,2026-12-16
243419631,nice,worry@ex.com,+1-248-2965,Mind,2026-02-28
881768973,Mrs,team@ex.com,+1-877-1205,Analysis,2026-06-22
143171107,growth,event@ex.com,+1-959-7309,Use,2026-12-10
923667343,stock,not@ex.com,+1-583-2699,Box,2026-08-14
18766367,hand,create@ex.com,+1-863-2909,Ahead,2026-01-20
307399919,hold,middle@ex.com,+1-843-1697,Provide,2026-08-21
522772990,discussion,grow@ex.com,+1-283-3422,Service,2026-12-22
386508681,measure,way@ex.com,+1-565-8183,Morning,2026-12-06
417720385,radio,goal@ex.com,+1-982-5574,Continue,2026-01-10
422217250,property,life@ex.com,+1-850-7554,Time,2026-02-16
155994073,his,our@ex.com,+1-420-2900,Every,2026-11-06
412433144,almost,management@ex.com,+1-438-8479,One,2026-10-09
310966204,apply,industry@ex.com,+1-903-5775,City,2026-03-03
87768426,water,leader@ex.com,+1-683-4985,Conference,2026-08-25
780709519,past,piece@ex.com,+1-980-3688,Those,2026-08-13
913152390,wide,sure@ex.com,+1-130-7735,Owner,2026-05-25
175224328,another,respond@ex.com,+1-154-4957,Visit,2026-02-04
27202697,eight,million@ex.com,+1-269-2000,Event,2026-02-07
968860941,edge,follow@ex.com,+1-606-8537,Thus,2026-01-23
223798968,few,less@ex.com,+1-641-5451,Everyone,2026-04-13
960206332,offer,lose@ex.com,+1-844-1634,Sing,2026-09-08
717760542,see,different@ex.com,+1-463-6441,Administration,2026-08-03
838280279,focus,grow@ex.com,+1-579-9759,Body,2026-11-09
271214532,available,although@ex.com,+1-877-8158,Thank,2026-07-16
820163166,as,former@ex.com,+1-880-5405,Think,2026-07-19
836447991,rate,management@ex.com,+1-316-9877,Leave,2026-09-17
843742961,reach,me@ex.com,+1-933-9188,Language,2026-09-12
938901567,authority,else@ex.com,+1-900-3333,Involve,2026-02-22
707470071,stage,skill@ex.com,+1-660-8642,Buy,2026-10-03
294589146,before,red@ex.com,+1-886-7895,Third,2026-04-09
299978001,relate,body@ex.com,+1-401-3520,Same,2026-12-14
359547605,however,body@ex.com,+1-985-3053,Democrat,2026-02-18
61990354,to,girl@ex.com,+1-337-7566,Pressure,2026-03-15
278670758,dog,game@ex.com,+1-367-2053,Explain,2026-01-11
963331671,professional,yeah@ex.com,+1-939-5970,Citizen,2026-11-26
591198521,majority,number@ex.com,+1-854-9828,Base,2026-05-26
774154187,way,next@ex.com,+1-297-9559,Lose,2026-02-13
768835983,growth,range@ex.com,+1-269-4778,Expert,2026-03-27
378529653,near,some@ex.com,+1-363-6889,Understand,2026-04-17
496603665,player,decade@ex.com,+1-497-2260,Movie,2026-01-15
168673180,color,professor@ex.com,+1-499-1479,Public,2026-03-11
139375306,forward,movie@ex.com,+1-449-1951,Pretty,2026-09-04
224364206,treatment,summer@ex.com,+1-512-2372,Less,2026-05-10
533912769,perform,really@ex.com,+1-630-1535,Lose,2026-01-09
923632706,pick,sister@ex.com,+1-418-6342,Partner,2026-07-14
607871489,bar,indicate@ex.com,+1-525-5619,Pressure,2026-03-25
196815292,threat,black@ex.com,+1-136-9169,Mind,2026-04-05
518892521,option,leg@ex.com,+1-769-2635,Point,2026-10-13
845222860,common,white@ex.com,+1-701-5605,Put,2026-01-26
540841411,oil,environment@ex.com,+1-523-8537,Enjoy,2026-10-19
925351233,environmental,rate@ex.com,+1-896-5460,Wide,2026-02-10
926381591,town,defense@ex.com,+1-504-4913,Herself,2026-09-10
936061575,later,sit@ex.com,+1-642-9328,Let,2026-02-20
67030754,particular,piece@ex.com,+1-355-1685,Call,2026-10-16
291807555,amount,ask@ex.com,+1-658-3459,Human,2026-11-23
46921006,natural,mean@ex.com,+1-263-5524,Add,2026-07-07
298901036,claim,outside@ex.com,+1-869-4437,Popular,2026-08-11
368571875,matter,understand@ex.com,+1-271-3357,Market,2026-06-07
667332560,measure,name@ex.com,+1-190-1281,Child,2026-11-20
847765564,this,wait@ex.com,+1-627-7453,Someone,2026-01-28
463375899,word,usually@ex.com,+1-186-1292,Like,2026-02-27
601594668,design,once@ex.com,+1-107-8200,Baby,2026-05-12
60897788,realize,south@ex.com,+1-496-4269,Democrat,2026-08-22
290726888,argue,one@ex.com,+1-972-5079,Authority,2026-06-21
25448114,woman,seek@ex.com,+1-538-6767,Thought,2026-03-16
772596062,leader,economic@ex.com,+1-138-7824,Situation,2026-07-19
321323451,source,music@ex.com,+1-404-6939,Evidence,2026-04-21
233828202,institution,lead@ex.com,+1-377-2542,Century,2026-03-22
385737178,well,research@ex.com,+1-208-8166,Buy,2026-09-03
51125566,professor,war@ex.com,+1-909-1892,Each,2026-03-22
51907052,mother,TV@ex.com,+1-239-2180,Field,2026-05-04
650945985,live,everything@ex.com,+1-998-5966,Person,2026-05-23
508207423,American,speech@ex.com,+1-679-4557,Unit,2026-06-16
949212495,former,with@ex.com,+1-251-2307,Lot,2026-10-27
379636466,PM,Democrat@ex.com,+1-313-1790,Write,2026-03-07
340182812,size,apply@ex.com,+1-202-4034,Painting,2026-07-26
338090168,interesting,after@ex.com,+1-368-2524,Tree,2026-03-21
701016269,in,bit@ex.com,+1-216-3752,Lose,2026-11-15
582526795,anything,ball@ex.com,+1-955-7017,Service,2026-12-09
657280139,successful,state@ex.com,+1-550-4276,Left,2026-02-13
696954080,professional,I@ex.com,+1-438-1532,Old,2026-12-05
487191098,we,care@ex.com,+1-431-7977,Whole,2026-01-21
413734674,forget,team@ex.com,+1-396-7360,Idea,2026-11-03
473049640,arrive,early@ex.com,+1-351-3868,Tell,2026-02-23
117939844,much,meet@ex.com,+1-732-6008,Across,2026-08-01
675873240,alone,energy@ex.com,+1-734-1050,Especially,2026-09-25
403290092,move,page@ex.com,+1-982-2783,Action,2026-05-15
420875335,right,office@ex.com,+1-579-9455,Data,2026-10-03
81848842,company,last@ex.com,+1-250-7729,Military,2026-05-11
182276494,outside,second@ex.com,+1-552-6346,Unit,2026-06-11
13120319,effect,will@ex.com,+1-842-7836,Particular,2026-02-07
29320132,human,money@ex.com,+1-706-1663,Simple,2026-01-19
812554093,training,begin@ex.com,+1-544-1323,Sister,2026-09-09
229783002,short,future@ex.com,+1-502-6804,Movement,2026-03-08
104814210,alone,house@ex.com,+1-366-9064,Me,2026-09-08
662078038,key,purpose@ex.com,+1-967-3038,Senior,2026-08-23
861373154,brother,enough@ex.com,+1-976-9335,Under,2026-07-23
572937144,shoulder,yourself@ex.com,+1-240-6135,Business,2026-08-03
732431898,building,tax@ex.com,+1-440-8964,Far,2026-10-16
803642397,side,middle@ex.com,+1-485-1800,Professor,2026-02-24
74074649,inside,nothing@ex.com,+1-484-4453,Appear,2026-04-04
372286112,represent,threat@ex.com,+1-405-2132,Car,2026-03-22
290489238,tend,everybody@ex.com,+1-984-4386,Cover,2026-05-14
904909488,big,federal@ex.com,+1-470-4050,Debate,2026-12-28
237705785,entire,much@ex.com,+1-390-9368,Near,2026-02-21
994714697,level,own@ex.com,+1-364-1997,Member,2026-09-05
994235831,human,vote@ex.com,+1-384-2582,Others,2026-10-07
187358807,stop,one@ex.com,+1-754-1362,Right,2026-03-14
243099508,care,back@ex.com,+1-290-5989,Present,2026-08-22
573910238,surface,try@ex.com,+1-567-8467,Perform,2026-04-01
394565975,car,look@ex.com,+1-479-4630,Reach,2026-06-04
713784008,tax,more@ex.com,+1-232-8319,Woman,2026-02-26
699953809,occur,way@ex.com,+1-141-5826,Rate,2026-09-22
245824875,line,herself@ex.com,+1-587-1406,Relationship,2026-06-06
52586967,stay,sing@ex.com,+1-268-5247,Follow,2026-01-05
218116330,space,often@ex.com,+1-142-9635,Not,2026-08-22
524481950,degree,social@ex.com,+1-799-3935,Where,2026-01-18
668963507,performance,woman@ex.com,+1-940-3185,Natural,2026-11-18
595795200,want,itself@ex.com,+1-617-8854,Allow,2026-10-13
72126451,lot,thousand@ex.com,+1-539-8926,Unit,2026-12-16
555518929,radio,day@ex.com,+1-501-5852,New,2026-03-25
207385854,miss,maintain@ex.com,+1-777-9725,Color,2026-04-01
913529569,already,go@ex.com,+1-632-9914,Decade,2026-12-16
837075558,responsibility,late@ex.com,+1-954-9893,Never,2026-07-10
208651384,group,bring@ex.com,+1-968-5611,Green,2026-08-11
222793156,spend,later@ex.com,+1-320-5340,Camera,2026-02-17
79884366,perhaps,happy@ex.com,+1-313-4606,Know,2026-10-11
440235786,add,man@ex.com,+1-414-1879,Generation,2026-08-21
907143416,choice,sea@ex.com,+1-398-8188,Look,2026-03-08
381020658,carry,among@ex.com,+1-214-3274,Catch,2026-01-03
224217654,rich,my@ex.com,+1-293-5671,Forget,2026-03-19
39286509,current,man@ex.com,+1-260-6334,Attention,2026-03-12
595787404,need,catch@ex.com,+1-856-9032,Then,2026-02-06
73353424,pattern,leg@ex.com,+1-876-4625,State,2026-06-07
382454248,artist,type@ex.com,+1-686-8601,Kid,2026-05-02
146304177,drive,yet@ex.com,+1-619-3580,Day,2026-04-23
352349217,improve,pass@ex.com,+1-752-6231,Trip,2026-01-12
974396652,take,decision@ex.com,+1-206-4532,Theory,2026-11-03
24124171,strong,seat@ex.com,+1-484-3569,Foot,2026-02-01
840434016,hotel,direction@ex.com,+1-722-3132,Evening,2026-12-27
205029969,water,former@ex.com,+1-412-5162,Hear,2026-01-16
562081709,product,draw@ex.com,+1-297-2982,Claim,2026-02-07
29551916,lot,grow@ex.com,+1-398-1436,Yourself,2026-01-03
989443360,business,statement@ex.com,+1-389-4334,Discussion,2026-08-06
172294404,western,better@ex.com,+1-598-7117,With,2026-07-13
497814049,race,stuff@ex.com,+1-955-2866,Spring,2026-11-06
388832100,deal,relationship@ex.com,+1-192-1113,Range,2026-11-25
55485934,simple,customer@ex.com,+1-347-5616,Art,2026-04-21
659276544,just,keep@ex.com,+1-904-4474,Allow,2026-04-21
217201653,use,scene@ex.com,+1-686-1717,First,2026-08-03
303593833,who,discover@ex.com,+1-216-7128,Whom,2026-07-01
183643161,amount,nor@ex.com,+1-596-3922,Southern,2026-12-12
186158598,somebody,where@ex.com,+1-247-5543,Paper,2026-04-17
342442878,reflect,trouble@ex.com,+1-260-1485,Language,2026-09-28
913951524,certain,question@ex.com,+1-482-4107,Room,2026-02-06
470797000,long,enter@ex.com,+1-713-6966,Decide,2026-02-03
304659639,enough,pressure@ex.com,+1-351-3495,Color,2026-12-28
709830532,pass,activity@ex.com,+1-793-2820,Would,2026-07-10
719085309,prove,control@ex.com,+1-799-6107,Short,2026-03-09
267401186,mission,society@ex.com,+1-962-5438,Arrive,2026-07-11
192012764,wait,material@ex.com,+1-958-2664,Line,2026-08-04
90788276,common,when@ex.com,+1-654-9028,Minute,2026-11-03
257823584,message,move@ex.com,+1-710-2639,Mission,2026-12-24
466565716,world,particularly@ex.com,+1-611-9972,Program,2026-04-07
938041114,realize,lawyer@ex.com,+1-550-4185,Three,2026-02-28
944028950,magazine,major@ex.com,+1-383-3700,Child,2026-11-07
903325456,sure,condition@ex.com,+1-557-3109,Lawyer,2026-02-06
433378833,everyone,here@ex.com,+1-789-8326,Goal,2026-10-22
25906891,medical,build@ex.com,+1-478-8746,Ok,2026-12-21
115891756,born,once@ex.com,+1-109-4736,Sport,2026-12-10
126971572,activity,discuss@ex.com,+1-197-9509,Mind,2026-04-07
830027317,street,book@ex.com,+1-317-6479,Rate,2026-01-08
173155156,who,for@ex.com,+1-368-2970,Half,2026-07-06
615249454,run,sense@ex.com,+1-809-2699,Local,2026-05-03
775601489,business,yeah@ex.com,+1-550-2196,Painting,2026-12-20
550328726,view,art@ex.com,+1-296-2523,Cold,2026-02-02
619749046,key,note@ex.com,+1-817-2554,Official,2026-05-26
803133072,she,card@ex.com,+1-824-2496,Discuss,2026-04-04
739740223,entire,its@ex.com,+1-580-3475,Try,2026-10-20
273053910,chair,body@ex.com,+1-881-1419,Perform,2026-09-08
888840653,against,short@ex.com,+1-920-6983,Whom,2026-05-02
596719712,maintain,certainly@ex.com,+1-905-2602,Team,2026-09-07
849915096,late,for@ex.com,+1-898-7855,Try,2026-02-01
36687668,these,fish@ex.com,+1-902-7870,Cause,2026-03-14
7468201,main,society@ex.com,+1-398-8859,Yeah,2026-12-21
67889525,year,record@ex.com,+1-878-2415,Buy,2026-07-06
436233770,note,force@ex.com,+1-887-5066,Democratic,2026-03-23
44415438,allow,apply@ex.com,+1-614-2737,Policy,2026-05-19
656093582,pressure,accept@ex.com,+1-879-2782,Professor,2026-03-12
151402753,tax,sense@ex.com,+1-547-1522,Create,2026-01-12
423503663,short,system@ex.com,+1-663-5157,Here,2026-09-15
372260477,cover,their@ex.com,+1-263-3027,Peace,2026-06-06
723709957,field,fear@ex.com,+1-498-4765,Consumer,2026-05-03
185123417,never,prove@ex.com,+1-376-2315,Son,2026-07-22
15630542,sound,your@ex.com,+1-272-9802,Piece,2026-08-23
977795297,yet,four@ex.com,+1-711-9519,News,2026-12-14
158298163,win,week@ex.com,+1-807-3016,Too,2026-09-28
596597912,husband,attack@ex.com,+1-196-8173,Threat,2026-07-01
82291420,many,next@ex.com,+1-949-9667,Worry,2026-12-04
725096259,common,out@ex.com,+1-916-3560,Bring,2026-07-19
344460860,collection,series@ex.com,+1-894-6113,International,2026-12-16
815215288,list,manage@ex.com,+1-503-9802,Medical,2026-01-16
69578958,offer,executive@ex.com,+1-604-3957,Professional,2026-09-16
988311725,child,rule@ex.com,+1-842-1824,Cost,2026-06-28
80933554,less,center@ex.com,+1-913-4940,Bag,2026-08-13
74421556,spring,foot@ex.com,+1-470-4591,Force,2026-08-26
964404185,yet,social@ex.com,+1-353-3442,Suffer,2026-05-04
465800461,someone,tough@ex.com,+1-811-3452,Entire,2026-02-13
288214889,customer,painting@ex.com,+1-798-3271,Cup,2026-12-11
29992200,many,street@ex.com,+1-542-3741,Fish,2026-08-19
308187578,this,father@ex.com,+1-104-4308,Quickly,2026-12-19
325823225,a,or@ex.com,+1-166-5059,Light,2026-02-03
849429542,yes,meet@ex.com,+1-339-5148,Hand,2026-11-18
169764663,history,data@ex.com,+1-796-8829,Born,2026-02-11
869251653,begin,guess@ex.com,+1-569-1348,Note,2026-10-12
476083668,million,why@ex.com,+1-505-3215,Investment,2026-05-13
200681934,them,create@ex.com,+1-786-7876,Who,2026-12-18
586171118,traditional,charge@ex.com,+1-943-9933,See,2026-04-05
711816163,decade,quality@ex.com,+1-798-4635,Claim,2026-11-18
392035985,its,order@ex.com,+1-409-9568,Word,2026-01-11
746886122,wall,guess@ex.com,+1-709-2196,Anyone,2026-01-25
381762329,head,late@ex.com,+1-509-8626,Bit,2026-09-06
341524904,standard,power@ex.com,+1-524-7359,Arrive,2026-02-06
874647315,me,challenge@ex.com,+1-387-8850,Staff,2026-11-25
228778971,rather,never@ex.com,+1-309-1952,Science,2026-02-22
965701300,lose,western@ex.com,+1-826-4097,Activity,2026-03-17
658657100,own,cut@ex.com,+1-700-8763,Show,2026-04-22
121152486,box,research@ex.com,+1-796-8514,Safe,2026-12-04
240516302,serious,issue@ex.com,+1-105-4986,Food,2026-11-09
952474349,relationship,hospital@ex.com,+1-668-2311,White,2026-03-17
230630173,describe,wonder@ex.com,+1-906-8888,Speak,2026-07-26
481560869,itself,weight@ex.com,+1-560-7736,Direction,2026-01-28
639523011,try,fear@ex.com,+1-214-9479,Read,2026-08-13
536388178,challenge,budget@ex.com,+1-235-2565,Dinner,2026-08-28
632570079,pay,process@ex.com,+1-358-4401,None,2026-04-05
754494943,another,tend@ex.com,+1-771-3210,List,2026-08-09
301903985,PM,lawyer@ex.com,+1-881-5340,Yes,2026-09-20
991857383,thus,carry@ex.com,+1-136-9419,Capital,2026-07-22
904511164,which,tree@ex.com,+1-981-6795,Modern,2026-09-02
29646341,official,question@ex.com,+1-657-6869,Which,2026-09-21
348400619,marriage,brother@ex.com,+1-103-2423,Discover,2026-04-11
916407239,two,natural@ex.com,+1-628-7238,And,2026-06-06
28918560,data,trip@ex.com,+1-404-5115,Window,2026-06-20
948796235,our,firm@ex.com,+1-311-3027,Important,2026-03-05
153062377,try,adult@ex.com,+1-926-3183,Rich,2026-09-13
994607091,long,off@ex.com,+1-437-3393,Reveal,2026-03-01
824156014,end,good@ex.com,+1-558-5774,Out,2026-07-03
211653362,perhaps,quite@ex.com,+1-433-4429,Special,2026-08-17
904387870,daughter,early@ex.com,+1-718-4458,Only,2026-01-24
108613266,without,perform@ex.com,+1-717-4345,Current,2026-06-08
21890373,pass,pressure@ex.com,+1-455-8178,Yeah,2026-02-02
388585559,true,him@ex.com,+1-544-1301,Upon,2026-09-22
147866993,stop,interest@ex.com,+1-670-2860,Black,2026-12-14
375424933,weight,above@ex.com,+1-133-8852,A,2026-09-06
398950506,green,guess@ex.com,+1-279-5430,Down,2026-11-09
350054369,history,everything@ex.com,+1-601-4375,Mr,2026-01-06
34185163,out,purpose@ex.com,+1-484-9610,Four,2026-10-06
646531281,piece,quality@ex.com,+1-262-9505,Team,2026-03-06
633435641,bring,must@ex.com,+1-711-1423,Politics,2026-03-01
829543108,world,suffer@ex.com,+1-134-5471,Continue,2026-08-10
126421231,start,threat@ex.com,+1-517-2401,Camera,2026-10-13
602920119,report,person@ex.com,+1-910-7725,Appear,2026-07-04
71456972,street,foot@ex.com,+1-258-1371,All,2026-09-17
318698543,another,current@ex.com,+1-719-8332,Culture,2026-05-13
765718384,grow,that@ex.com,+1-706-9877,Morning,2026-09-17
907159340,success,source@ex.com,+1-629-7825,Citizen,2026-11-14
564534580,development,operation@ex.com,+1-754-9273,This,2026-11-09
112926649,state,young@ex.com,+1-359-1537,Toward,2026-02-21
319689663,move,scene@ex.com,+1-735-6069,Worker,2026-02-23
177870341,call,red@ex.com,+1-319-2271,Way,2026-10-07
464533604,receive,receive@ex.com,+1-613-2168,Ever,2026-01-04
160476289,trip,can@ex.com,+1-973-9075,Black,2026-07-19
797138484,machine,upon@ex.com,+1-698-2649,Worker,2026-02-27
887959992,scene,success@ex.com,+1-861-5060,Range,2026-01-02
885936462,worker,car@ex.com,+1-461-9710,Wonder,2026-03-27
227859035,investment,remember@ex.com,+1-808-9866,Force,2026-02-10
245103256,game,pattern@ex.com,+1-686-7831,Each,2026-10-19
86035148,whose,event@ex.com,+1-600-7737,Determine,2026-02-17
759167062,evidence,pay@ex.com,+1-129-2539,Good,2026-06-01
213138357,red,machine@ex.com,+1-202-3697,Page,2026-03-02
84109096,sound,machine@ex.com,+1-434-6383,Set,2026-09-19
740315028,performance,PM@ex.com,+1-956-9726,Development,2026-09-08
532320325,federal,college@ex.com,+1-847-4598,Answer,2026-09-11
777617720,use,her@ex.com,+1-355-7130,Human,2026-02-05
617642932,eat,behind@ex.com,+1-275-3012,Southern,2026-06-18
362052396,heart,local@ex.com,+1-618-4203,Bar,2026-09-14
984488429,world,specific@ex.com,+1-428-6936,Mission,2026-05-12
731931157,day,building@ex.com,+1-226-3906,Keep,2026-08-24
729426342,by,it@ex.com,+1-207-7201,Increase,2026-10-07
944387150,myself,lay@ex.com,+1-706-1288,Bring,2026-04-17
958126480,leave,always@ex.com,+1-950-3160,American,2026-07-08
562991479,good,world@ex.com,+1-618-5800,Focus,2026-11-02
284022140,one,hair@ex.com,+1-449-1276,Court,2026-09-04
557409343,itself,make@ex.com,+1-502-3704,Speech,2026-07-17
159253227,hour,federal@ex.com,+1-700-9018,Another,2026-08-12
221227588,friend,husband@ex.com,+1-909-7882,Scientist,2026-06-28
334174743,above,dark@ex.com,+1-732-7274,Difficult,2026-11-03
544068408,too,strategy@ex.com,+1-198-5259,Happy,2026-05-07
25679992,sign,music@ex.com,+1-430-5236,Right,2026-03-22
238463531,way,politics@ex.com,+1-325-5368,Consumer,2026-11-20
860339813,only,will@ex.com,+1-798-7864,Couple,2026-10-20
761894257,north,theory@ex.com,+1-676-9832,Buy,2026-01-18
907907951,price,reach@ex.com,+1-620-3960,Economic,2026-12-26
850778354,really,yet@ex.com,+1-573-7774,In,2026-02-25
994524530,son,per@ex.com,+1-160-7449,Story,2026-03-13
131720846,us,moment@ex.com,+1-648-6663,For,2026-11-19
373655510,difficult,office@ex.com,+1-524-4027,Teach,2026-03-08
690282925,safe,data@ex.com,+1-904-9542,The,2026-05-04
671079467,choice,believe@ex.com,+1-770-1595,Think,2026-07-20
515681758,next,pressure@ex.com,+1-561-5107,Congress,2026-03-26
962449773,month,upon@ex.com,+1-930-6924,Conference,2026-10-24
603002331,reason,important@ex.com,+1-530-9898,Brother,2026-09-15
337462774,also,consumer@ex.com,+1-736-5922,Edge,2026-12-06
465114214,century,add@ex.com,+1-598-4375,Door,2026-10-28
733161528,away,relationship@ex.com,+1-789-5864,Woman,2026-09-19
426274571,arm,why@ex.com,+1-819-9961,Apply,2026-07-28
227089292,which,itself@ex.com,+1-603-1696,Information,2026-10-15
194461806,arm,him@ex.com,+1-827-3069,Single,2026-04-24
154455282,western,science@ex.com,+1-442-6674,Rather,2026-12-23
792239012,hold,where@ex.com,+1-129-4274,Teach,2026-02-01
163327059,move,green@ex.com,+1-518-7108,Later,2026-09-04
767036747,that,alone@ex.com,+1-478-8703,Civil,2026-08-21
610976158,political,left@ex.com,+1-226-1615,Bag,2026-06-23
145513197,politics,knowledge@ex.com,+1-519-3605,Born,2026-05-07
552142229,watch,senior@ex.com,+1-290-8579,Idea,2026-07-02
200523914,culture,offer@ex.com,+1-450-5312,Charge,2026-02-19
115705206,question,phone@ex.com,+1-385-7800,Move,2026-08-25
438419763,seem,make@ex.com,+1-911-7205,Physical,2026-12-22
494714649,thought,present@ex.com,+1-384-3965,Country,2026-08-10
885100937,take,leader@ex.com,+1-396-9523,Great,2026-01-07
535167305,risk,trip@ex.com,+1-914-3045,Friend,2026-07-07
727775809,site,safe@ex.com,+1-692-2103,Job,2026-01-02
315121326,party,unit@ex.com,+1-504-3848,Peace,2026-04-07
827964513,finish,all@ex.com,+1-798-1924,Animal,2026-12-20
149942620,difference,around@ex.com,+1-883-7522,Five,2026-04-23
300307568,ever,also@ex.com,+1-198-2659,Represent,2026-08-10
940003005,reason,natural@ex.com,+1-532-2872,All,2026-07-05
263054277,security,quickly@ex.com,+1-527-1459,Medical,2026-10-12
233327590,former,our@ex.com,+1-949-9169,Ask,2026-10-28
280063867,author,goal@ex.com,+1-877-4210,Good,2026-10-15
634343739,success,social@ex.com,+1-630-1700,Our,2026-08-28
491117008,follow,nearly@ex.com,+1-415-1328,Show,2026-09-11
297314527,environmental,thing@ex.com,+1-397-9836,Standard,2026-02-14
217733526,hospital,moment@ex.com,+1-806-8121,Tend,2026-08-23
841857714,appear,health@ex.com,+1-242-5617,Cell,2026-09-12
254009874,design,act@ex.com,+1-303-4473,Thus,2026-11-07
46175644,necessary,child@ex.com,+1-883-5312,Site,2026-05-15
89556740,always,customer@ex.com,+1-372-3124,Left,2026-11-27
351944387,knowledge,knowledge@ex.com,+1-643-8108,Tax,2026-01-18
448209129,probably,action@ex.com,+1-457-3324,Walk,2026-07-18
327154155,create,must@ex.com,+1-739-3027,Against,2026-11-21
777886487,modern,song@ex.com,+1-867-2107,Ok,2026-11-05
844182369,perhaps,outside@ex.com,+1-872-8189,How,2026-06-26
389263640,sing,performance@ex.com,+1-748-7991,Travel,2026-09-19
370466511,claim,foot@ex.com,+1-944-6450,Executive,2026-11-07
230975507,entire,police@ex.com,+1-779-6873,Tough,2026-06-13
266529919,dog,walk@ex.com,+1-948-1557,Star,2026-04-23
483744435,food,some@ex.com,+1-603-2406,News,2026-12-04
570923479,serve,middle@ex.com,+1-131-2460,Almost,2026-05-12
836444946,purpose,often@ex.com,+1-920-2474,Capital,2026-07-04
665815312,tax,toward@ex.com,+1-270-3007,Ago,2026-05-08
29287898,politics,citizen@ex.com,+1-196-6396,Staff,2026-05-22
770475599,goal,shoulder@ex.com,+1-610-3491,Number,2026-04-15
655273527,college,price@ex.com,+1-176-9096,Particular,2026-01-24
710507352,dinner,truth@ex.com,+1-213-2089,Heavy,2026-05-14
532046029,ok,position@ex.com,+1-778-7082,Draw,2026-07-14
255560391,friend,any@ex.com,+1-876-5665,Push,2026-03-25
755760304,federal,another@ex.com,+1-995-2540,Investment,2026-04-12
322540249,individual,about@ex.com,+1-405-9143,Arrive,2026-02-19
537059249,fill,piece@ex.com,+1-793-8268,Relate,2026-04-21
459735002,among,she@ex.com,+1-462-9559,Soon,2026-06-24
968179593,raise,perform@ex.com,+1-822-3410,Leader,2026-09-25
433812622,make,no@ex.com,+1-233-2164,Specific,2026-04-19
643393988,black,laugh@ex.com,+1-717-4616,Window,2026-10-11
290942451,relate,inside@ex.com,+1-158-5920,Style,2026-01-15
451551341,control,ball@ex.com,+1-822-2128,Particular,2026-03-25
213675672,live,voice@ex.com,+1-498-2868,Red,2026-03-20
719719212,meeting,career@ex.com,+1-608-1793,Tv,2026-07-27
405013628,all,entire@ex.com,+1-127-8968,Guess,2026-02-17
259411710,building,matter@ex.com,+1-323-2030,Hear,2026-12-04
500347670,action,life@ex.com,+1-362-9930,Left,2026-06-20
763386763,professional,when@ex.com,+1-294-4341,Environmental,2026-01-26
577794563,Congress,economy@ex.com,+1-855-2341,Dog,2026-01-05
217112953,development,exactly@ex.com,+1-811-9575,Opportunity,2026-03-27
478086670,sister,group@ex.com,+1-750-5055,Picture,2026-04-12
173717032,discussion,be@ex.com,+1-891-1651,Condition,2026-11-27
586876380,certain,term@ex.com,+1-390-2667,Middle,2026-02-11
944781673,could,religious@ex.com,+1-993-4459,Skin,2026-06-08
359161406,group,public@ex.com,+1-604-9178,Word,2026-03-24
486627019,fine,card@ex.com,+1-846-4709,Space,2026-01-21
509766475,best,specific@ex.com,+1-905-9102,Key,2026-05-12
280809236,trouble,modern@ex.com,+1-172-2567,Test,2026-02-10
755333404,read,matter@ex.com,+1-383-6080,Too,2026-10-28
656231239,later,water@ex.com,+1-325-3767,Available,2026-03-01
873147148,officer,last@ex.com,+1-206-8103,The,2026-05-02
546491157,almost,thought@ex.com,+1-754-8459,Race,2026-04-19
824894173,successful,over@ex.com,+1-583-3305,Instead,2026-03-05
218306727,analysis,push@ex.com,+1-121-9738,Stock,2026-04-18
898545677,federal,physical@ex.com,+1-951-9715,Must,2026-08-23
953896987,indicate,force@ex.com,+1-616-8570,Marriage,2026-03-04
354595531,real,clearly@ex.com,+1-314-1612,Seat,2026-05-07
295923918,data,computer@ex.com,+1-443-9892,Green,2026-06-04
919530451,seat,view@ex.com,+1-218-9328,Thank,2026-06-08
132450854,east,training@ex.com,+1-606-9264,Entire,2026-11-07
969383684,necessary,interesting@ex.com,+1-882-4779,Treatment,2026-04-22
734115023,leave,kitchen@ex.com,+1-774-1130,For,2026-05-10
233876711,direction,above@ex.com,+1-822-3692,Would,2026-06-08
768704182,get,southern@ex.com,+1-982-3626,Service,2026-04-14
500795667,item,machine@ex.com,+1-895-9073,Run,2026-11-25
449648967,lot,something@ex.com,+1-518-6314,Ability,2026-11-20
846549408,affect,home@ex.com,+1-960-1780,Old,2026-05-27
904608769,benefit,how@ex.com,+1-513-6435,A,2026-04-14
7408334,mission,air@ex.com,+1-174-1183,Majority,2026-02-22
399931292,middle,across@ex.com,+1-380-6381,Tough,2026-05-03
540321732,find,moment@ex.com,+1-116-8951,Music,2026-05-05
717874771,bit,walk@ex.com,+1-695-4136,Step,2026-05-14
235909805,society,meeting@ex.com,+1-379-5187,Ok,2026-10-15
878710559,expect,down@ex.com,+1-988-4973,Much,2026-06-13
460746877,morning,camera@ex.com,+1-629-9096,Key,2026-05-21
587898068,occur,visit@ex.com,+1-307-8657,Product,2026-05-12
823943617,above,fly@ex.com,+1-624-5757,Huge,2026-08-22
721543897,name,race@ex.com,+1-186-6001,College,2026-09-19
212761787,drug,enjoy@ex.com,+1-919-7242,Live,2026-10-03
334820205,white,low@ex.com,+1-614-7043,Mean,2026-01-05
317273540,sense,court@ex.com,+1-484-4258,Administration,2026-02-18
967333773,lawyer,term@ex.com,+1-876-5162,Stage,2026-02-16
66381865,believe,type@ex.com,+1-737-4145,Site,2026-07-24
596233565,room,available@ex.com,+1-470-3549,By,2026-11-26
578492777,position,total@ex.com,+1-429-1935,Relate,2026-03-23
61659902,for,north@ex.com,+1-543-1791,Later,2026-04-27
554826349,window,night@ex.com,+1-255-7109,Song,2026-05-10
743584356,size,election@ex.com,+1-832-4494,Stage,2026-11-12
875037147,subject,meeting@ex.com,+1-505-5597,Natural,2026-09-12
746048807,discussion,under@ex.com,+1-280-7967,Argue,2026-12-24
96296827,one,action@ex.com,+1-423-2888,As,2026-05-06
743112908,onto,how@ex.com,+1-737-9060,Write,2026-02-12
430109629,become,game@ex.com,+1-401-6218,Color,2026-03-21
979428222,college,few@ex.com,+1-394-9467,Thank,2026-04-12
989276035,peace,across@ex.com,+1-713-1440,Bed,2026-03-28
49709814,house,value@ex.com,+1-252-4282,Partner,2026-06-03
596195111,economy,something@ex.com,+1-531-2706,Find,2026-10-07
466216227,born,class@ex.com,+1-737-7661,Paper,2026-02-04
768945849,star,majority@ex.com,+1-993-6977,Type,2026-01-11
328086015,history,myself@ex.com,+1-698-2241,Exactly,2026-12-11
890239569,green,represent@ex.com,+1-284-4186,Current,2026-03-21
250018000,institution,one@ex.com,+1-462-1459,Doctor,2026-03-10
270926337,television,pass@ex.com,+1-457-2722,What,2026-03-09
850430882,prove,wind@ex.com,+1-553-9381,Continue,2026-02-23
233721858,join,heavy@ex.com,+1-957-6622,Order,2026-09-21
968999330,drive,particular@ex.com,+1-117-4276,Six,2026-09-23
159903652,black,PM@ex.com,+1-706-4553,Value,2026-09-28
833396917,police,ball@ex.com,+1-859-9439,Measure,2026-04-10
66724218,direction,town@ex.com,+1-374-1815,Sit,2026-07-02
684104275,space,situation@ex.com,+1-876-9974,Leave,2026-02-04
520745413,view,age@ex.com,+1-129-6912,Clear,2026-11-22
335730632,attack,idea@ex.com,+1-889-3242,Information,2026-05-12
380335926,five,management@ex.com,+1-162-2669,Series,2026-07-04
888334050,not,son@ex.com,+1-759-4516,Most,2026-07-17
922601727,star,those@ex.com,+1-568-2619,Month,2026-02-15
501560663,be,painting@ex.com,+1-241-3935,Sit,2026-01-02
727041470,red,little@ex.com,+1-192-9118,Speech,2026-02-01
810863072,bill,staff@ex.com,+1-799-9279,Perhaps,2026-02-01
669401735,art,officer@ex.com,+1-792-9241,Always,2026-10-14
163089698,voice,deep@ex.com,+1-492-7803,Laugh,2026-10-04
128418737,reflect,consumer@ex.com,+1-838-1033,Fall,2026-09-10
675943334,choose,half@ex.com,+1-551-5106,Draw,2026-07-08
738424480,although,respond@ex.com,+1-963-4730,Range,2026-08-15
357226518,toward,campaign@ex.com,+1-867-7962,Hope,2026-10-08
766773452,society,oil@ex.com,+1-745-9285,Page,2026-11-09
216780306,executive,town@ex.com,+1-459-1534,Politics,2026-05-12
230882826,reach,work@ex.com,+1-178-3682,Star,2026-10-13
467003346,bar,account@ex.com,+1-620-6160,It,2026-06-01
49482295,note,put@ex.com,+1-138-5245,Avoid,2026-01-24
604279167,nor,trip@ex.com,+1-470-9562,Mouth,2026-03-21
687650869,player,piece@ex.com,+1-372-8448,Find,2026-07-03
222200310,per,thing@ex.com,+1-247-5334,Fight,2026-09-28
504934940,media,economy@ex.com,+1-786-5085,Chance,2026-06-09
699804353,clear,foot@ex.com,+1-271-3345,Not,2026-11-20
424865004,be,pay@ex.com,+1-410-4432,Quite,2026-10-26
777514800,upon,concern@ex.com,+1-454-6946,None,2026-03-18
156239360,foot,tree@ex.com,+1-148-5674,Child,2026-10-08
571894481,move,give@ex.com,+1-161-3536,Standard,2026-06-02
106759489,issue,particular@ex.com,+1-361-2401,Participant,2026-04-10
913580315,treat,rich@ex.com,+1-146-6105,Measure,2026-11-15
434468435,thought,man@ex.com,+1-591-2206,Republican,2026-11-12
707656577,network,important@ex.com,+1-184-7186,Manager,2026-10-01
177790597,hospital,good@ex.com,+1-313-4741,Family,2026-11-23
631914477,event,single@ex.com,+1-491-3345,Foot,2026-07-07
546836974,day,its@ex.com,+1-992-5484,Man,2026-10-27
793839654,which,on@ex.com,+1-150-2058,Stay,2026-03-27
274527201,person,can@ex.com,+1-939-5133,Away,2026-12-28
514559495,item,wonder@ex.com,+1-646-1071,Letter,2026-06-13
987122107,range,most@ex.com,+1-354-5815,Election,2026-04-01
380924055,rock,development@ex.com,+1-252-5711,Ahead,2026-04-13
531820970,pull,human@ex.com,+1-775-8249,Father,2026-02-26
50265250,cause,future@ex.com,+1-589-7644,Watch,2026-11-21
41003544,leader,whole@ex.com,+1-524-1637,Present,2026-01-12
774123421,each,lot@ex.com,+1-991-1940,Mean,2026-12-03
32103683,tree,challenge@ex.com,+1-642-7237,Part,2026-11-17
734178712,sea,produce@ex.com,+1-697-2984,Meeting,2026-01-25
656528812,week,professional@ex.com,+1-415-1414,Speech,2026-11-24
734133590,above,management@ex.com,+1-406-9313,Dog,2026-09-04
583373710,fly,seat@ex.com,+1-419-2649,Professional,2026-10-09
18392173,past,game@ex.com,+1-723-6753,Site,2026-10-15
742554569,throw,appear@ex.com,+1-793-9157,Ever,2026-09-12
242923745,into,my@ex.com,+1-527-9586,Interest,2026-12-19
334473312,present,bag@ex.com,+1-370-9542,Make,2026-08-07
492963147,return,stop@ex.com,+1-369-1768,Others,2026-02-27
911557424,result,television@ex.com,+1-747-1623,Behavior,2026-01-05
865620486,inside,truth@ex.com,+1-896-7302,Game,2026-03-23
199448731,inside,experience@ex.com,+1-840-9890,Art,2026-07-01
911772593,start,site@ex.com,+1-399-5868,Too,2026-11-10
914830657,few,impact@ex.com,+1-523-5026,Garden,2026-05-13
617878265,offer,discover@ex.com,+1-525-6111,World,2026-03-27
6112909,long,fast@ex.com,+1-956-8769,Hold,2026-08-10
834111403,term,people@ex.com,+1-918-2064,Election,2026-04-28
638058086,protect,ground@ex.com,+1-636-9398,Company,2026-10-08
450854338,main,well@ex.com,+1-529-8564,Husband,2026-01-03
25095201,will,term@ex.com,+1-365-6339,Couple,2026-10-06
706377972,themselves,wind@ex.com,+1-739-3380,For,2026-05-25
943551091,walk,work@ex.com,+1-738-3393,Impact,2026-11-27
994262668,for,door@ex.com,+1-176-7698,Even,2026-08-22
179365699,federal,increase@ex.com,+1-717-2637,Successful,2026-06-08
918100487,ago,garden@ex.com,+1-436-5345,Long,2026-09-04
940784741,everyone,increase@ex.com,+1-252-4974,Close,2026-05-11
652309283,both,bring@ex.com,+1-250-6105,Writer,2026-07-07
348650196,floor,court@ex.com,+1-779-6927,Matter,2026-01-15
234721774,human,maintain@ex.com,+1-556-9871,Around,2026-08-11
183365240,his,thousand@ex.com,+1-587-9723,Way,2026-07-04
303250368,the,wide@ex.com,+1-202-2781,Challenge,2026-04-17
962980664,long,could@ex.com,+1-343-4328,Picture,2026-03-03
945180149,walk,five@ex.com,+1-867-8483,Finish,2026-06-06
992418143,goal,herself@ex.com,+1-330-1992,Begin,2026-06-13
786740066,represent,well@ex.com,+1-375-1582,Number,2026-05-10
538886117,owner,record@ex.com,+1-176-4487,Available,2026-07-02
885988878,investment,political@ex.com,+1-824-9740,College,2026-06-14
760522509,team,production@ex.com,+1-868-6482,Action,2026-08-21
226445182,lay,local@ex.com,+1-153-1163,Police,2026-08-05
232452792,special,join@ex.com,+1-339-7258,Voice,2026-07-23
684705836,provide,tell@ex.com,+1-567-6884,Role,2026-09-10
306430595,culture,hold@ex.com,+1-681-2709,Keep,2026-03-13
248613516,red,to@ex.com,+1-749-5725,Thought,2026-04-21
941587824,behind,reduce@ex.com,+1-696-4375,Media,2026-05-26
462292106,threat,term@ex.com,+1-623-1244,Professor,2026-01-02
239449619,manager,authority@ex.com,+1-402-2310,Hair,2026-02-17
329717042,somebody,system@ex.com,+1-866-6981,Scene,2026-12-14
104845047,cover,police@ex.com,+1-574-8499,Not,2026-06-05
224253016,thing,ball@ex.com,+1-951-1655,Consumer,2026-11-20
839601703,impact,kind@ex.com,+1-426-7400,Party,2026-02-14
617608929,leader,picture@ex.com,+1-848-2696,Space,2026-07-05
276577607,whose,power@ex.com,+1-268-6190,These,2026-11-26
302107278,space,raise@ex.com,+1-829-3714,Son,2026-10-10
303442595,Mrs,here@ex.com,+1-555-7268,Mouth,2026-10-10
729504550,call,whole@ex.com,+1-722-4625,People,2026-12-19
531718958,bring,move@ex.com,+1-207-3916,Risk,2026-03-12
370467760,issue,again@ex.com,+1-507-4960,Hot,2026-04-28
634656731,hospital,participant@ex.com,+1-476-8296,Behind,2026-06-06
903492563,human,positive@ex.com,+1-739-5570,Only,2026-01-19
84134914,or,success@ex.com,+1-252-9854,Suddenly,2026-07-08
968242549,term,understand@ex.com,+1-957-1203,Far,2026-01-20
393171925,all,sure@ex.com,+1-952-9120,Candidate,2026-01-05
899312909,woman,body@ex.com,+1-340-3769,Step,2026-09-03
466333085,need,phone@ex.com,+1-997-6357,Me,2026-06-15
80984971,enjoy,into@ex.com,+1-374-5558,Include,2026-06-12
831549859,start,happy@ex.com,+1-183-6017,Recent,2026-09-12
174707738,leave,operation@ex.com,+1-360-8622,Bar,2026-02-27
82213097,wonder,cell@ex.com,+1-567-4178,They,2026-07-22
791484113,treatment,rule@ex.com,+1-610-4284,East,2026-01-20
4689506,manager,man@ex.com,+1-526-9234,Walk,2026-07-07
210346116,participant,role@ex.com,+1-752-9753,Myself,2026-06-02
783106620,mean,record@ex.com,+1-272-3976,Pretty,2026-04-14
377163674,state,language@ex.com,+1-895-4225,Argue,2026-02-06
143006944,painting,friend@ex.com,+1-481-4643,Result,2026-10-27
209662339,officer,particularly@ex.com,+1-477-9866,Collection,2026-10-05
773849666,later,animal@ex.com,+1-665-9090,Dinner,2026-08-16
311634138,visit,different@ex.com,+1-176-6905,Know,2026-02-14
47234067,attention,total@ex.com,+1-814-7473,Hold,2026-07-02
463151938,will,none@ex.com,+1-293-7139,Help,2026-12-15
991604799,policy,fact@ex.com,+1-660-3636,Technology,2026-05-02
229250989,if,size@ex.com,+1-990-4963,Single,2026-07-26
827186378,store,or@ex.com,+1-378-4822,Ability,2026-11-14
106721192,community,rest@ex.com,+1-229-7067,Rather,2026-03-02
949089897,system,police@ex.com,+1-487-9484,Politics,2026-08-13
536159850,prevent,always@ex.com,+1-997-4662,After,2026-05-28
980230869,after,finish@ex.com,+1-439-4076,Black,2026-01-13
300565882,great,million@ex.com,+1-541-8951,Including,2026-01-07
839591358,front,how@ex.com,+1-789-3267,Direction,2026-11-09
574411631,southern,experience@ex.com,+1-400-4620,High,2026-08-22
846479177,measure,federal@ex.com,+1-528-7896,Ago,2026-03-15
205313411,fact,whole@ex.com,+1-393-7358,Writer,2026-12-22
385530873,yet,yes@ex.com,+1-133-3400,Everything,2026-09-13
112878131,within,together@ex.com,+1-766-2452,Recently,2026-05-22
165596171,without,game@ex.com,+1-195-3551,Born,2026-05-02
735865023,tough,almost@ex.com,+1-109-7415,Certainly,2026-02-24
409854236,push,position@ex.com,+1-615-1306,Each,2026-10-07
112621059,PM,door@ex.com,+1-812-6182,Federal,2026-09-18
685586258,practice,smile@ex.com,+1-267-6807,Some,2026-01-09
202613547,receive,read@ex.com,+1-595-2109,Lawyer,2026-04-20
875237351,huge,modern@ex.com,+1-839-7102,Continue,2026-07-07
706792421,station,walk@ex.com,+1-636-8243,Must,2026-03-22
347896618,professor,ability@ex.com,+1-217-5752,Special,2026-04-02
313325308,especially,others@ex.com,+1-906-2417,View,2026-10-07
127478161,itself,expert@ex.com,+1-574-1707,Anything,2026-09-09
20157714,as,more@ex.com,+1-270-8655,Appear,2026-10-15
208511768,brother,so@ex.com,+1-733-7703,Always,2026-10-18
611199541,baby,second@ex.com,+1-790-5306,Red,2026-12-05
435635024,space,a@ex.com,+1-742-7255,This,2026-07-19
429869581,force,see@ex.com,+1-392-9861,Ask,2026-12-03
551201138,use,television@ex.com,+1-909-6313,A,2026-10-22
850033559,project,hospital@ex.com,+1-414-3853,Hard,2026-01-08
921556910,discuss,career@ex.com,+1-722-7052,Security,2026-02-14
183941313,network,level@ex.com,+1-678-3345,Focus,2026-04-24
627170573,Mrs,already@ex.com,+1-838-2374,Ok,2026-03-28
675422109,morning,each@ex.com,+1-845-6261,Painting,2026-08-09
193575914,produce,certainly@ex.com,+1-319-5378,Me,2026-07-16
331194896,better,particularly@ex.com,+1-189-2812,Certain,2026-04-13
860319034,bring,rule@ex.com,+1-623-2996,Develop,2026-11-15
328658610,event,whose@ex.com,+1-503-2702,Blue,2026-10-19
241374199,everyone,team@ex.com,+1-372-3950,Thing,2026-05-09
55710287,first,thousand@ex.com,+1-471-7672,Kind,2026-05-01
337169328,indicate,help@ex.com,+1-618-4348,Itself,2026-05-02
157819449,box,site@ex.com,+1-103-5001,While,2026-10-28
816857646,black,manager@ex.com,+1-721-6544,Sea,2026-07-19
554274480,toward,indeed@ex.com,+1-905-9890,Her,2026-03-25
901129279,within,month@ex.com,+1-427-3291,Attention,2026-03-03
2239075,customer,lead@ex.com,+1-931-9477,All,2026-09-28
371146866,fact,degree@ex.com,+1-864-8897,Capital,2026-03-14
109472783,day,PM@ex.com,+1-477-5172,Approach,2026-06-07
947912332,age,minute@ex.com,+1-647-9261,Think,2026-08-22
26826905,beat,goal@ex.com,+1-836-5900,His,2026-04-04
913327581,tend,however@ex.com,+1-407-6377,Hot,2026-02-09
987838607,charge,near@ex.com,+1-744-1166,Same,2026-01-25
234007477,think,science@ex.com,+1-447-6738,Reach,2026-02-19
720691670,trial,indicate@ex.com,+1-987-2033,Way,2026-11-07
459089971,alone,project@ex.com,+1-875-6687,Church,2026-11-05
447140335,sport,red@ex.com,+1-993-6544,Consumer,2026-01-17
460484550,pull,thus@ex.com,+1-142-3573,Live,2026-11-12
742254194,generation,next@ex.com,+1-341-3879,Pressure,2026-07-14
180827627,they,thousand@ex.com,+1-412-5191,Recent,2026-05-16
35485965,guess,more@ex.com,+1-202-1265,Realize,2026-01-05
549162579,hard,scene@ex.com,+1-374-3343,Leg,2026-12-02
550936193,hospital,box@ex.com,+1-924-3622,Among,2026-12-15
514447866,religious,guy@ex.com,+1-467-9413,True,2026-06-02
59541289,trip,through@ex.com,+1-231-3364,Single,2026-10-12
11655059,friend,training@ex.com,+1-979-1093,Son,2026-10-03
233840330,fly,join@ex.com,+1-932-6891,Although,2026-04-17
768447679,yeah,south@ex.com,+1-196-6696,Threat,2026-10-21
455060590,whose,whatever@ex.com,+1-365-3730,Our,2026-06-08
872175654,itself,operation@ex.com,+1-531-6196,Hour,2026-11-07
607999686,vote,not@ex.com,+1-919-2251,Reduce,2026-06-16
187464456,decide,try@ex.com,+1-516-1513,Fast,2026-08-05
624581451,hand,nothing@ex.com,+1-586-8016,Foreign,2026-02-27
349126789,that,vote@ex.com,+1-386-9961,Military,2026-07-22
343453397,star,political@ex.com,+1-876-8581,South,2026-03-22
735787726,strategy,manage@ex.com,+1-649-4796,Yourself,2026-05-08
798283300,field,can@ex.com,+1-146-8242,Try,2026-06-01
397810480,military,over@ex.com,+1-919-9066,Nice,2026-08-16
911721126,fast,foot@ex.com,+1-546-9149,Evidence,2026-09-13
890550010,whole,teach@ex.com,+1-569-9391,Health,2026-11-05
244650587,above,spend@ex.com,+1-545-1496,Son,2026-01-10
874455094,who,value@ex.com,+1-679-3270,Space,2026-10-22
150264588,black,he@ex.com,+1-901-7080,Near,2026-04-13
282222985,career,soldier@ex.com,+1-974-8838,Woman,2026-11-20
381157748,win,now@ex.com,+1-811-6005,Window,2026-07-05
262074975,deep,direction@ex.com,+1-345-3621,Skill,2026-11-02
285455814,suffer,conference@ex.com,+1-550-7111,Official,2026-01-12
547949109,future,government@ex.com,+1-468-8558,Born,2026-08-27
890150723,indeed,decade@ex.com,+1-556-9498,Few,2026-09-28
482942462,a,wrong@ex.com,+1-246-4631,Successful,2026-06-03
136721006,here,single@ex.com,+1-166-2593,Learn,2026-08-28
397929895,sister,when@ex.com,+1-214-2131,Whose,2026-03-14
452391899,should,north@ex.com,+1-125-3218,Realize,2026-01-23
497537110,natural,information@ex.com,+1-496-5487,Manage,2026-02-08
388286406,also,modern@ex.com,+1-495-5281,Local,2026-03-12
273172997,mention,perform@ex.com,+1-219-1409,Professor,2026-04-03
935585521,teacher,over@ex.com,+1-882-9194,Heavy,2026-02-07
68331383,fact,home@ex.com,+1-539-3178,Friend,2026-12-07
422850884,well,want@ex.com,+1-787-7683,Land,2026-09-20
412973704,until,measure@ex.com,+1-809-6256,Head,2026-11-11
14160260,police,animal@ex.com,+1-877-8146,Tell,2026-12-19
816843778,source,worker@ex.com,+1-302-5538,Politics,2026-12-05
342883277,wonder,structure@ex.com,+1-585-3262,Space,2026-09-10
696593373,your,whose@ex.com,+1-386-6328,To,2026-08-03
395784493,collection,safe@ex.com,+1-464-3316,Against,2026-01-05
119393447,parent,win@ex.com,+1-932-5906,Describe,2026-03-01
844071745,impact,need@ex.com,+1-688-6830,Blood,2026-11-25
575277047,realize,idea@ex.com,+1-223-8877,Front,2026-12-03
864408160,expert,financial@ex.com,+1-132-1670,World,2026-11-10
541929388,answer,prove@ex.com,+1-845-9179,Administration,2026-01-09
413203570,discussion,middle@ex.com,+1-544-7886,Sound,2026-06-14
7768784,mean,enjoy@ex.com,+1-300-7954,Strategy,2026-09-13
591722540,marriage,sing@ex.com,+1-727-5947,Window,2026-02-14
635799144,defense,rise@ex.com,+1-207-1661,Series,2026-12-24
457317342,behavior,than@ex.com,+1-743-8054,Maintain,2026-10-06
600681655,range,type@ex.com,+1-180-7057,Away,2026-05-02
722768250,enter,media@ex.com,+1-832-9876,Painting,2026-10-08
738259352,window,particularly@ex.com,+1-479-1266,Training,2026-05-07
902578969,part,bad@ex.com,+1-408-4462,In,2026-12-02
817261460,meeting,until@ex.com,+1-810-8650,Star,2026-10-11
818686829,seven,to@ex.com,+1-597-3800,Give,2026-07-25
390112346,perform,find@ex.com,+1-229-2523,Science,2026-02-03
804216797,about,forget@ex.com,+1-825-9008,Claim,2026-09-05
780816377,Congress,yeah@ex.com,+1-669-4806,Evidence,2026-08-04
788512528,after,position@ex.com,+1-567-8735,Evidence,2026-12-18
15404550,history,item@ex.com,+1-605-6520,Face,2026-04-18
611307852,person,he@ex.com,+1-353-3196,Significant,2026-02-09
352439627,station,language@ex.com,+1-336-9774,West,2026-02-03
686950022,firm,point@ex.com,+1-112-5612,Arm,2026-08-25
606700574,name,between@ex.com,+1-499-3314,Can,2026-06-10
33867596,site,customer@ex.com,+1-553-2639,Believe,2026-12-09
571308160,short,product@ex.com,+1-983-3894,Remain,2026-05-17
806882061,group,where@ex.com,+1-356-6148,Gun,2026-06-25
777726284,candidate,tax@ex.com,+1-207-4781,Thought,2026-04-17
843075264,second,action@ex.com,+1-618-2076,Growth,2026-07-18
114628946,or,attention@ex.com,+1-576-1816,Mind,2026-04-23
734250425,whom,analysis@ex.com,+1-122-1236,Left,2026-09-20
444678784,night,believe@ex.com,+1-110-5848,Rock,2026-03-23
671909136,glass,rest@ex.com,+1-298-1723,Dinner,2026-11-11
298669263,thus,range@ex.com,+1-269-4263,Protect,2026-04-26
756394739,rate,green@ex.com,+1-350-7118,Whose,2026-04-22
734246555,they,control@ex.com,+1-576-2619,Indicate,2026-11-03
508240946,lawyer,note@ex.com,+1-978-6305,Fire,2026-05-22
17633558,eight,most@ex.com,+1-728-8125,Effect,2026-01-01
683622662,case,who@ex.com,+1-557-3166,View,2026-05-10
453215286,blue,national@ex.com,+1-940-8168,Letter,2026-07-19
398978158,wonder,five@ex.com,+1-601-9649,Production,2026-02-13
69782834,exactly,size@ex.com,+1-592-7674,Usually,2026-06-25
617097533,education,friend@ex.com,+1-237-8007,Full,2026-12-14
423281047,whom,teach@ex.com,+1-399-7439,Around,2026-04-01
977196760,continue,your@ex.com,+1-769-7023,Performance,2026-06-25
641376803,already,wide@ex.com,+1-264-2088,With,2026-10-19
922486462,practice,glass@ex.com,+1-701-2094,National,2026-09-17
904222745,board,choose@ex.com,+1-758-5790,Return,2026-04-23
71702993,law,end@ex.com,+1-224-4709,Exactly,2026-06-23
189957883,ask,individual@ex.com,+1-687-5224,Per,2026-02-24
116457537,senior,list@ex.com,+1-304-7453,South,2026-07-22
177399364,worker,task@ex.com,+1-436-1417,Peace,2026-10-28
909466807,range,stop@ex.com,+1-793-3581,Explain,2026-07-15
275037890,fear,performance@ex.com,+1-136-7726,Unit,2026-12-18
481528439,each,might@ex.com,+1-504-3956,Head,2026-09-21
298658536,how,response@ex.com,+1-812-9271,Traditional,2026-02-11
903311288,walk,grow@ex.com,+1-183-6787,Director,2026-05-06
777130962,any,offer@ex.com,+1-852-8554,Indicate,2026-06-27
3389570,and,man@ex.com,+1-730-1044,Movie,2026-05-12
725895821,look,gas@ex.com,+1-669-7425,Ground,2026-05-02
366146101,party,mission@ex.com,+1-180-6675,Million,2026-09-13
925346043,knowledge,position@ex.com,+1-655-8260,Baby,2026-03-21
808761194,until,long@ex.com,+1-985-7285,Skin,2026-02-16
399292257,including,expect@ex.com,+1-366-3771,Painting,2026-02-20
699357574,pay,join@ex.com,+1-753-8907,That,2026-07-13
373698279,friend,perform@ex.com,+1-384-6524,Blue,2026-01-24
754625327,gas,thought@ex.com,+1-731-5475,Resource,2026-04-15
692026094,visit,who@ex.com,+1-128-9281,Seat,2026-12-22
714015179,go,lose@ex.com,+1-979-9036,Record,2026-04-13
826424855,onto,color@ex.com,+1-805-8595,Nothing,2026-03-04
24960152,myself,agreement@ex.com,+1-564-1323,Yes,2026-06-21
482612778,without,most@ex.com,+1-372-4296,Yet,2026-01-13
519979174,four,small@ex.com,+1-455-2369,Keep,2026-06-07
210603532,decade,time@ex.com,+1-631-6596,Benefit,2026-02-27
793705531,really,series@ex.com,+1-410-8379,Few,2026-11-24
353819841,discussion,red@ex.com,+1-784-2620,Bring,2026-02-13
691718651,car,option@ex.com,+1-792-6856,Mother,2026-11-18
610887550,know,majority@ex.com,+1-550-5398,Design,2026-07-19
201597372,instead,old@ex.com,+1-799-6912,Prevent,2026-12-06
109052282,stand,western@ex.com,+1-688-6121,Recent,2026-06-20
471383483,floor,player@ex.com,+1-571-5494,Network,2026-01-21
146125425,establish,north@ex.com,+1-520-6036,Alone,2026-10-09
73880040,bag,wind@ex.com,+1-721-4817,Culture,2026-12-15
566012175,sport,deep@ex.com,+1-857-7040,Add,2026-03-04
186882066,most,south@ex.com,+1-526-1306,Cover,2026-05-21
439949263,force,here@ex.com,+1-110-2660,Leg,2026-03-06
163057091,admit,oil@ex.com,+1-859-9462,Vote,2026-01-16
393269821,safe,record@ex.com,+1-321-9161,Participant,2026-06-26
81889845,even,four@ex.com,+1-423-3625,Small,2026-04-10
234699940,star,exist@ex.com,+1-752-6617,Magazine,2026-02-14
795267700,audience,level@ex.com,+1-511-2004,Half,2026-02-05
376092150,reduce,soldier@ex.com,+1-488-6596,My,2026-11-22
804103993,term,born@ex.com,+1-258-9287,Why,2026-11-09
314952783,maintain,thus@ex.com,+1-723-7257,Improve,2026-05-18
248801973,possible,often@ex.com,+1-934-4614,Sit,2026-03-07
440992243,natural,answer@ex.com,+1-928-2955,Become,2026-02-11
970347699,store,perform@ex.com,+1-412-6447,Trip,2026-11-19
592459537,fact,reason@ex.com,+1-943-2553,Visit,2026-09-05
318317837,east,break@ex.com,+1-883-4248,Author,2026-05-12
888893561,by,ground@ex.com,+1-333-6439,Only,2026-08-07
677532807,yes,hour@ex.com,+1-448-6734,Store,2026-04-21
774782358,simple,true@ex.com,+1-225-9351,Budget,2026-07-02
819421538,then,rather@ex.com,+1-240-6069,Help,2026-10-09
134747544,society,must@ex.com,+1-485-5065,Simply,2026-08-17
951921727,job,child@ex.com,+1-265-2771,Audience,2026-07-14
720379995,born,though@ex.com,+1-852-4363,Admit,2026-02-27
144962385,seven,thing@ex.com,+1-773-2052,Recognize,2026-06-23
735358839,for,until@ex.com,+1-143-6517,Somebody,2026-04-12
551601342,audience,not@ex.com,+1-621-9343,Under,2026-09-20
798051200,impact,painting@ex.com,+1-149-4985,Total,2026-11-27
950612958,PM,fall@ex.com,+1-514-9477,Here,2026-07-14
879867808,indicate,debate@ex.com,+1-615-3163,Relationship,2026-11-08
166209362,order,middle@ex.com,+1-998-4130,Site,2026-11-15
957427484,article,inside@ex.com,+1-649-5630,Doctor,2026-08-11
611013558,over,green@ex.com,+1-727-1235,One,2026-01-20
347308074,billion,discuss@ex.com,+1-847-1848,Mention,2026-12-18
296583992,resource,somebody@ex.com,+1-393-8970,Begin,2026-01-11
385146614,teacher,box@ex.com,+1-967-9876,Seem,2026-09-27
543593035,admit,challenge@ex.com,+1-772-7080,Miss,2026-10-09
534749958,cost,film@ex.com,+1-958-8749,Fly,2026-11-12
716929225,necessary,truth@ex.com,+1-910-3925,Do,2026-04-23
89304460,entire,later@ex.com,+1-684-4439,Walk,2026-09-06
291046728,fear,professional@ex.com,+1-351-1578,Business,2026-07-25
370946912,when,color@ex.com,+1-581-3966,Foot,2026-11-09
892302245,parent,under@ex.com,+1-261-6815,Safe,2026-09-04
241221308,so,notice@ex.com,+1-503-2379,Space,2026-10-28
976833086,car,certainly@ex.com,+1-580-1618,Cup,2026-09-22
138743974,building,everybody@ex.com,+1-517-9235,Measure,2026-08-23
13267878,who,watch@ex.com,+1-345-2977,Official,2026-06-07
930840315,that,per@ex.com,+1-424-2107,Possible,2026-07-10
508817469,despite,computer@ex.com,+1-941-1173,Source,2026-01-24
529525243,total,cover@ex.com,+1-103-3550,Drive,2026-10-07
710515574,determine,pretty@ex.com,+1-561-4320,Impact,2026-12-17
615754161,letter,administration@ex.com,+1-726-5111,Draw,2026-05-02
221287440,allow,ability@ex.com,+1-177-9545,Fact,2026-04-15
818470274,outside,movement@ex.com,+1-411-2277,Few,2026-03-14
549790592,understand,education@ex.com,+1-945-4772,Indeed,2026-07-13
659817596,suffer,technology@ex.com,+1-810-9056,Red,2026-11-20
957902542,skin,space@ex.com,+1-136-9938,Much,2026-10-20
314563181,customer,then@ex.com,+1-593-3553,Goal,2026-02-07
820416385,account,more@ex.com,+1-519-6902,Thing,2026-10-16
857262691,improve,little@ex.com,+1-285-6769,Onto,2026-02-01
248451446,power,team@ex.com,+1-396-2762,Author,2026-03-16
397069517,peace,help@ex.com,+1-589-3518,Arrive,2026-10-02
821751162,million,hit@ex.com,+1-890-5047,Fast,2026-02-24
672421115,race,finally@ex.com,+1-852-6241,Follow,2026-03-21
259556720,to,spend@ex.com,+1-364-3154,Tough,2026-02-17
264723693,him,decade@ex.com,+1-368-5173,National,2026-07-05
421039964,interest,success@ex.com,+1-816-7930,Attack,2026-04-21
171252093,purpose,customer@ex.com,+1-709-1482,Among,2026-05-17
449851494,administration,remain@ex.com,+1-873-1712,Consumer,2026-01-01
38970398,determine,think@ex.com,+1-890-4516,True,2026-10-12
745370753,list,much@ex.com,+1-271-7088,Door,2026-09-08
341551093,control,training@ex.com,+1-376-2985,Occur,2026-03-19
357685554,front,floor@ex.com,+1-317-8383,Professional,2026-07-17
514203485,test,class@ex.com,+1-616-5809,Author,2026-09-28
531096772,style,instead@ex.com,+1-188-3917,West,2026-09-27
111600094,job,require@ex.com,+1-196-1621,Situation,2026-06-17
646355339,happen,good@ex.com,+1-689-4970,Child,2026-12-13
457103917,wear,direction@ex.com,+1-973-1831,Watch,2026-03-24
715629518,nature,chair@ex.com,+1-640-1392,Unit,2026-01-23
939119208,white,believe@ex.com,+1-201-1418,Current,2026-03-01
510470659,sure,increase@ex.com,+1-962-6749,Always,2026-03-11
683792538,art,the@ex.com,+1-267-2088,She,2026-02-21
503632263,to,base@ex.com,+1-181-8162,People,2026-06-05
263209068,before,worry@ex.com,+1-997-6514,Let,2026-02-28
753040421,military,others@ex.com,+1-815-6257,Start,2026-12-19
945707218,bar,race@ex.com,+1-392-2311,Several,2026-03-17
881971113,employee,later@ex.com,+1-670-6934,Stock,2026-07-12
733974552,natural,set@ex.com,+1-369-3432,Study,2026-08-14
979710407,certainly,conference@ex.com,+1-121-8703,Who,2026-06-02
133633003,thus,still@ex.com,+1-263-9232,Ground,2026-04-22
916794208,program,read@ex.com,+1-823-1387,Society,2026-09-23
267990801,although,way@ex.com,+1-956-3535,Hospital,2026-05-16
581536965,program,our@ex.com,+1-408-8167,Easy,2026-10-14
679899072,must,old@ex.com,+1-167-7177,Other,2026-05-03
366288890,audience,start@ex.com,+1-798-7488,Little,2026-03-02
692073941,whom,beautiful@ex.com,+1-679-4166,Range,2026-10-09
692572945,yes,exactly@ex.com,+1-158-9899,Impact,2026-04-22
351539755,home,positive@ex.com,+1-806-4470,Choose,2026-09-20
349148423,relationship,together@ex.com,+1-228-3919,Perform,2026-02-15
8903193,not,really@ex.com,+1-309-4818,Sister,2026-04-22
117808141,all,century@ex.com,+1-246-8616,Ability,2026-12-08
478625321,be,yeah@ex.com,+1-313-9461,For,2026-02-05
471092453,business,whatever@ex.com,+1-935-7140,Fly,2026-03-17
555171909,seem,admit@ex.com,+1-178-2238,Research,2026-02-06
869491381,easy,she@ex.com,+1-466-9700,Ground,2026-03-01
391453366,bill,left@ex.com,+1-615-1202,Natural,2026-03-01
536069841,wind,physical@ex.com,+1-699-7082,Win,2026-12-13
572279713,something,threat@ex.com,+1-436-7115,Mrs,2026-01-03
509583369,ball,visit@ex.com,+1-298-4810,Them,2026-01-15
979408013,garden,it@ex.com,+1-387-4023,Question,2026-08-23
363861364,herself,hold@ex.com,+1-492-3151,Once,2026-08-14
778074207,remain,language@ex.com,+1-132-5767,Military,2026-04-16
856216980,development,development@ex.com,+1-755-3154,Point,2026-12-14
594980908,protect,thing@ex.com,+1-276-8764,Whole,2026-08-21
631487466,close,six@ex.com,+1-699-8908,Partner,2026-02-16
932681161,art,pay@ex.com,+1-675-6081,Citizen,2026-06-18
669631382,million,writer@ex.com,+1-954-1485,Their,2026-03-22
164623882,idea,song@ex.com,+1-989-4194,Herself,2026-02-22
772486960,actually,particularly@ex.com,+1-441-6888,Next,2026-04-03
45018129,write,should@ex.com,+1-710-2646,Man,2026-11-21
102967746,mother,benefit@ex.com,+1-688-4326,Do,2026-03-02
541731706,player,wind@ex.com,+1-334-3843,Visit,2026-02-19
400411783,heavy,star@ex.com,+1-467-4081,Generation,2026-02-25
457784728,laugh,above@ex.com,+1-601-7577,Lay,2026-10-23
834738211,occur,raise@ex.com,+1-329-1964,Case,2026-11-14
160679497,prove,that@ex.com,+1-679-3340,About,2026-06-21
115389260,management,describe@ex.com,+1-869-3331,Issue,2026-12-16
74268517,particularly,local@ex.com,+1-797-3547,West,2026-04-13
199509578,free,issue@ex.com,+1-925-7737,Attention,2026-11-28
812024763,culture,human@ex.com,+1-782-3310,Kitchen,2026-03-13
897933363,perform,drive@ex.com,+1-729-8279,Together,2026-11-28
579440952,mean,drop@ex.com,+1-951-6263,Allow,2026-07-22
809428980,of,mean@ex.com,+1-393-6877,Realize,2026-05-05
491289473,appear,however@ex.com,+1-658-5185,Box,2026-04-03
373625858,stand,pressure@ex.com,+1-349-4144,Thing,2026-02-02
546202324,market,voice@ex.com,+1-818-6341,Give,2026-10-18
363107733,clearly,lot@ex.com,+1-445-2755,Operation,2026-07-02
481721160,agree,wrong@ex.com,+1-948-3791,Firm,2026-12-19
473810953,wear,big@ex.com,+1-914-9002,Happy,2026-04-13
691738203,sure,push@ex.com,+1-175-4801,Yet,2026-12-12
499689504,hundred,give@ex.com,+1-563-3158,Experience,2026-09-10
338548733,force,general@ex.com,+1-160-1409,Western,2026-07-27
231953244,push,figure@ex.com,+1-396-4473,Site,2026-04-28
357354443,space,room@ex.com,+1-217-3083,Peace,2026-02-06
137791524,receive,threat@ex.com,+1-487-3374,Reveal,2026-05-06
240613947,guy,eye@ex.com,+1-370-6188,Site,2026-12-16
810715339,prevent,usually@ex.com,+1-205-7785,Early,2026-11-25
753560342,same,democratic@ex.com,+1-188-9150,These,2026-07-27
333747293,push,travel@ex.com,+1-636-3059,Evidence,2026-12-17
108121084,since,husband@ex.com,+1-222-5669,Scene,2026-05-24
520925109,major,give@ex.com,+1-756-9995,Drop,2026-12-28
967812235,yes,particular@ex.com,+1-380-6260,Have,2026-11-11
379413797,front,thought@ex.com,+1-671-8218,Effort,2026-01-23
311552334,city,animal@ex.com,+1-581-7021,Perform,2026-02-19
787018839,case,green@ex.com,+1-728-8812,Again,2026-07-01
628001535,simply,herself@ex.com,+1-291-6356,Chance,2026-08-27
608777840,answer,player@ex.com,+1-455-9622,Available,2026-10-16
426593306,then,natural@ex.com,+1-500-5356,Herself,2026-05-10
766554041,several,health@ex.com,+1-648-3130,Situation,2026-05-01
800838722,yes,service@ex.com,+1-265-6650,Instead,2026-11-28
832064396,civil,force@ex.com,+1-121-7262,Free,2026-03-14
253310702,special,somebody@ex.com,+1-768-5733,College,2026-09-27
694267794,base,top@ex.com,+1-272-5888,Receive,2026-09-09
63877290,woman,weight@ex.com,+1-923-8876,Goal,2026-04-07
760511966,last,significant@ex.com,+1-146-3459,Hope,2026-05-17
951272971,others,color@ex.com,+1-664-6601,Attack,2026-09-25
54752360,bar,return@ex.com,+1-493-3838,Ahead,2026-02-08
449348993,who,thank@ex.com,+1-525-8995,Answer,2026-02-01
67435786,activity,sport@ex.com,+1-873-1090,Mean,2026-02-02
12440985,thought,serve@ex.com,+1-557-7844,Gun,2026-06-08
886775783,future,president@ex.com,+1-601-1514,Market,2026-12-27
572176386,work,foreign@ex.com,+1-525-4882,Husband,2026-05-21
738592970,former,two@ex.com,+1-358-5500,Far,2026-06-23
678875171,already,investment@ex.com,+1-782-1249,Collection,2026-04-17
860452863,year,main@ex.com,+1-459-7811,Mission,2026-09-09
661528071,third,small@ex.com,+1-333-1592,Receive,2026-06-18
931251471,husband,one@ex.com,+1-635-3852,Around,2026-12-08
640178030,do,gas@ex.com,+1-950-9276,Put,2026-05-22
410355403,main,bad@ex.com,+1-821-1297,Spend,2026-06-14
145423459,it,focus@ex.com,+1-698-8509,Cup,2026-02-24
142506519,side,between@ex.com,+1-292-7207,Miss,2026-01-16
991173189,party,people@ex.com,+1-686-1777,Put,2026-12-19
300820917,material,he@ex.com,+1-411-6748,Before,2026-05-15
445278815,field,theory@ex.com,+1-288-4669,Million,2026-04-24
152724067,vote,training@ex.com,+1-352-5765,For,2026-03-03
624661368,couple,game@ex.com,+1-680-7084,Tend,2026-02-23
331269091,that,movement@ex.com,+1-825-6386,Race,2026-08-06
632789076,at,onto@ex.com,+1-724-1402,Meet,2026-11-23
844085864,improve,thought@ex.com,+1-997-6432,Standard,2026-07-23
346723078,vote,best@ex.com,+1-303-4259,Parent,2026-10-04
767077494,indeed,difference@ex.com,+1-678-8195,Democrat,2026-12-14
904854697,her,partner@ex.com,+1-144-3205,Teach,2026-03-20
642575691,measure,idea@ex.com,+1-854-2482,Particularly,2026-04-27
170945981,word,media@ex.com,+1-479-5583,Treatment,2026-02-27
224292167,debate,deal@ex.com,+1-742-9561,Century,2026-08-15
767886561,draw,thought@ex.com,+1-532-6986,Read,2026-07-07
873423627,much,once@ex.com,+1-694-5622,Somebody,2026-04-28
249615236,detail,wife@ex.com,+1-809-9747,About,2026-07-04
249913020,service,together@ex.com,+1-889-8937,Company,2026-08-09
310203341,goal,suggest@ex.com,+1-813-2278,Figure,2026-04-11
272497054,laugh,player@ex.com,+1-863-7105,Hear,2026-05-14
504921025,catch,edge@ex.com,+1-253-9982,Their,2026-11-26
738033063,up,Mr@ex.com,+1-257-4837,Particular,2026-12-21
85291671,movement,military@ex.com,+1-663-8929,Painting,2026-05-22
71377677,bad,down@ex.com,+1-986-7983,Fight,2026-06-03
529345431,better,way@ex.com,+1-402-3393,Source,2026-08-26
464536517,goal,around@ex.com,+1-743-7266,Old,2026-06-22
50030470,popular,pull@ex.com,+1-209-1054,Environment,2026-07-23
864500822,side,note@ex.com,+1-483-3709,Attack,2026-10-21
997266382,available,myself@ex.com,+1-933-9258,Gun,2026-01-01
103825640,much,fill@ex.com,+1-755-7639,Just,2026-08-14
694693355,guess,put@ex.com,+1-578-8056,Attention,2026-10-05
407307666,nothing,mother@ex.com,+1-198-6138,Already,2026-02-26
813910959,left,training@ex.com,+1-733-5585,Run,2026-02-02
839557474,ago,produce@ex.com,+1-431-9179,Positive,2026-01-23
732748243,tell,public@ex.com,+1-839-4947,Education,2026-04-10
604695735,radio,reduce@ex.com,+1-104-2512,Quickly,2026-08-08
8105432,professor,a@ex.com,+1-245-5294,But,2026-01-11
518413532,will,significant@ex.com,+1-242-4227,Bring,2026-03-09
259868950,painting,participant@ex.com,+1-815-6034,Check,2026-01-17
165392946,improve,find@ex.com,+1-999-5617,Painting,2026-01-09
259513611,lose,report@ex.com,+1-918-6958,Collection,2026-06-11
672313255,yes,include@ex.com,+1-783-9645,Be,2026-02-14
596932240,own,goal@ex.com,+1-429-6929,Million,2026-03-15
401947326,energy,husband@ex.com,+1-726-6654,Every,2026-07-03
131979384,which,different@ex.com,+1-873-9862,Figure,2026-11-16
264410376,analysis,perform@ex.com,+1-417-7296,Often,2026-03-28
148716677,child,exactly@ex.com,+1-203-2949,Recently,2026-03-27
402665088,answer,control@ex.com,+1-847-6881,Now,2026-10-18
674152761,another,bag@ex.com,+1-942-3377,Foot,2026-09-04
236763043,rate,prevent@ex.com,+1-562-2301,Mention,2026-01-06
131756777,morning,eye@ex.com,+1-330-2103,Along,2026-05-11
240326505,seem,college@ex.com,+1-435-8801,Read,2026-11-05
282834864,once,relate@ex.com,+1-621-8178,Today,2026-08-21
914609300,more,yes@ex.com,+1-358-5534,Force,2026-07-10
93005503,western,thank@ex.com,+1-361-8053,Media,2026-02-09
629748576,while,authority@ex.com,+1-301-4563,Such,2026-11-09
633122801,inside,important@ex.com,+1-704-9143,North,2026-12-16
150742880,human,explain@ex.com,+1-420-3146,Spring,2026-10-22
46371695,lose,gas@ex.com,+1-168-7373,Employee,2026-01-15
246776159,side,summer@ex.com,+1-772-5288,Marriage,2026-05-22
288995416,tend,already@ex.com,+1-473-8182,Join,2026-05-20
874845108,task,glass@ex.com,+1-612-2262,Even,2026-01-16
950527081,health,here@ex.com,+1-601-6671,Green,2026-10-25
962414248,provide,direction@ex.com,+1-387-4225,Charge,2026-04-23
440643159,theory,sister@ex.com,+1-157-4893,Study,2026-11-12
771470115,control,any@ex.com,+1-851-6729,Onto,2026-08-17
128137918,shoulder,employee@ex.com,+1-760-8923,Garden,2026-03-09
274615038,return,human@ex.com,+1-893-1689,Consider,2026-08-27
381689436,television,worker@ex.com,+1-366-7475,Staff,2026-11-16
54987017,generation,direction@ex.com,+1-971-7361,Down,2026-10-23
612869758,painting,southern@ex.com,+1-753-4110,Easy,2026-11-26
415652285,Democrat,foot@ex.com,+1-885-6946,Parent,2026-04-17
339088642,pay,certain@ex.com,+1-189-4748,Hand,2026-03-02
121095814,start,real@ex.com,+1-623-5764,None,2026-08-02
60553602,thought,beat@ex.com,+1-883-7572,Tree,2026-01-19
573188350,foot,his@ex.com,+1-212-2381,Range,2026-10-07
167421758,learn,similar@ex.com,+1-805-2851,Wife,2026-11-18
727658906,than,early@ex.com,+1-927-5783,Cell,2026-09-02
28724267,collection,participant@ex.com,+1-396-6091,Cost,2026-11-12
832461257,fire,traditional@ex.com,+1-161-8161,Keep,2026-03-28
559561377,view,general@ex.com,+1-167-1672,Bag,2026-03-09
781737531,question,ago@ex.com,+1-691-2306,Position,2026-08-12
108089441,Congress,current@ex.com,+1-661-3466,Size,2026-03-10
163702989,later,teacher@ex.com,+1-831-7777,It,2026-10-10
652226567,book,interview@ex.com,+1-572-1866,Yourself,2026-02-21
218443411,story,him@ex.com,+1-478-6227,Weight,2026-10-26
492527664,hear,example@ex.com,+1-166-8488,Likely,2026-03-22
260563047,form,ready@ex.com,+1-460-4131,Modern,2026-06-18
844410391,hour,start@ex.com,+1-880-2624,Call,2026-03-28
566230562,quite,life@ex.com,+1-570-9279,Process,2026-07-01
824926827,home,social@ex.com,+1-330-6382,Site,2026-05-25
394940823,child,only@ex.com,+1-158-9759,Series,2026-06-25
925469197,buy,red@ex.com,+1-562-1784,There,2026-12-20
218569052,wonder,simple@ex.com,+1-154-2007,Design,2026-02-19
102841093,economy,author@ex.com,+1-921-1962,Direction,2026-07-02
945742384,his,movement@ex.com,+1-393-3163,Movie,2026-10-10
7079882,person,certain@ex.com,+1-673-7580,Media,2026-01-21
608476289,level,relate@ex.com,+1-870-9520,Win,2026-03-20
236208880,position,world@ex.com,+1-839-6283,Maintain,2026-02-17
752273514,exactly,different@ex.com,+1-557-1598,Without,2026-02-22
205649984,physical,manager@ex.com,+1-354-9180,Explain,2026-05-01
637662085,specific,stage@ex.com,+1-279-7825,Drive,2026-11-22
142831208,but,relate@ex.com,+1-625-1456,Central,2026-02-28
470297833,agree,weight@ex.com,+1-993-3577,These,2026-02-26
447583026,them,want@ex.com,+1-777-5746,Yet,2026-06-20
225771759,loss,contain@ex.com,+1-115-2448,Tax,2026-10-08
527686722,mouth,administration@ex.com,+1-688-5788,Similar,2026-08-11
463700301,appear,another@ex.com,+1-892-2632,Leave,2026-11-27
678355197,thought,only@ex.com,+1-606-3775,Of,2026-11-13
261643794,cover,later@ex.com,+1-828-4171,Develop,2026-08-07
61615440,you,news@ex.com,+1-629-3434,Heavy,2026-09-14
421318143,development,seat@ex.com,+1-443-8771,Describe,2026-04-15
479909998,staff,film@ex.com,+1-154-1113,Key,2026-07-07
231562240,miss,investment@ex.com,+1-149-1150,With,2026-09-26
510887956,significant,under@ex.com,+1-174-9909,Space,2026-09-06
793032111,human,event@ex.com,+1-717-6633,Position,2026-03-11
831143298,response,decision@ex.com,+1-650-3984,Marriage,2026-08-05
373053643,skill,fill@ex.com,+1-269-1892,Floor,2026-10-01
260568427,above,threat@ex.com,+1-738-6308,Computer,2026-10-11
724047329,political,spend@ex.com,+1-874-7198,Mission,2026-03-28
67624810,last,tell@ex.com,+1-599-8062,By,2026-07-12
607681093,partner,total@ex.com,+1-948-8509,Defense,2026-10-07
194355545,himself,business@ex.com,+1-310-2242,Summer,2026-09-18
47216529,hundred,environment@ex.com,+1-701-8413,Up,2026-02-01
189064335,specific,yet@ex.com,+1-104-5337,Treatment,2026-08-27
38412137,huge,community@ex.com,+1-357-1829,Sing,2026-10-26
67518426,water,treatment@ex.com,+1-969-3006,Surface,2026-06-06
571109471,baby,notice@ex.com,+1-907-2383,Kitchen,2026-09-04
976815565,one,everyone@ex.com,+1-995-1575,Almost,2026-09-28
405910651,ball,national@ex.com,+1-910-1840,Picture,2026-06-13
845614703,move,begin@ex.com,+1-388-3495,Wonder,2026-06-02
715358061,present,ahead@ex.com,+1-645-6530,He,2026-02-22
964333930,later,attack@ex.com,+1-815-4527,Politics,2026-05-02
298258552,require,at@ex.com,+1-567-6056,Simply,2026-12-27
627260875,almost,hear@ex.com,+1-931-5209,Control,2026-03-08
598767277,indicate,generation@ex.com,+1-324-6365,View,2026-05-20
259392986,adult,six@ex.com,+1-983-3806,View,2026-11-12
600456965,guess,purpose@ex.com,+1-973-9172,Feeling,2026-02-12
272147638,hospital,worry@ex.com,+1-386-4018,Particularly,2026-11-01
840192365,matter,piece@ex.com,+1-872-1993,Attention,2026-09-16
497383690,magazine,middle@ex.com,+1-292-1125,System,2026-01-26
560264233,baby,itself@ex.com,+1-710-8875,Onto,2026-11-03
191696572,discussion,best@ex.com,+1-516-6517,Teacher,2026-12-27
304162521,spend,TV@ex.com,+1-790-3390,Worker,2026-04-08
292102824,political,current@ex.com,+1-753-2244,Range,2026-07-21
600485127,point,parent@ex.com,+1-919-3085,Fast,2026-04-22
245729367,other,but@ex.com,+1-676-6535,Coach,2026-01-17
125351887,idea,may@ex.com,+1-929-5331,Become,2026-02-23
601926638,stand,discover@ex.com,+1-761-4780,Him,2026-04-06
856006464,upon,hot@ex.com,+1-267-9790,Space,2026-02-06
806613828,heavy,serious@ex.com,+1-557-6542,Day,2026-05-19
520887287,wall,home@ex.com,+1-627-4719,Treat,2026-04-11
474955805,impact,million@ex.com,+1-366-9560,Key,2026-05-16
560474074,project,central@ex.com,+1-351-5509,Follow,2026-09-01
821035274,product,know@ex.com,+1-526-1281,Everybody,2026-02-04
321105198,safe,return@ex.com,+1-527-3626,Nor,2026-08-07
92398790,group,morning@ex.com,+1-342-2238,Almost,2026-02-12
881191349,site,me@ex.com,+1-205-2881,Subject,2026-05-12
920859217,economy,protect@ex.com,+1-764-4129,Popular,2026-09-22
622890345,team,usually@ex.com,+1-234-4001,Hear,2026-07-18
163532863,difference,population@ex.com,+1-113-1919,Sign,2026-05-06
441732855,continue,here@ex.com,+1-769-3225,But,2026-08-11
202708484,toward,rather@ex.com,+1-409-8064,Energy,2026-08-10
784449750,morning,history@ex.com,+1-523-9896,Act,2026-07-06
609196491,population,sea@ex.com,+1-203-1504,Number,2026-12-27
317190182,Mr,similar@ex.com,+1-154-6587,Give,2026-06-12
684041819,far,media@ex.com,+1-309-4250,Better,2026-09-13
178124511,rule,career@ex.com,+1-264-1979,Certain,2026-10-10
130133404,sport,final@ex.com,+1-688-3575,Hand,2026-12-02
584208088,appear,fear@ex.com,+1-746-8697,Yes,2026-07-01
896251544,test,one@ex.com,+1-945-7131,Enter,2026-06-04
278393266,more,lot@ex.com,+1-835-1441,Wind,2026-01-20
263935952,tough,it@ex.com,+1-297-1556,Threat,2026-09-03
331458451,believe,policy@ex.com,+1-987-6132,We,2026-02-21
596999119,budget,although@ex.com,+1-829-2186,Scene,2026-06-27
5617651,how,past@ex.com,+1-386-5612,They,2026-11-11
972248225,still,his@ex.com,+1-130-3262,Live,2026-05-28
264388085,kitchen,senior@ex.com,+1-524-3987,Own,2026-05-06
364320017,on,ball@ex.com,+1-603-4281,Add,2026-07-07
380011733,able,nation@ex.com,+1-416-7398,Bar,2026-03-23
659999793,ability,measure@ex.com,+1-231-2535,Those,2026-08-08
238312003,customer,hospital@ex.com,+1-333-7706,Painting,2026-06-14
304819991,increase,hope@ex.com,+1-994-6413,Sort,2026-08-08
361645975,officer,economic@ex.com,+1-800-4723,Next,2026-01-05
491183580,spend,field@ex.com,+1-964-7388,Beautiful,2026-05-22
785671255,member,thing@ex.com,+1-992-7586,Politics,2026-02-25
44171398,approach,loss@ex.com,+1-858-5197,Answer,2026-01-08
168011209,return,author@ex.com,+1-647-6843,Event,2026-02-13
59311412,control,majority@ex.com,+1-169-6909,Into,2026-07-27
892959928,customer,bring@ex.com,+1-911-4691,See,2026-12-04
822121005,pull,collection@ex.com,+1-835-8565,Top,2026-06-16
15686113,how,already@ex.com,+1-418-7282,Already,2026-02-26
229057081,analysis,spend@ex.com,+1-442-5097,Space,2026-05-14
219866565,court,system@ex.com,+1-352-5703,Number,2026-08-04
68772421,economy,beautiful@ex.com,+1-795-1365,Prevent,2026-01-14
407233903,most,not@ex.com,+1-219-2885,Research,2026-08-09
831766095,middle,goal@ex.com,+1-320-8876,Star,2026-09-22
48161390,while,write@ex.com,+1-535-1212,Explain,2026-08-23
638997965,many,perhaps@ex.com,+1-490-9921,Nearly,2026-01-26
786414201,decide,million@ex.com,+1-648-4392,Onto,2026-09-09
686181129,keep,inside@ex.com,+1-231-4677,Seem,2026-08-07
724119144,to,bag@ex.com,+1-691-6719,Vote,2026-06-15
267617513,time,parent@ex.com,+1-655-2248,Firm,2026-03-24
906549478,control,value@ex.com,+1-198-6135,Bag,2026-02-07
987094455,voice,peace@ex.com,+1-247-6897,Really,2026-08-08
104958850,statement,scene@ex.com,+1-241-5674,Behind,2026-05-24
930818097,real,include@ex.com,+1-393-4137,Anyone,2026-06-25
463462689,vote,structure@ex.com,+1-597-8324,Perhaps,2026-06-02
658568105,reduce,low@ex.com,+1-397-8262,Executive,2026-04-04
925051282,capital,single@ex.com,+1-903-4850,Particularly,2026-07-01
682587270,ready,one@ex.com,+1-492-5992,Rate,2026-07-03
436297763,painting,reduce@ex.com,+1-574-6794,Spend,2026-09-17
883554729,old,without@ex.com,+1-591-9100,Politics,2026-12-05
566366977,region,friend@ex.com,+1-138-7343,Pressure,2026-06-05
293456445,when,purpose@ex.com,+1-227-3155,Entire,2026-09-02
83431590,ask,whose@ex.com,+1-844-6202,National,2026-02-16
508316765,final,painting@ex.com,+1-312-9294,Off,2026-01-01
7436398,enter,program@ex.com,+1-569-8563,Former,2026-10-12
318574300,item,few@ex.com,+1-404-7913,Base,2026-05-24
43218854,management,professor@ex.com,+1-668-3068,Set,2026-07-09
144199923,true,wife@ex.com,+1-123-4105,Remember,2026-09-14
86502853,former,sell@ex.com,+1-118-7272,Than,2026-01-18
639882324,star,officer@ex.com,+1-490-9428,Every,2026-11-21
300045006,student,Democrat@ex.com,+1-442-1278,Dog,2026-05-20
307161491,move,son@ex.com,+1-401-9461,It,2026-06-23
207198271,few,project@ex.com,+1-163-6650,True,2026-10-21
396909436,certainly,what@ex.com,+1-476-7361,Threat,2026-11-15
864852999,follow,condition@ex.com,+1-858-1794,Art,2026-09-09
703573273,sit,almost@ex.com,+1-660-7716,Range,2026-05-13
746892853,cell,the@ex.com,+1-863-8677,Member,2026-12-03
237504328,he,technology@ex.com,+1-521-8301,Another,2026-04-12
428746953,under,happen@ex.com,+1-759-3071,News,2026-10-10
191840280,employee,state@ex.com,+1-180-7669,Require,2026-12-11
437085269,mission,call@ex.com,+1-797-6636,Modern,2026-11-05
763910318,ok,perform@ex.com,+1-889-6730,However,2026-11-25
728031976,green,fear@ex.com,+1-242-6892,Turn,2026-04-28
548727209,charge,put@ex.com,+1-935-9801,Too,2026-12-26
182719393,data,want@ex.com,+1-144-2509,Early,2026-07-22
513078303,consumer,evening@ex.com,+1-392-1727,International,2026-01-10
600329402,very,state@ex.com,+1-578-7567,Later,2026-07-23
847697078,fear,thousand@ex.com,+1-591-7361,Maintain,2026-12-23
571254017,bring,theory@ex.com,+1-472-2664,Some,2026-03-10
168949928,theory,themselves@ex.com,+1-206-6517,Official,2026-05-09
727159625,great,like@ex.com,+1-226-9236,Painting,2026-10-03
225537192,foot,guess@ex.com,+1-179-5044,Thing,2026-11-27
37577254,president,customer@ex.com,+1-308-6883,Visit,2026-03-09
273581502,economic,become@ex.com,+1-476-4517,Look,2026-09-11
972072580,arm,term@ex.com,+1-899-5164,Fear,2026-05-15
910725163,also,enjoy@ex.com,+1-163-6507,Join,2026-01-21
359481624,recognize,face@ex.com,+1-874-3637,Town,2026-07-04
521227977,cell,car@ex.com,+1-446-8828,Her,2026-07-09
74066355,style,opportunity@ex.com,+1-600-1341,Entire,2026-09-10
157747310,offer,before@ex.com,+1-765-7872,Reach,2026-08-10
941053741,north,article@ex.com,+1-946-9301,All,2026-05-15
498830438,market,both@ex.com,+1-383-1121,Else,2026-08-19
433438962,buy,political@ex.com,+1-153-5476,Operation,2026-01-08
477869803,edge,thing@ex.com,+1-888-8534,Stop,2026-04-08
958124107,seem,already@ex.com,+1-523-9114,Rule,2026-12-01
350483298,glass,perform@ex.com,+1-527-6929,Law,2026-03-15
38742665,suggest,figure@ex.com,+1-345-2391,Staff,2026-07-26
43964343,wish,money@ex.com,+1-706-3064,Moment,2026-09-13
952830947,agency,true@ex.com,+1-232-4743,Time,2026-08-28
228743248,nearly,true@ex.com,+1-818-9346,Board,2026-05-23
614937438,person,rise@ex.com,+1-657-2011,Room,2026-03-25
796747735,peace,least@ex.com,+1-982-5419,Building,2026-05-12
708474216,without,physical@ex.com,+1-352-2361,Five,2026-10-07
396540942,cold,see@ex.com,+1-673-3061,People,2026-10-18
398264576,show,writer@ex.com,+1-198-8766,Card,2026-08-04
246496991,lay,pay@ex.com,+1-161-6494,Animal,2026-10-21
166119365,agency,here@ex.com,+1-872-2422,Raise,2026-07-22
519844837,fear,actually@ex.com,+1-288-7289,Apply,2026-12-21
899747238,become,name@ex.com,+1-365-4345,Movie,2026-09-25
743299946,continue,expert@ex.com,+1-494-3139,Always,2026-01-15
971240352,more,Congress@ex.com,+1-922-7710,Former,2026-09-17
648463101,drug,glass@ex.com,+1-502-1034,Many,2026-01-01
74815268,nation,after@ex.com,+1-381-3735,Another,2026-01-01
603049582,bring,for@ex.com,+1-740-7067,Charge,2026-10-17
174253141,story,will@ex.com,+1-217-8956,View,2026-02-08
327096393,attorney,sure@ex.com,+1-991-1838,Here,2026-12-07
395601922,class,store@ex.com,+1-922-8061,Reduce,2026-08-01
377371099,though,start@ex.com,+1-927-3179,One,2026-05-24
539155546,star,herself@ex.com,+1-901-2967,Deal,2026-06-14
546203236,enjoy,military@ex.com,+1-489-9065,Whatever,2026-02-24
613685266,even,weight@ex.com,+1-883-8608,Three,2026-04-04
66607831,help,sport@ex.com,+1-504-8175,Especially,2026-10-17
357448365,loss,save@ex.com,+1-550-6184,Control,2026-10-16
273170867,policy,professor@ex.com,+1-375-9927,Very,2026-11-16
602726333,particularly,above@ex.com,+1-592-1192,Stock,2026-02-18
447017539,real,identify@ex.com,+1-697-3398,Many,2026-05-19
221340227,very,person@ex.com,+1-988-6927,Human,2026-04-03
445988404,news,then@ex.com,+1-136-3744,Agreement,2026-01-10
643393213,body,with@ex.com,+1-502-6450,Paper,2026-09-17
19753606,many,end@ex.com,+1-505-1105,History,2026-09-11
114799846,eight,read@ex.com,+1-917-4683,Modern,2026-09-25
29158668,range,he@ex.com,+1-663-6629,Case,2026-11-07
233225151,hard,claim@ex.com,+1-701-4793,Forget,2026-02-18
357771641,customer,data@ex.com,+1-384-8423,Available,2026-03-05
186009840,move,at@ex.com,+1-337-4386,Help,2026-12-12
328034470,else,another@ex.com,+1-611-9416,Night,2026-04-28
907338785,same,ability@ex.com,+1-902-9591,To,2026-08-03
228519123,loss,PM@ex.com,+1-926-6608,Where,2026-08-07
624836275,present,very@ex.com,+1-188-3685,Bag,2026-10-04
136750625,his,movie@ex.com,+1-587-5053,Old,2026-08-20
836185078,inside,sell@ex.com,+1-684-4835,Mean,2026-12-26
476446407,this,rather@ex.com,+1-966-3540,Term,2026-02-24
836639198,music,expect@ex.com,+1-321-4842,Answer,2026-06-25
887499551,prove,time@ex.com,+1-241-1580,Machine,2026-04-21
806204948,spend,generation@ex.com,+1-683-1982,Serve,2026-09-07
239322240,note,success@ex.com,+1-618-5742,Able,2026-07-16
526178588,network,war@ex.com,+1-909-9453,Detail,2026-03-25
30661967,hour,term@ex.com,+1-425-9467,Each,2026-07-01
656185469,seem,million@ex.com,+1-788-3309,Executive,2026-02-16
403550873,certain,however@ex.com,+1-793-5699,Hair,2026-11-16
848107488,best,energy@ex.com,+1-359-2944,Others,2026-01-20
287979299,media,run@ex.com,+1-476-5993,Its,2026-01-27
508786777,reveal,reduce@ex.com,+1-284-9328,However,2026-01-09
522632945,old,look@ex.com,+1-408-8941,Indicate,2026-07-06
73364614,local,theory@ex.com,+1-271-6536,Dog,2026-10-26
955732295,shoulder,leader@ex.com,+1-683-9275,Take,2026-09-22
657234893,direction,cost@ex.com,+1-760-7646,Herself,2026-09-22
214113174,increase,nation@ex.com,+1-261-9730,Entire,2026-07-19
292864710,hotel,audience@ex.com,+1-589-1184,Mouth,2026-02-24
97965680,sense,ball@ex.com,+1-481-9606,Through,2026-02-08
185151773,professor,century@ex.com,+1-151-9598,However,2026-05-24
801237504,trip,view@ex.com,+1-544-2822,Social,2026-02-28
855593685,operation,happy@ex.com,+1-503-9450,Question,2026-09-22
248429663,attention,they@ex.com,+1-458-8002,Pretty,2026-06-23
412617087,ever,under@ex.com,+1-666-3341,Argue,2026-12-25
22564310,group,seven@ex.com,+1-412-2738,Scientist,2026-12-11
289611495,learn,good@ex.com,+1-469-3326,Amount,2026-09-20
417394844,difference,purpose@ex.com,+1-710-7997,In,2026-09-24
539262449,attack,thing@ex.com,+1-253-3340,Impact,2026-09-27
18095783,price,son@ex.com,+1-502-5410,Be,2026-01-23
19704417,price,threat@ex.com,+1-169-6532,Painting,2026-10-24
122530079,black,yourself@ex.com,+1-699-3756,Impact,2026-01-15
236670230,do,successful@ex.com,+1-260-8754,Bar,2026-09-21
769426210,able,decade@ex.com,+1-334-2769,Audience,2026-12-15
224174821,less,among@ex.com,+1-369-6712,Class,2026-08-10
19299144,continue,sport@ex.com,+1-304-7673,Kitchen,2026-12-01
699279136,blue,suddenly@ex.com,+1-494-6007,Dog,2026-10-15
916804400,same,task@ex.com,+1-618-6639,State,2026-12-24
326430314,star,girl@ex.com,+1-981-8069,Someone,2026-07-05
974678115,fast,resource@ex.com,+1-596-6875,Not,2026-02-16
477154103,analysis,sing@ex.com,+1-133-1914,Security,2026-03-27
17810304,entire,whatever@ex.com,+1-556-8011,Major,2026-08-13
310011760,local,market@ex.com,+1-520-9694,War,2026-02-18
88642997,start,friend@ex.com,+1-342-9384,Account,2026-03-27
154372372,what,candidate@ex.com,+1-607-5328,Throw,2026-04-07
367753013,wind,could@ex.com,+1-662-3977,North,2026-05-17
293135647,nothing,whole@ex.com,+1-732-4818,Many,2026-12-07
637798412,special,enjoy@ex.com,+1-372-8036,Week,2026-06-15
165410773,term,loss@ex.com,+1-101-8492,Now,2026-04-05
409909889,step,high@ex.com,+1-529-4963,Hundred,2026-04-19
117384498,recognize,lot@ex.com,+1-992-9642,Air,2026-04-15
117455401,itself,surface@ex.com,+1-121-8620,Democratic,2026-04-01
304001875,weight,cut@ex.com,+1-658-9169,Include,2026-01-15
15332304,he,approach@ex.com,+1-150-8038,Four,2026-01-16
915180944,start,skill@ex.com,+1-352-7522,Heart,2026-08-20
724713321,bring,sea@ex.com,+1-701-8781,Else,2026-11-08
412080377,policy,sure@ex.com,+1-232-6313,Pattern,2026-10-17
291377976,possible,central@ex.com,+1-974-4750,Somebody,2026-03-04
131920021,forward,direction@ex.com,+1-248-2596,Show,2026-11-10
640727041,pressure,spend@ex.com,+1-355-6859,There,2026-09-19
3449683,break,discuss@ex.com,+1-730-1118,Eye,2026-11-19
886447029,where,right@ex.com,+1-501-5615,Wonder,2026-06-08
368689360,onto,painting@ex.com,+1-377-5488,Again,2026-03-17
671425613,future,song@ex.com,+1-705-8215,East,2026-07-05
824408668,until,action@ex.com,+1-115-6433,Close,2026-02-03
757588165,whom,music@ex.com,+1-226-4126,Rise,2026-08-11
191015464,treatment,others@ex.com,+1-265-4481,By,2026-09-01
411295704,tough,policy@ex.com,+1-753-3986,Recent,2026-04-15
955154996,my,by@ex.com,+1-438-6686,Protect,2026-08-20
655440822,next,point@ex.com,+1-684-2263,Prove,2026-04-01
244223844,short,price@ex.com,+1-617-8125,Almost,2026-10-04
607577342,particularly,concern@ex.com,+1-996-7110,Country,2026-04-05
145497985,writer,official@ex.com,+1-698-4201,Seem,2026-03-15
164249852,fill,police@ex.com,+1-988-6094,Fill,2026-08-23
97754575,yard,way@ex.com,+1-876-7964,Trouble,2026-05-08
863542361,simply,Mr@ex.com,+1-816-3492,Voice,2026-04-15
643657701,choice,design@ex.com,+1-149-4604,Improve,2026-11-05
898023188,child,same@ex.com,+1-803-8172,Loss,2026-08-02
343223707,key,hit@ex.com,+1-551-9210,All,2026-11-10
288590510,agree,ten@ex.com,+1-700-9545,Pattern,2026-09-28
93516017,upon,citizen@ex.com,+1-664-7604,Nice,2026-05-24
889103694,finish,much@ex.com,+1-788-4131,Range,2026-06-24
496200930,however,race@ex.com,+1-281-1927,So,2026-09-03
802108757,price,guess@ex.com,+1-185-4808,Road,2026-02-13
642150430,director,clear@ex.com,+1-144-3101,Entire,2026-10-15
590593554,onto,however@ex.com,+1-839-6457,Machine,2026-06-16
832165932,language,choose@ex.com,+1-721-1115,Name,2026-06-25
178234719,lawyer,firm@ex.com,+1-637-3450,Do,2026-11-03
406565075,answer,mission@ex.com,+1-970-1924,Contain,2026-08-10
853426566,bad,worker@ex.com,+1-355-8918,Benefit,2026-10-05
888270221,less,skin@ex.com,+1-518-3648,Down,2026-04-26
774019000,service,age@ex.com,+1-960-6492,Situation,2026-09-16
599821145,necessary,maintain@ex.com,+1-786-3122,Pay,2026-10-19
575043434,music,sit@ex.com,+1-494-9459,Budget,2026-12-06
930881634,maintain,particularly@ex.com,+1-495-8805,Purpose,2026-03-14
838573526,performance,speech@ex.com,+1-790-4235,Need,2026-09-05
615373863,let,data@ex.com,+1-881-6311,Training,2026-07-26
339175181,his,upon@ex.com,+1-910-1225,Option,2026-01-18
187693447,start,computer@ex.com,+1-446-9815,Town,2026-07-15
197159774,might,raise@ex.com,+1-723-3360,New,2026-02-03
18338610,if,economy@ex.com,+1-543-1473,Special,2026-05-11
713716319,recognize,analysis@ex.com,+1-787-8255,Gun,2026-08-24
93072693,without,call@ex.com,+1-664-8544,Personal,2026-02-20
337106693,day,source@ex.com,+1-835-1531,Four,2026-01-28
896739225,special,without@ex.com,+1-582-5582,Turn,2026-04-16
850270994,perhaps,always@ex.com,+1-459-3079,Rule,2026-06-19
497319694,later,station@ex.com,+1-422-8479,Raise,2026-06-08
860624653,future,Democrat@ex.com,+1-717-6685,Civil,2026-05-01
834076114,kid,any@ex.com,+1-264-1104,Hotel,2026-05-01
97784410,show,person@ex.com,+1-732-9540,Type,2026-04-04
990507847,science,third@ex.com,+1-233-7168,Policy,2026-07-05
423217782,professor,reduce@ex.com,+1-387-3600,Lawyer,2026-03-15
289106113,water,forward@ex.com,+1-354-4607,Smile,2026-08-15
656401498,behavior,democratic@ex.com,+1-646-9040,Measure,2026-09-12
413350480,or,report@ex.com,+1-317-7156,Structure,2026-05-11
541274504,discover,force@ex.com,+1-797-8394,Reflect,2026-12-28
384126212,treat,American@ex.com,+1-972-1728,Better,2026-05-10
676000619,at,how@ex.com,+1-618-2376,Represent,2026-08-13
263909973,grow,price@ex.com,+1-254-4576,Drop,2026-01-03
626194148,full,central@ex.com,+1-301-4228,Account,2026-01-23
611270755,when,hand@ex.com,+1-732-7596,Politics,2026-07-01
498693396,center,Congress@ex.com,+1-756-5925,Ask,2026-10-05
897054452,system,cut@ex.com,+1-120-5292,Stay,2026-06-15
661447970,type,once@ex.com,+1-676-5774,Woman,2026-11-04
63206842,participant,final@ex.com,+1-583-5537,Traditional,2026-08-10
668809882,building,north@ex.com,+1-500-5348,Everyone,2026-08-24
988073307,no,final@ex.com,+1-888-1314,Conference,2026-11-20
323143792,why,morning@ex.com,+1-593-9623,Site,2026-03-17
970775280,movie,image@ex.com,+1-197-5632,Building,2026-05-17
966279411,current,value@ex.com,+1-485-8392,The,2026-08-04
703659211,law,hotel@ex.com,+1-122-7559,Thing,2026-07-16
781438606,time,west@ex.com,+1-527-7393,Upon,2026-05-28
728744184,matter,race@ex.com,+1-760-6363,Change,2026-07-27
877949945,hold,suddenly@ex.com,+1-433-6099,Strong,2026-11-09
245349401,control,green@ex.com,+1-867-5460,Group,2026-08-16
943029196,international,response@ex.com,+1-585-9461,Admit,2026-10-20
849763590,apply,particular@ex.com,+1-346-6989,Natural,2026-04-10
225658875,better,small@ex.com,+1-661-7718,Degree,2026-09-28
672720569,hair,decade@ex.com,+1-180-3334,Hold,2026-02-26
890592666,charge,town@ex.com,+1-175-7087,Color,2026-06-21
107188767,green,window@ex.com,+1-360-5275,Page,2026-02-21
644672802,ahead,southern@ex.com,+1-359-3077,Half,2026-04-23
312020111,marriage,major@ex.com,+1-691-7829,Training,2026-06-27
957730131,technology,religious@ex.com,+1-495-4694,A,2026-03-12
778804980,happy,involve@ex.com,+1-708-4233,Last,2026-05-04
548840814,former,receive@ex.com,+1-689-4496,List,2026-04-04
413198041,will,hard@ex.com,+1-547-3542,Professor,2026-01-25
844222522,out,third@ex.com,+1-869-2960,Modern,2026-09-23
311439727,second,by@ex.com,+1-379-6508,Everyone,2026-08-26
156523012,natural,wonder@ex.com,+1-972-1675,Modern,2026-03-01
574979889,manage,oil@ex.com,+1-826-5410,Society,2026-10-06
40999026,sea,name@ex.com,+1-985-8612,Which,2026-06-09
99999512,fear,along@ex.com,+1-549-5544,Without,2026-07-26
648665317,federal,performance@ex.com,+1-726-9021,Institution,2026-11-06
569925002,next,without@ex.com,+1-118-5754,Me,2026-05-07
77270596,professor,finish@ex.com,+1-624-5449,Fear,2026-07-14
318614845,performance,few@ex.com,+1-557-6262,Add,2026-02-21
229738206,deal,of@ex.com,+1-445-1746,Finish,2026-02-07
566623343,listen,store@ex.com,+1-279-3226,Glass,2026-03-14
671760827,shoulder,weight@ex.com,+1-217-9934,Perform,2026-11-09
980678024,those,interview@ex.com,+1-274-1403,Push,2026-12-22
120494718,party,environmental@ex.com,+1-509-7297,Strong,2026-08-17
706635808,these,year@ex.com,+1-911-1857,Answer,2026-06-20
497043896,over,garden@ex.com,+1-151-9504,Heart,2026-06-23
844905048,kid,guess@ex.com,+1-643-6352,Economy,2026-06-18
581607243,matter,expert@ex.com,+1-776-6695,Question,2026-01-05
40042890,mouth,start@ex.com,+1-528-6520,Laugh,2026-02-13
740093010,ahead,son@ex.com,+1-229-8041,Whatever,2026-07-11
401598275,kitchen,history@ex.com,+1-727-6934,Society,2026-06-23
943857043,charge,international@ex.com,+1-974-4432,Their,2026-03-22
625983973,appear,treat@ex.com,+1-662-9826,Story,2026-04-10
539942283,particularly,get@ex.com,+1-866-8910,Mrs,2026-06-12
46130524,pick,thought@ex.com,+1-378-2324,Keep,2026-02-27
931244178,employee,save@ex.com,+1-866-4410,Person,2026-01-05
705482635,break,group@ex.com,+1-431-8292,Along,2026-10-14
294449419,image,measure@ex.com,+1-765-1180,Suggest,2026-03-09
412481974,media,past@ex.com,+1-308-1115,Style,2026-07-15
31164862,matter,we@ex.com,+1-263-9004,Material,2026-12-11
883617283,note,simply@ex.com,+1-280-1922,Daughter,2026-05-06
722054880,the,million@ex.com,+1-683-9595,Season,2026-06-06
290130769,magazine,question@ex.com,+1-796-8036,Close,2026-11-19
408884249,upon,team@ex.com,+1-311-8861,Anyone,2026-11-14
67371591,public,sure@ex.com,+1-846-2040,Ahead,2026-12-20
27635119,Mr,she@ex.com,+1-298-9951,Likely,2026-02-20
476735361,support,two@ex.com,+1-177-3045,Soon,2026-07-11
870308813,worker,second@ex.com,+1-991-3352,Exactly,2026-12-22
150954719,through,material@ex.com,+1-583-8073,Late,2026-09-13
631273649,while,policy@ex.com,+1-351-8417,Network,2026-09-02
643483242,my,near@ex.com,+1-389-7061,Yes,2026-11-20
413019865,shoulder,find@ex.com,+1-820-8077,Painting,2026-11-21
99324654,remember,interview@ex.com,+1-580-1694,Human,2026-05-21
920175460,machine,will@ex.com,+1-206-4572,Goal,2026-01-03
443743361,money,our@ex.com,+1-728-1866,Customer,2026-05-24
269213367,though,call@ex.com,+1-542-6032,Measure,2026-04-14
541547227,whole,notice@ex.com,+1-389-7408,Mr,2026-12-23
761073959,upon,play@ex.com,+1-671-6940,Exactly,2026-09-06
774725414,most,system@ex.com,+1-312-7617,Set,2026-04-13
592682162,also,goal@ex.com,+1-862-3116,Where,2026-06-07
885409881,news,room@ex.com,+1-503-3862,Have,2026-02-11
933088641,analysis,appear@ex.com,+1-900-7862,Record,2026-10-25
536330792,everyone,several@ex.com,+1-906-7323,Bring,2026-07-22
346504119,successful,now@ex.com,+1-628-7207,Attention,2026-07-08
284814457,hotel,important@ex.com,+1-970-4793,Especially,2026-04-20
794659586,sign,former@ex.com,+1-794-8455,Top,2026-09-10
741167868,message,yard@ex.com,+1-514-4840,Second,2026-11-11
303349833,word,eye@ex.com,+1-854-1779,White,2026-11-25
904414744,bank,the@ex.com,+1-778-7848,Marriage,2026-07-14
602970112,summer,mission@ex.com,+1-639-7453,Once,2026-05-25
453012496,town,person@ex.com,+1-632-8457,Husband,2026-08-20
117735774,easy,protect@ex.com,+1-836-6512,Program,2026-05-23
731842187,itself,run@ex.com,+1-703-1055,Tend,2026-08-02
569504513,central,increase@ex.com,+1-479-3244,Day,2026-03-18
207648283,anything,real@ex.com,+1-814-6247,Month,2026-04-10
187076875,old,ground@ex.com,+1-804-1192,Six,2026-05-17
650789029,day,brother@ex.com,+1-412-5166,When,2026-11-23
421934846,current,current@ex.com,+1-591-2265,Down,2026-02-25
444845312,determine,me@ex.com,+1-753-9569,Suggest,2026-11-25
427542611,pass,rather@ex.com,+1-950-2140,With,2026-04-03
80731124,instead,pretty@ex.com,+1-315-2001,Hand,2026-10-13
974613,situation,last@ex.com,+1-864-4332,Able,2026-03-04
592021761,impact,anything@ex.com,+1-978-9213,Could,2026-03-18
736627759,south,moment@ex.com,+1-918-4261,A,2026-03-17
306486934,stand,fill@ex.com,+1-915-4597,Son,2026-07-07
59339196,build,majority@ex.com,+1-732-5133,For,2026-09-20
55523996,quite,ready@ex.com,+1-596-8123,Painting,2026-01-28
532910225,station,value@ex.com,+1-887-2236,Manage,2026-12-22
647363174,direction,fear@ex.com,+1-412-7625,Field,2026-11-13
412408535,service,successful@ex.com,+1-880-3775,Do,2026-11-16
399755754,meeting,mean@ex.com,+1-154-9819,Town,2026-10-16
316286533,nature,federal@ex.com,+1-558-7270,Raise,2026-07-28
281127661,talk,story@ex.com,+1-597-4857,Maintain,2026-12-25
584291141,blue,choice@ex.com,+1-859-8846,Effort,2026-04-03
793011959,myself,entire@ex.com,+1-979-2053,Instead,2026-06-01
951218835,pattern,discover@ex.com,+1-173-5434,Pressure,2026-09-01
307435214,company,call@ex.com,+1-744-8323,Foreign,2026-06-23
179531530,theory,small@ex.com,+1-967-4811,Question,2026-11-05
296185117,author,concern@ex.com,+1-395-8986,Focus,2026-04-10
895684334,example,happen@ex.com,+1-631-2411,American,2026-04-04
71788565,instead,do@ex.com,+1-141-7314,Simple,2026-01-05
651766849,discover,view@ex.com,+1-818-4432,Serious,2026-10-03
908495729,than,media@ex.com,+1-759-5948,Onto,2026-01-26
780462423,officer,international@ex.com,+1-489-4445,Technology,2026-02-14
422242781,expect,business@ex.com,+1-577-3518,Perform,2026-03-10
831302080,worker,hotel@ex.com,+1-204-4717,No,2026-07-02
44283704,more,year@ex.com,+1-825-9406,Unit,2026-01-10
873566358,ago,friend@ex.com,+1-489-7489,Image,2026-11-03
677208291,reveal,see@ex.com,+1-306-5689,Teacher,2026-06-28
518560069,campaign,building@ex.com,+1-318-7676,Modern,2026-11-12
530416481,system,important@ex.com,+1-926-1363,Vote,2026-07-18
266836917,whose,PM@ex.com,+1-849-9988,Travel,2026-07-18
388153228,history,how@ex.com,+1-889-2684,Energy,2026-02-16
415177677,involve,that@ex.com,+1-775-4121,Interest,2026-02-05
338603334,car,perform@ex.com,+1-237-6717,Control,2026-01-15
142712221,way,scene@ex.com,+1-284-7034,Southern,2026-09-15
174962230,pressure,national@ex.com,+1-852-1372,Teacher,2026-05-07
911767808,news,capital@ex.com,+1-596-4997,Music,2026-05-08
130554947,watch,design@ex.com,+1-376-5676,Realize,2026-08-26
197904328,feeling,whole@ex.com,+1-420-8838,Goal,2026-09-05
841405317,true,rock@ex.com,+1-495-2761,Debate,2026-04-04
574512764,spring,walk@ex.com,+1-147-1815,Name,2026-01-09
416550305,special,increase@ex.com,+1-952-7028,Painting,2026-10-26
103734976,how,box@ex.com,+1-218-9685,Key,2026-11-11
506124391,agreement,teacher@ex.com,+1-183-3973,Some,2026-10-14
740231621,never,model@ex.com,+1-762-1821,Available,2026-12-25
17830852,affect,method@ex.com,+1-201-3817,Open,2026-10-02
889142684,grow,maintain@ex.com,+1-654-8043,Bed,2026-11-17
307495004,director,forward@ex.com,+1-138-1538,Current,2026-06-18
636464305,country,game@ex.com,+1-691-7609,Small,2026-10-16
432643681,claim,certainly@ex.com,+1-761-3944,Building,2026-07-05
466207485,performance,similar@ex.com,+1-604-3240,Someone,2026-04-02
780165771,military,break@ex.com,+1-704-1394,Increase,2026-12-12
155190744,not,record@ex.com,+1-424-1765,Keep,2026-06-02
884010626,form,prevent@ex.com,+1-844-3256,Eye,2026-02-19
827692213,other,Mrs@ex.com,+1-269-4650,Next,2026-09-04
425580351,official,team@ex.com,+1-135-1084,Ability,2026-03-01
634010180,morning,type@ex.com,+1-164-8478,Race,2026-05-01
26872648,near,black@ex.com,+1-515-1143,Child,2026-10-03
320796529,management,floor@ex.com,+1-518-5457,Big,2026-10-26
436446216,key,suggest@ex.com,+1-113-5661,Truth,2026-04-04
111712599,material,until@ex.com,+1-721-2027,Letter,2026-10-15
420970095,Mrs,major@ex.com,+1-737-2009,Fly,2026-09-20
901380050,thing,easy@ex.com,+1-770-4264,Leader,2026-06-03
673083315,son,feeling@ex.com,+1-672-5449,Doctor,2026-11-21
757017031,security,hotel@ex.com,+1-385-9130,Paper,2026-08-25
580282893,citizen,itself@ex.com,+1-806-6871,Baby,2026-09-07
882743263,seem,only@ex.com,+1-410-4768,Keep,2026-11-16
179520162,travel,perhaps@ex.com,+1-775-4605,Administration,2026-11-01
996656997,that,public@ex.com,+1-264-3887,Option,2026-04-03
642035658,available,hour@ex.com,+1-583-5389,Lawyer,2026-12-21
505519603,PM,summer@ex.com,+1-886-1370,Air,2026-08-24
987904644,any,lose@ex.com,+1-579-6864,Bring,2026-11-19
38426735,what,smile@ex.com,+1-873-3264,Near,2026-01-07
795173823,professional,require@ex.com,+1-641-3349,I,2026-10-13
431343243,seem,task@ex.com,+1-741-3216,Strong,2026-08-19
304111412,already,away@ex.com,+1-692-4391,Order,2026-01-15
767512574,cultural,effort@ex.com,+1-109-5626,Citizen,2026-05-02
847918625,later,chance@ex.com,+1-393-9591,Building,2026-07-15
654453257,fly,future@ex.com,+1-107-5100,Race,2026-04-10
46973457,your,yeah@ex.com,+1-645-9839,Sit,2026-07-26
326497453,how,argue@ex.com,+1-361-4541,Including,2026-10-17
732589885,character,television@ex.com,+1-646-9634,Final,2026-02-27
387888179,day,others@ex.com,+1-972-6150,Find,2026-02-27
511813394,yes,scientist@ex.com,+1-364-5723,Box,2026-06-07
962570359,perform,later@ex.com,+1-469-4155,Yes,2026-06-05
586359802,person,resource@ex.com,+1-741-4526,Measure,2026-11-11
180647977,door,current@ex.com,+1-642-3483,Huge,2026-12-09
522272875,generation,audience@ex.com,+1-467-7102,Energy,2026-01-23
304965166,mission,can@ex.com,+1-150-4375,Agree,2026-04-01
26781307,as,factor@ex.com,+1-456-2395,Production,2026-08-25
426940928,offer,safe@ex.com,+1-976-2376,Yet,2026-04-25
278391250,image,feeling@ex.com,+1-473-7161,Account,2026-09-05
359440669,really,these@ex.com,+1-952-5280,Very,2026-11-04
281780881,coach,his@ex.com,+1-660-5170,Space,2026-05-13
199661400,actually,painting@ex.com,+1-912-8200,Direction,2026-05-14
544381523,as,individual@ex.com,+1-102-2314,Camera,2026-01-25
547662768,subject,medical@ex.com,+1-404-8005,Same,2026-12-23
502411550,each,example@ex.com,+1-169-7536,Thought,2026-04-19
952202621,seat,church@ex.com,+1-368-9138,He,2026-05-11
798616738,laugh,both@ex.com,+1-449-4221,Example,2026-01-01
670558754,prevent,instead@ex.com,+1-725-3105,Economic,2026-11-22
539240463,eye,effort@ex.com,+1-117-1582,Year,2026-07-27
126897777,her,protect@ex.com,+1-312-7853,Successful,2026-01-05
860223781,send,step@ex.com,+1-812-6283,Same,2026-04-21
777256492,lawyer,PM@ex.com,+1-944-6610,Number,2026-10-17
690859892,wide,team@ex.com,+1-238-9926,Piece,2026-04-14
453665828,available,her@ex.com,+1-798-5021,Watch,2026-01-04
992342398,dinner,understand@ex.com,+1-723-3800,Increase,2026-03-12
937017563,most,with@ex.com,+1-369-8646,However,2026-02-22
800406986,article,nice@ex.com,+1-465-1019,Too,2026-02-12
769872214,visit,chance@ex.com,+1-756-3520,Unit,2026-07-03
532586312,drop,perhaps@ex.com,+1-145-6059,Bad,2026-06-09
470340119,democratic,response@ex.com,+1-523-8621,Expect,2026-12-06
927015750,special,how@ex.com,+1-829-1765,Moment,2026-09-17
779092825,continue,fast@ex.com,+1-361-5959,Floor,2026-04-04
128138576,hand,bad@ex.com,+1-137-7203,Network,2026-03-03
529811004,responsibility,mention@ex.com,+1-386-6589,Sea,2026-12-16
523094202,thank,current@ex.com,+1-242-5077,Popular,2026-02-08
582969805,head,surface@ex.com,+1-254-1677,Hear,2026-11-10
54249427,rich,through@ex.com,+1-750-4444,Safe,2026-01-01
541339096,exactly,treat@ex.com,+1-917-3239,Technology,2026-09-18
365078991,local,car@ex.com,+1-345-4614,Personal,2026-11-06
360261652,marriage,this@ex.com,+1-669-4618,Key,2026-01-16
340290683,full,cut@ex.com,+1-919-6134,Wide,2026-09-28
119116835,not,enjoy@ex.com,+1-205-2782,Husband,2026-04-18
248181134,work,morning@ex.com,+1-174-8857,Situation,2026-08-15
852714002,region,fill@ex.com,+1-898-9971,Move,2026-10-06
203074776,sport,direction@ex.com,+1-917-4329,Article,2026-01-10
766079538,benefit,back@ex.com,+1-696-4295,We,2026-11-26
373396627,walk,read@ex.com,+1-554-3821,Young,2026-05-07
383102317,activity,civil@ex.com,+1-166-8532,Fear,2026-07-26
51170626,low,around@ex.com,+1-524-7922,Reflect,2026-04-02
159049144,key,hundred@ex.com,+1-406-5089,Theory,2026-02-04
538407324,safe,policy@ex.com,+1-786-4759,Speech,2026-08-25
873273082,town,threat@ex.com,+1-782-9449,Defense,2026-02-21
296832487,good,future@ex.com,+1-179-2743,Top,2026-10-19
440093292,region,even@ex.com,+1-954-6669,Entire,2026-11-23
888430701,PM,information@ex.com,+1-619-2723,Meeting,2026-01-12
785943346,board,TV@ex.com,+1-103-6370,Recognize,2026-10-06
675797996,present,west@ex.com,+1-524-9662,Floor,2026-05-06
843133622,thousand,west@ex.com,+1-626-9930,Drive,2026-12-16
614623637,power,suggest@ex.com,+1-901-2329,Chance,2026-01-03
156825205,that,off@ex.com,+1-587-3223,Western,2026-05-26
243172626,meet,note@ex.com,+1-860-9817,Guy,2026-07-16
704949192,town,data@ex.com,+1-850-1806,Spend,2026-02-19
302636267,site,check@ex.com,+1-528-6888,Face,2026-02-27
14502898,population,movement@ex.com,+1-289-2622,Indicate,2026-05-18
195149461,game,data@ex.com,+1-822-8630,Owner,2026-08-01
89775210,quite,many@ex.com,+1-142-6486,Out,2026-01-18
231503164,result,know@ex.com,+1-604-9804,Local,2026-08-25
675860459,another,human@ex.com,+1-498-4015,Difficult,2026-11-04
127229528,among,job@ex.com,+1-732-6545,Light,2026-02-28
725072415,effect,figure@ex.com,+1-564-1801,Your,2026-07-20
434735253,onto,ago@ex.com,+1-545-7197,Walk,2026-02-16
491766009,seem,analysis@ex.com,+1-606-9258,My,2026-09-23
611702300,any,order@ex.com,+1-436-1399,Land,2026-11-02
97060140,cost,several@ex.com,+1-534-9640,Energy,2026-07-06
299309537,voice,much@ex.com,+1-737-4388,Yes,2026-07-17
415566000,forget,available@ex.com,+1-812-4014,Back,2026-10-11
315459668,than,religious@ex.com,+1-764-2518,Still,2026-04-18
971224077,service,yes@ex.com,+1-265-4655,Knowledge,2026-01-16
602017401,something,tell@ex.com,+1-453-6034,Between,2026-09-13
973490944,will,although@ex.com,+1-911-7676,Performance,2026-12-10
239089079,moment,all@ex.com,+1-632-3844,Sport,2026-11-10
532424825,who,very@ex.com,+1-976-4141,Prevent,2026-03-10
83233260,with,pretty@ex.com,+1-862-5404,Force,2026-10-13
281424693,hospital,wife@ex.com,+1-613-1568,Know,2026-09-06
148604659,physical,stuff@ex.com,+1-120-3969,Two,2026-10-18
73449736,yourself,painting@ex.com,+1-856-4805,Control,2026-10-20
476909519,onto,bag@ex.com,+1-210-6917,Hour,2026-06-11
624307718,question,morning@ex.com,+1-679-1446,Person,2026-02-04
312581889,capital,else@ex.com,+1-197-6140,Threat,2026-03-02
546605405,poor,light@ex.com,+1-939-2131,Bad,2026-08-24
421911176,produce,morning@ex.com,+1-815-8705,Simply,2026-07-02
349166798,help,onto@ex.com,+1-801-7888,Modern,2026-05-22
348775269,head,improve@ex.com,+1-559-7524,Various,2026-03-23
377237156,talk,nearly@ex.com,+1-805-1590,Sort,2026-09-19
648969944,ahead,local@ex.com,+1-524-4649,Question,2026-02-10
284369660,magazine,reason@ex.com,+1-752-3956,Next,2026-04-22
742651081,professor,south@ex.com,+1-805-8414,Not,2026-06-02
418895273,reason,certainly@ex.com,+1-235-1685,Order,2026-06-07
338885874,say,type@ex.com,+1-329-3073,Company,2026-09-18
55002719,list,box@ex.com,+1-555-8682,Owner,2026-01-06
751581481,not,car@ex.com,+1-682-8682,Prove,2026-05-15
471334642,help,dog@ex.com,+1-705-5167,Company,2026-06-17
828558432,lawyer,part@ex.com,+1-375-9459,With,2026-05-28
15346526,see,person@ex.com,+1-685-8412,Approach,2026-05-05
219962105,bring,next@ex.com,+1-112-6238,Time,2026-07-10
410981628,wonder,control@ex.com,+1-428-9686,Quite,2026-08-06
420677130,character,end@ex.com,+1-781-9657,Arrive,2026-09-06
646845432,federal,among@ex.com,+1-551-3737,Kid,2026-02-13
596781622,attack,fact@ex.com,+1-542-1267,Safe,2026-03-12
175199375,writer,push@ex.com,+1-133-9999,Whose,2026-08-17
625291190,claim,later@ex.com,+1-830-9015,Stage,2026-03-16
162873753,policy,then@ex.com,+1-464-9845,Bag,2026-10-25
449154139,yeah,really@ex.com,+1-584-8191,Energy,2026-12-26
915451502,include,eye@ex.com,+1-937-3725,Reach,2026-04-17
519682553,your,conference@ex.com,+1-658-1099,Mouth,2026-01-12
291093574,always,people@ex.com,+1-184-2471,North,2026-07-20
756643373,rich,join@ex.com,+1-310-4938,For,2026-01-27
521271884,data,reveal@ex.com,+1-272-5215,Human,2026-12-18
679378288,I,some@ex.com,+1-391-7623,Like,2026-06-16
570768035,they,both@ex.com,+1-314-1281,Remember,2026-01-06
118512345,those,unit@ex.com,+1-753-2515,Shoulder,2026-03-07
528013914,spring,follow@ex.com,+1-993-4588,Media,2026-03-10
898254643,design,trip@ex.com,+1-464-8674,Decide,2026-12-11
58118818,control,left@ex.com,+1-869-5295,Board,2026-02-15
409602652,once,find@ex.com,+1-231-7710,Visit,2026-09-11
175661335,rise,computer@ex.com,+1-950-2179,Hit,2026-03-02
251284124,improve,teacher@ex.com,+1-416-8479,Program,2026-06-02
104091548,few,any@ex.com,+1-958-1515,Door,2026-09-11
980357232,beat,man@ex.com,+1-216-6319,Worker,2026-09-26
405239780,book,there@ex.com,+1-135-6545,Ball,2026-06-02
487358362,gas,other@ex.com,+1-883-9463,Piece,2026-05-07
866643219,leader,support@ex.com,+1-901-2242,Less,2026-06-27
58755174,hand,exactly@ex.com,+1-730-4939,Generation,2026-12-14
957681141,message,range@ex.com,+1-373-3661,Hard,2026-01-05
83971811,event,sell@ex.com,+1-392-5555,Oil,2026-06-09
420281235,now,forward@ex.com,+1-480-9215,Born,2026-06-10
429528328,know,do@ex.com,+1-780-4968,Charge,2026-02-11
186825605,focus,center@ex.com,+1-975-9477,Painting,2026-08-25
663334616,good,benefit@ex.com,+1-499-4331,Big,2026-01-16
600806316,day,focus@ex.com,+1-734-2982,Do,2026-06-09
746272548,picture,direction@ex.com,+1-648-7268,Game,2026-09-19
245188608,show,computer@ex.com,+1-981-6635,Feeling,2026-12-26
381285421,a,fill@ex.com,+1-149-8032,Pull,2026-08-16
464799070,individual,later@ex.com,+1-260-9262,Resource,2026-04-20
608134491,piece,heavy@ex.com,+1-512-8858,Office,2026-01-16
402691322,view,step@ex.com,+1-306-2573,Machine,2026-09-13
97673757,high,add@ex.com,+1-352-1084,Along,2026-06-24
856800359,worry,few@ex.com,+1-336-8118,Live,2026-06-03
749470022,break,beat@ex.com,+1-393-8679,Eye,2026-04-11
774476284,whole,show@ex.com,+1-644-4738,Kitchen,2026-12-24
378006506,lay,onto@ex.com,+1-761-5584,Dog,2026-01-26
300175817,feeling,piece@ex.com,+1-645-9212,Traditional,2026-06-09
22994856,by,business@ex.com,+1-308-1054,Story,2026-08-19
734301737,decide,her@ex.com,+1-560-5123,Bar,2026-02-14
598994994,fight,simple@ex.com,+1-206-7444,Reduce,2026-06-02
269636072,matter,watch@ex.com,+1-190-4088,Not,2026-01-27
903632195,see,air@ex.com,+1-400-8215,Show,2026-04-22
695707087,down,success@ex.com,+1-356-8655,View,2026-06-13
434762962,evening,history@ex.com,+1-148-8418,Receive,2026-10-09
517106581,town,that@ex.com,+1-753-9406,Well,2026-06-28
505620174,lay,result@ex.com,+1-139-1674,Discussion,2026-09-24
562504613,from,ten@ex.com,+1-278-8759,Keep,2026-07-01
513055625,worry,visit@ex.com,+1-464-7325,Perhaps,2026-01-11
746441223,its,ready@ex.com,+1-118-5671,Itself,2026-06-07
760698167,whose,former@ex.com,+1-369-4887,Cover,2026-10-21
765568752,difference,fear@ex.com,+1-349-6986,Mother,2026-04-01
54021809,someone,choose@ex.com,+1-861-6672,Popular,2026-06-18
357416956,oil,bit@ex.com,+1-933-7364,Strategy,2026-08-13
31454051,security,sound@ex.com,+1-329-6146,Movement,2026-04-08
197653557,important,evidence@ex.com,+1-181-3554,Trade,2026-10-06
390798994,learn,dream@ex.com,+1-273-3565,Direction,2026-03-02
68993504,glass,for@ex.com,+1-398-7305,Specific,2026-03-24
963134662,us,body@ex.com,+1-453-1911,West,2026-01-23
40770205,case,keep@ex.com,+1-820-1547,Discover,2026-04-09
914694570,company,right@ex.com,+1-648-3928,Threat,2026-01-13
88798979,fight,type@ex.com,+1-510-2284,Thing,2026-06-04
504944349,instead,science@ex.com,+1-307-3896,Operation,2026-09-18
607275064,set,man@ex.com,+1-461-5356,Church,2026-08-19
461316353,themselves,meeting@ex.com,+1-325-5763,Official,2026-06-22
22988833,increase,report@ex.com,+1-628-9313,Audience,2026-11-15
586551498,majority,Republican@ex.com,+1-879-7228,Fine,2026-05-09
465082314,conference,find@ex.com,+1-137-2212,Hundred,2026-07-04
537220528,remember,feeling@ex.com,+1-492-7081,Right,2026-08-21
250175479,enter,paper@ex.com,+1-561-4845,Sit,2026-03-17
217563883,peace,later@ex.com,+1-622-2839,Then,2026-03-26
963618382,per,your@ex.com,+1-205-9740,Become,2026-11-04
405515766,thus,music@ex.com,+1-931-2659,Focus,2026-11-09
595239576,could,response@ex.com,+1-809-3880,Tree,2026-01-21
751937547,join,term@ex.com,+1-561-4395,Analysis,2026-04-19
342616148,even,election@ex.com,+1-169-2718,Move,2026-12-08
974811073,public,far@ex.com,+1-449-2720,Evening,2026-09-05
618801946,suddenly,prove@ex.com,+1-874-8909,Information,2026-10-06
888960618,future,control@ex.com,+1-835-3275,Charge,2026-05-13
117669433,thousand,meet@ex.com,+1-755-4921,Able,2026-08-02
72812077,become,pretty@ex.com,+1-749-6235,Call,2026-07-10
240104832,argue,choose@ex.com,+1-579-3875,Onto,2026-02-19
683930304,ever,speech@ex.com,+1-823-2079,Range,2026-09-05
640630058,fast,summer@ex.com,+1-850-9529,Lawyer,2026-06-25
590642327,yes,question@ex.com,+1-562-4674,Sit,2026-12-13
245403183,ground,worker@ex.com,+1-646-7791,Hope,2026-08-11
510420992,general,report@ex.com,+1-338-1944,Pm,2026-09-06
78380355,current,night@ex.com,+1-124-1824,Machine,2026-08-23
621944189,everyone,camera@ex.com,+1-294-6014,Stay,2026-06-05
467597113,prepare,guess@ex.com,+1-269-2295,Bed,2026-05-13
357997820,high,themselves@ex.com,+1-206-9709,Nation,2026-05-09
659496771,single,citizen@ex.com,+1-539-5305,Huge,2026-03-19
621808523,its,total@ex.com,+1-600-8716,Above,2026-02-01
568725932,rather,hotel@ex.com,+1-785-6341,Son,2026-09-23
569507518,idea,offer@ex.com,+1-212-4486,Operation,2026-03-19
446970877,time,officer@ex.com,+1-145-2018,Environment,2026-03-24
620677992,student,central@ex.com,+1-255-9637,Water,2026-11-02
528519886,whatever,woman@ex.com,+1-286-4061,Cultural,2026-01-28
232504017,agreement,store@ex.com,+1-436-7464,People,2026-09-17
791417235,feel,leader@ex.com,+1-190-3758,Sure,2026-02-03
97919242,anything,cost@ex.com,+1-955-1723,Up,2026-04-16
294439707,these,most@ex.com,+1-819-4509,Entire,2026-12-02
738266775,go,religious@ex.com,+1-455-2200,Within,2026-10-08
868616238,catch,particularly@ex.com,+1-481-8033,Ground,2026-10-25
56126791,forward,baby@ex.com,+1-626-8237,Medical,2026-10-27
692166712,nor,tonight@ex.com,+1-723-4061,Second,2026-02-01
981194264,skill,hard@ex.com,+1-153-7231,Project,2026-11-03
318704739,as,soon@ex.com,+1-923-6185,Husband,2026-11-12
24715166,lose,goal@ex.com,+1-802-6603,For,2026-09-22
774803611,off,reach@ex.com,+1-138-4277,Call,2026-02-27
302353092,audience,president@ex.com,+1-996-4531,Develop,2026-10-01
755201388,hair,he@ex.com,+1-922-7237,Miss,2026-04-23
644186227,source,nearly@ex.com,+1-842-4301,Board,2026-09-17
239833372,husband,weight@ex.com,+1-248-8541,Daughter,2026-01-23
676177095,nation,whole@ex.com,+1-916-1468,Discuss,2026-07-11
241317283,life,budget@ex.com,+1-868-4917,Really,2026-04-02
410441751,partner,fly@ex.com,+1-635-8826,Type,2026-05-01
682395572,ready,item@ex.com,+1-140-8869,Set,2026-10-24
271292967,interesting,able@ex.com,+1-110-1406,Administration,2026-10-17
721655927,entire,whole@ex.com,+1-862-9799,Establish,2026-04-02
112646619,town,policy@ex.com,+1-895-2671,Consumer,2026-09-01
213499026,few,force@ex.com,+1-625-5686,Guess,2026-12-21
663794004,small,little@ex.com,+1-879-2270,Artist,2026-08-22
805275925,process,here@ex.com,+1-225-9582,First,2026-11-10
260270436,even,meet@ex.com,+1-478-4157,Tough,2026-10-05
476374827,piece,onto@ex.com,+1-794-2234,Guy,2026-06-06
132783630,investment,traditional@ex.com,+1-847-8915,Site,2026-06-06
577249328,modern,year@ex.com,+1-511-1690,That,2026-06-09
312413418,dark,perform@ex.com,+1-566-6914,Collection,2026-03-03
592986214,minute,key@ex.com,+1-523-3044,Congress,2026-08-17
236892482,court,only@ex.com,+1-294-9340,See,2026-07-20
29325746,special,from@ex.com,+1-645-6243,Attention,2026-03-27
916502473,game,effect@ex.com,+1-958-8453,Quickly,2026-02-12
295765207,site,range@ex.com,+1-339-9831,Kid,2026-02-21
458400417,carry,bed@ex.com,+1-943-4145,Pay,2026-07-03
302142556,goal,very@ex.com,+1-634-5438,Floor,2026-04-20
699608315,most,goal@ex.com,+1-574-8181,Authority,2026-12-20
482930065,report,picture@ex.com,+1-683-4234,Move,2026-09-09
836967413,try,street@ex.com,+1-649-3745,Full,2026-07-18
759236868,though,leader@ex.com,+1-845-4207,Democrat,2026-07-23
325565640,ability,PM@ex.com,+1-519-3263,Within,2026-01-10
421262191,your,time@ex.com,+1-866-1950,Rest,2026-10-12
117718059,same,exist@ex.com,+1-996-6314,Candidate,2026-12-17
863908871,ready,those@ex.com,+1-927-2259,Agree,2026-04-23
476898421,name,home@ex.com,+1-576-5206,Site,2026-08-02
507460679,animal,usually@ex.com,+1-945-9994,Than,2026-09-27
369749627,positive,thought@ex.com,+1-478-9266,Time,2026-10-23
720559018,how,strong@ex.com,+1-190-5232,Hundred,2026-06-06
344749671,pressure,they@ex.com,+1-110-5216,Art,2026-12-11
110996483,available,important@ex.com,+1-885-6624,Left,2026-03-06
318086432,lawyer,police@ex.com,+1-764-5671,Author,2026-05-27
382288131,stay,ever@ex.com,+1-826-3724,Suffer,2026-10-11
340672780,type,eye@ex.com,+1-929-9476,Friend,2026-12-06
504060514,computer,maintain@ex.com,+1-691-8347,Throw,2026-07-15
94674685,drive,machine@ex.com,+1-779-7345,Moment,2026-04-10
741724476,memory,meeting@ex.com,+1-533-5122,Simple,2026-07-06
591248682,color,wind@ex.com,+1-614-5896,Position,2026-12-20
708796210,drop,station@ex.com,+1-161-5522,Whole,2026-03-01
222828487,board,always@ex.com,+1-819-9431,Star,2026-03-02
849267566,instead,wind@ex.com,+1-886-8118,Student,2026-09-03
916594152,thought,start@ex.com,+1-442-1742,Debate,2026-11-11
579779831,half,effort@ex.com,+1-681-2992,Around,2026-09-21
549154520,central,next@ex.com,+1-842-7654,Civil,2026-07-20
283771730,total,need@ex.com,+1-215-3204,Husband,2026-01-01
964215933,movie,argue@ex.com,+1-958-8343,Employee,2026-06-21
891702547,production,left@ex.com,+1-367-8335,Wife,2026-09-18
338969113,pattern,raise@ex.com,+1-111-2764,Federal,2026-03-08
580231599,agreement,task@ex.com,+1-197-5981,Police,2026-05-05
281975062,different,type@ex.com,+1-447-7304,Among,2026-01-16
296290316,necessary,yeah@ex.com,+1-566-8163,Issue,2026-06-27
812841384,involve,third@ex.com,+1-223-2446,Team,2026-05-06
969742708,hear,find@ex.com,+1-671-3715,Federal,2026-01-28
560493652,college,help@ex.com,+1-112-9442,Human,2026-02-22
524408430,add,get@ex.com,+1-735-6383,Ready,2026-01-20
617049743,bag,will@ex.com,+1-471-6139,Tend,2026-10-26
546995453,day,free@ex.com,+1-616-8348,Tend,2026-03-02
970583979,wish,police@ex.com,+1-323-6003,Face,2026-06-21
347715172,public,pressure@ex.com,+1-838-4340,Stop,2026-11-06
232754304,pull,standard@ex.com,+1-244-2665,Bill,2026-04-24
141754152,paper,might@ex.com,+1-810-1078,Heavy,2026-07-08
613092058,half,parent@ex.com,+1-780-8834,Free,2026-11-02
912513650,forget,tend@ex.com,+1-932-5555,Sea,2026-08-12
454200491,mind,good@ex.com,+1-213-4594,News,2026-01-27
493560491,much,surface@ex.com,+1-868-2984,Exactly,2026-04-11
589799159,kid,fear@ex.com,+1-775-7353,Cover,2026-10-08
389699638,measure,teacher@ex.com,+1-695-7479,Own,2026-07-22
824396234,man,class@ex.com,+1-772-3115,Career,2026-02-06
191003553,guy,star@ex.com,+1-716-5075,Site,2026-08-26
967377693,hair,help@ex.com,+1-847-9656,Toward,2026-11-05
944362339,middle,keep@ex.com,+1-576-5418,Do,2026-06-25
862678051,sign,through@ex.com,+1-647-8934,Off,2026-04-11
288295144,note,cut@ex.com,+1-496-5710,Glass,2026-11-09
513867698,along,nothing@ex.com,+1-551-3093,Build,2026-09-09
388900067,paper,PM@ex.com,+1-926-5428,Operation,2026-04-17
522358948,management,impact@ex.com,+1-458-9343,Majority,2026-03-27
894006873,catch,behind@ex.com,+1-678-1894,Enough,2026-07-11
545807162,east,network@ex.com,+1-100-9600,Material,2026-04-06
847079074,scientist,speech@ex.com,+1-103-1852,Be,2026-11-11
822144787,better,pressure@ex.com,+1-512-7983,Eye,2026-01-05
15072003,off,will@ex.com,+1-884-9611,Fast,2026-11-16
374526182,drive,cut@ex.com,+1-303-9055,Up,2026-02-09
839537659,politics,meet@ex.com,+1-438-5428,Hear,2026-05-22
343496273,threat,agree@ex.com,+1-151-3561,Time,2026-01-14
35116324,next,heavy@ex.com,+1-255-9177,Official,2026-08-15
311711188,color,campaign@ex.com,+1-840-2456,Price,2026-12-22
407805599,other,police@ex.com,+1-275-6570,Current,2026-10-16
837414116,page,tonight@ex.com,+1-694-5829,Forward,2026-06-24
176647178,natural,and@ex.com,+1-454-9808,Score,2026-10-15
368251450,avoid,every@ex.com,+1-596-1138,Help,2026-05-16
805856838,alone,less@ex.com,+1-393-1958,Drug,2026-12-19
140901646,town,federal@ex.com,+1-804-1873,That,2026-10-21
505892406,material,particular@ex.com,+1-278-1540,Look,2026-01-23
344666961,building,later@ex.com,+1-298-1823,He,2026-08-28
319626022,record,watch@ex.com,+1-223-1491,Know,2026-02-17
902388406,fly,some@ex.com,+1-166-1022,Member,2026-12-26
830275692,include,summer@ex.com,+1-142-4183,Case,2026-05-09
400991298,many,who@ex.com,+1-104-8822,Mission,2026-01-23
71338835,ability,skill@ex.com,+1-471-8954,Late,2026-02-26
835764772,be,type@ex.com,+1-690-2326,Control,2026-09-21
794891715,upon,ahead@ex.com,+1-903-1068,Person,2026-12-10
749006109,ago,control@ex.com,+1-403-5052,Apply,2026-11-12
436311322,real,eye@ex.com,+1-476-9747,Direction,2026-12-15
356225519,benefit,day@ex.com,+1-875-2813,Suddenly,2026-01-12
783266294,recently,win@ex.com,+1-585-6491,Wonder,2026-02-24
901798762,themselves,apply@ex.com,+1-300-3224,Common,2026-04-01
694392718,message,story@ex.com,+1-916-3925,Pm,2026-11-24
27902188,discussion,now@ex.com,+1-422-4133,Job,2026-10-06
473105566,bad,letter@ex.com,+1-936-4838,Popular,2026-08-18
389938164,she,often@ex.com,+1-972-8278,Wide,2026-02-04
495586555,body,until@ex.com,+1-253-6255,Six,2026-04-06
783590725,already,meeting@ex.com,+1-925-3967,Tough,2026-05-18
224281525,law,thought@ex.com,+1-530-5280,Look,2026-03-22
586476715,individual,today@ex.com,+1-200-1905,Under,2026-10-13
920947739,professional,right@ex.com,+1-532-9840,Time,2026-07-17
569889821,cause,recognize@ex.com,+1-217-5979,Federal,2026-01-13
902772442,price,American@ex.com,+1-681-6458,Hold,2026-05-08
634129969,environmental,store@ex.com,+1-311-6456,Write,2026-08-01
272506194,right,floor@ex.com,+1-262-4372,Team,2026-01-18
751311910,arm,debate@ex.com,+1-429-9681,Social,2026-01-20
980152943,little,focus@ex.com,+1-453-9514,None,2026-02-24
410531310,paper,usually@ex.com,+1-963-1397,Head,2026-09-02
790045835,official,middle@ex.com,+1-284-5676,Push,2026-06-14
248207422,anything,ask@ex.com,+1-743-9795,Son,2026-06-02
366986840,so,least@ex.com,+1-173-6852,Near,2026-04-05
42496174,nothing,shoulder@ex.com,+1-677-2680,Himself,2026-09-17
293386570,practice,early@ex.com,+1-529-3882,Claim,2026-08-08
331813841,computer,data@ex.com,+1-231-1148,Allow,2026-05-08
229714742,administration,tax@ex.com,+1-363-6391,Team,2026-03-02
186832701,yes,which@ex.com,+1-640-3886,History,2026-04-05
754628879,attack,happen@ex.com,+1-162-8205,Debate,2026-06-12
593819891,center,book@ex.com,+1-645-6269,Concern,2026-08-18
867208343,simply,result@ex.com,+1-342-5876,Car,2026-12-15
488633338,should,good@ex.com,+1-542-9325,Challenge,2026-11-26
108205113,poor,letter@ex.com,+1-685-5211,Exactly,2026-07-18
419320123,lawyer,much@ex.com,+1-985-5504,Color,2026-04-13
494276594,perhaps,protect@ex.com,+1-580-3482,Hope,2026-02-20
309409621,nearly,foot@ex.com,+1-653-8301,Treatment,2026-11-11
2097121,concern,food@ex.com,+1-870-2662,Spend,2026-09-23
217158067,central,send@ex.com,+1-733-5951,Professional,2026-12-13
706649923,food,step@ex.com,+1-100-1140,Staff,2026-04-28
48917613,skill,tonight@ex.com,+1-923-2417,Book,2026-04-26
904598119,ahead,per@ex.com,+1-507-1791,Free,2026-01-26
282017869,director,clear@ex.com,+1-119-9544,Defense,2026-11-08
215143915,just,black@ex.com,+1-269-2407,Gun,2026-09-09
47046697,newspaper,choice@ex.com,+1-194-5897,Southern,2026-04-21
48053286,structure,upon@ex.com,+1-115-8242,Strong,2026-04-05
924064982,eat,thought@ex.com,+1-246-2801,Difficult,2026-10-24
119569624,second,thought@ex.com,+1-732-3367,Food,2026-11-11
846635894,worry,ask@ex.com,+1-678-9236,Shoulder,2026-12-23
579320601,believe,wait@ex.com,+1-179-8918,Really,2026-02-27
242484946,no,far@ex.com,+1-550-2257,We,2026-02-27
531823596,clear,bar@ex.com,+1-189-1778,Well,2026-03-21
538594366,message,source@ex.com,+1-488-3692,Actually,2026-02-23
960437645,type,sound@ex.com,+1-626-5813,Million,2026-06-07
908440155,where,college@ex.com,+1-812-1750,Those,2026-04-23
409430081,energy,idea@ex.com,+1-939-2215,Participant,2026-02-08
545154135,simple,enter@ex.com,+1-241-2948,Language,2026-09-08
152990674,American,guess@ex.com,+1-983-4590,South,2026-11-24
610584251,garden,west@ex.com,+1-897-8890,Red,2026-06-28
261990522,thought,hot@ex.com,+1-845-5310,Indicate,2026-06-01
39227336,size,direction@ex.com,+1-895-4199,Yes,2026-10-13
403456816,decade,age@ex.com,+1-104-1146,Future,2026-12-27
516665147,system,child@ex.com,+1-694-6747,Management,2026-12-27
216326234,huge,arm@ex.com,+1-158-7548,Purpose,2026-02-26
239584060,last,Mrs@ex.com,+1-697-6631,Lot,2026-06-09
800025285,media,family@ex.com,+1-904-4409,Expect,2026-01-20
292255032,move,event@ex.com,+1-399-7921,Technology,2026-10-26
893062087,box,take@ex.com,+1-879-6959,Whose,2026-07-17
714217819,doctor,pull@ex.com,+1-681-7456,Cost,2026-10-08
544773172,behind,hold@ex.com,+1-700-5437,What,2026-10-08
103571497,position,kitchen@ex.com,+1-378-4893,Too,2026-11-19
924713248,this,onto@ex.com,+1-596-5093,Miss,2026-12-28
888632160,amount,note@ex.com,+1-488-3910,Catch,2026-08-03
943945823,national,policy@ex.com,+1-161-5961,Walk,2026-06-03
40291693,show,produce@ex.com,+1-411-7630,Argue,2026-03-07
791048172,perform,even@ex.com,+1-885-2992,Group,2026-12-11
908700389,either,when@ex.com,+1-120-9351,Artist,2026-10-20
776072187,prevent,foot@ex.com,+1-773-3955,Budget,2026-09-27
782550931,husband,item@ex.com,+1-671-3566,Your,2026-09-27
215562187,station,citizen@ex.com,+1-734-1103,Military,2026-12-18
872567896,lawyer,bad@ex.com,+1-946-1587,Rise,2026-08-02
295285333,left,trial@ex.com,+1-420-2727,Strong,2026-08-27
692868252,bag,trial@ex.com,+1-682-6402,Exactly,2026-12-05
417418675,responsibility,white@ex.com,+1-178-3541,Interview,2026-02-05
423499725,nature,power@ex.com,+1-565-8510,Political,2026-01-19
55234091,former,tonight@ex.com,+1-512-9557,They,2026-02-28
78676137,Mrs,draw@ex.com,+1-281-1564,Visit,2026-06-28
412615602,no,thing@ex.com,+1-662-8105,Quite,2026-01-03
955804644,reason,to@ex.com,+1-484-2930,Enjoy,2026-05-03
535130899,discuss,event@ex.com,+1-405-4028,Ever,2026-04-22
43456109,huge,tough@ex.com,+1-981-3381,Instead,2026-10-02
22992799,safe,forward@ex.com,+1-987-7183,Fly,2026-10-22
281605890,fly,reason@ex.com,+1-625-5839,Training,2026-09-16
87066442,wind,person@ex.com,+1-787-7772,Blue,2026-07-22
294238576,reflect,style@ex.com,+1-298-5296,History,2026-02-27
518700630,allow,week@ex.com,+1-206-2127,Indicate,2026-04-06
780060709,area,not@ex.com,+1-746-1233,Quite,2026-03-10
283346638,produce,wonder@ex.com,+1-258-4065,Certain,2026-08-27
41164045,test,blue@ex.com,+1-314-9799,To,2026-03-04
19999306,enjoy,second@ex.com,+1-923-7410,Picture,2026-03-27
107358289,seat,garden@ex.com,+1-572-2471,Power,2026-03-07
44486499,leave,drop@ex.com,+1-540-9669,Among,2026-05-15
707651194,use,show@ex.com,+1-760-1376,Team,2026-10-15
488243694,both,present@ex.com,+1-429-6844,Seven,2026-07-26
11840952,local,question@ex.com,+1-428-5358,Nice,2026-07-05
255435362,song,study@ex.com,+1-284-2847,Everyone,2026-01-14
680699677,box,inside@ex.com,+1-941-6664,Onto,2026-01-02
314428071,view,off@ex.com,+1-209-1302,Other,2026-12-06
962576194,sit,that@ex.com,+1-573-6546,Large,2026-10-12
187056681,glass,party@ex.com,+1-457-1587,Picture,2026-01-25
598643130,someone,modern@ex.com,+1-174-6961,Spring,2026-05-10
794646890,medical,even@ex.com,+1-270-3216,Court,2026-03-20
242759285,left,instead@ex.com,+1-715-7948,Establish,2026-10-23
636355956,power,draw@ex.com,+1-543-2729,Evidence,2026-11-09
863607633,term,along@ex.com,+1-434-4071,This,2026-12-22
67798696,same,name@ex.com,+1-915-3901,And,2026-11-17
675428335,officer,natural@ex.com,+1-943-4939,Loss,2026-02-11
401420272,write,end@ex.com,+1-922-7702,Report,2026-07-18
413573226,tonight,record@ex.com,+1-146-7356,Mission,2026-07-14
914566576,although,perhaps@ex.com,+1-870-1807,Station,2026-02-07
27538189,up,cut@ex.com,+1-397-5682,Theory,2026-12-04
634097860,sit,common@ex.com,+1-555-1226,Hot,2026-09-09
652911829,head,site@ex.com,+1-593-4219,Society,2026-04-18
508676179,avoid,blood@ex.com,+1-404-3725,Prove,2026-01-13
170193011,day,worker@ex.com,+1-451-3046,Improve,2026-05-02
249311588,prevent,statement@ex.com,+1-172-6571,Air,2026-12-11
547348676,another,beautiful@ex.com,+1-583-4424,A,2026-03-25
661455136,anything,prevent@ex.com,+1-851-4741,Message,2026-08-18
133142612,gas,game@ex.com,+1-542-4822,Every,2026-08-13
143296563,cell,now@ex.com,+1-809-4306,Own,2026-03-28
298526567,truth,become@ex.com,+1-948-2895,Nature,2026-11-10
410218708,war,brother@ex.com,+1-914-8664,Force,2026-12-06
213324007,expect,teacher@ex.com,+1-445-3574,Next,2026-04-22
227568919,pressure,tend@ex.com,+1-812-8524,Possible,2026-06-22
969393499,time,fly@ex.com,+1-647-4251,Memory,2026-12-07
185627594,offer,note@ex.com,+1-981-7383,Way,2026-10-16
838731490,long,family@ex.com,+1-628-9168,Hair,2026-07-09
358517506,once,beat@ex.com,+1-736-7381,Standard,2026-09-04
435496385,manager,institution@ex.com,+1-908-4437,Three,2026-11-04
807919971,especially,day@ex.com,+1-563-1867,Middle,2026-07-17
718847753,central,morning@ex.com,+1-786-4776,Lose,2026-11-10
61114705,better,threat@ex.com,+1-406-3958,Brother,2026-05-20
752040396,memory,key@ex.com,+1-954-2289,Data,2026-10-27
983569127,evening,near@ex.com,+1-600-7391,Game,2026-09-26
560993094,check,difficult@ex.com,+1-732-7821,Everybody,2026-05-10
587056107,book,trip@ex.com,+1-170-1188,Start,2026-05-10
814122632,among,traditional@ex.com,+1-861-7982,It,2026-05-05
766632013,seem,station@ex.com,+1-267-5299,Receive,2026-06-10
103160247,price,oil@ex.com,+1-768-4519,End,2026-07-26
831663137,somebody,yard@ex.com,+1-925-8429,Meeting,2026-05-08
431436968,single,design@ex.com,+1-435-4500,Than,2026-06-19
309377462,show,level@ex.com,+1-447-6011,Everything,2026-11-23
268012392,option,fish@ex.com,+1-829-7158,Stay,2026-09-13
404969550,data,position@ex.com,+1-618-6985,Attorney,2026-02-19
806074360,bill,type@ex.com,+1-925-9300,Tv,2026-09-05
560224856,property,first@ex.com,+1-599-1682,Fish,2026-12-12
684785720,system,operation@ex.com,+1-349-2363,Number,2026-09-24
752105959,standard,open@ex.com,+1-981-4980,Beat,2026-05-12
488068064,window,claim@ex.com,+1-237-4741,Professor,2026-06-03
250572834,still,although@ex.com,+1-678-1948,Even,2026-01-06
305891381,recognize,suggest@ex.com,+1-341-8563,Of,2026-05-06
307403918,summer,star@ex.com,+1-145-2722,Ahead,2026-10-22
124949450,painting,movement@ex.com,+1-667-5594,Environmental,2026-05-19
445087024,loss,task@ex.com,+1-364-8522,Customer,2026-09-15
616597161,role,right@ex.com,+1-895-6554,Whole,2026-02-03
866265764,true,enjoy@ex.com,+1-274-8203,Could,2026-06-17
219814541,range,try@ex.com,+1-146-3925,Fear,2026-01-17
776275333,drop,while@ex.com,+1-617-8210,Without,2026-02-14
730179714,must,worry@ex.com,+1-850-1395,Provide,2026-09-01
687858664,song,role@ex.com,+1-781-9379,Order,2026-01-18
196458392,range,role@ex.com,+1-982-2257,Go,2026-07-04
233218009,particular,reason@ex.com,+1-234-3121,Cut,2026-06-16
539128181,but,stand@ex.com,+1-472-5819,Long,2026-01-08
617811462,heavy,case@ex.com,+1-472-3231,New,2026-03-24
942970715,across,pressure@ex.com,+1-729-5587,Change,2026-07-21
968024236,sound,control@ex.com,+1-368-8134,Issue,2026-03-05
863667187,happy,wind@ex.com,+1-614-4255,Religious,2026-03-03
782542322,often,piece@ex.com,+1-407-9196,Issue,2026-12-10
827436956,guess,a@ex.com,+1-792-5330,Occur,2026-01-13
700739010,improve,military@ex.com,+1-332-5354,Himself,2026-07-26
727692196,area,particularly@ex.com,+1-924-3453,Space,2026-02-11
639023773,through,game@ex.com,+1-491-2227,Clearly,2026-08-10
902181922,attention,at@ex.com,+1-209-1373,Create,2026-04-28
120653179,bar,term@ex.com,+1-964-1711,Administration,2026-05-17
720075412,body,television@ex.com,+1-702-5149,Really,2026-09-13
568012875,teach,speak@ex.com,+1-881-5361,Among,2026-03-01
806908381,under,speak@ex.com,+1-456-3315,Source,2026-08-07
970165924,direction,purpose@ex.com,+1-107-7154,Over,2026-03-03
256462665,control,way@ex.com,+1-491-9778,Floor,2026-06-02
142066194,natural,suffer@ex.com,+1-398-1981,Wonder,2026-08-04
240239937,apply,house@ex.com,+1-819-5964,Force,2026-07-10
833334532,discuss,bill@ex.com,+1-282-9443,Her,2026-04-16
774341075,under,remember@ex.com,+1-248-7774,Bar,2026-07-16
867907331,certainly,view@ex.com,+1-567-8754,Floor,2026-02-09
156998891,serious,sing@ex.com,+1-612-8416,Yes,2026-11-04
579053207,art,treatment@ex.com,+1-658-8913,Evidence,2026-03-13
186657638,bad,professor@ex.com,+1-383-5048,Heavy,2026-01-08
692819025,move,despite@ex.com,+1-121-1092,Develop,2026-02-08
60723644,military,join@ex.com,+1-399-6617,Measure,2026-12-19
611007153,career,development@ex.com,+1-337-6658,Sign,2026-02-16
816325670,similar,Congress@ex.com,+1-235-7693,Possible,2026-05-26
591180200,animal,century@ex.com,+1-119-5227,Finish,2026-09-03
277242236,add,fine@ex.com,+1-688-5793,Outside,2026-04-13
698689814,often,action@ex.com,+1-461-3426,Not,2026-03-16
409612211,involve,scene@ex.com,+1-362-5251,Decision,2026-09-02
263246773,theory,former@ex.com,+1-170-9908,Keep,2026-07-08
578593198,put,president@ex.com,+1-832-3061,Memory,2026-11-09
791922765,thousand,score@ex.com,+1-624-7456,Reduce,2026-07-11
763735399,special,skin@ex.com,+1-289-7561,Fear,2026-06-21
84679735,detail,bad@ex.com,+1-635-9496,To,2026-04-11
202612321,everything,attention@ex.com,+1-379-2245,Role,2026-05-27
586404126,another,company@ex.com,+1-321-5743,Live,2026-04-25
49696600,control,surface@ex.com,+1-936-7648,Difficult,2026-03-19
124637570,player,worker@ex.com,+1-886-1378,Next,2026-04-24
896712242,remain,consumer@ex.com,+1-587-7052,Why,2026-10-14
80109518,wife,who@ex.com,+1-405-1714,Itself,2026-01-27
991112397,sister,name@ex.com,+1-241-2010,Police,2026-03-23
326195120,best,Mrs@ex.com,+1-125-5693,Start,2026-04-12
700693039,land,goal@ex.com,+1-561-9052,Each,2026-10-27
194939623,future,oil@ex.com,+1-440-5312,Else,2026-01-09
378909495,much,well@ex.com,+1-212-8793,Range,2026-06-24
355673572,analysis,painting@ex.com,+1-671-9557,Believe,2026-11-14
145587723,physical,child@ex.com,+1-564-8053,Mean,2026-07-10
170470926,describe,early@ex.com,+1-833-6612,Operation,2026-05-23
889149454,these,start@ex.com,+1-566-2693,Yes,2026-08-05
991546520,catch,important@ex.com,+1-694-3818,Right,2026-11-05
404005112,author,town@ex.com,+1-357-5607,Stop,2026-02-11
139541339,street,feeling@ex.com,+1-536-3246,Trial,2026-02-12
894032323,responsibility,occur@ex.com,+1-387-8159,Seem,2026-04-19
16490718,room,especially@ex.com,+1-968-1151,Gun,2026-10-17
760621519,difference,more@ex.com,+1-355-5722,Whose,2026-06-01
605576971,instead,speech@ex.com,+1-922-5079,Shoulder,2026-07-17
121066252,help,by@ex.com,+1-321-8216,Some,2026-09-20
804174852,color,big@ex.com,+1-810-1322,Event,2026-11-12
784799598,it,way@ex.com,+1-614-8526,Capital,2026-12-15
419412736,son,drive@ex.com,+1-393-2857,Piece,2026-08-04
185808440,simple,environment@ex.com,+1-373-9246,Hour,2026-04-17
489861058,find,heart@ex.com,+1-516-5810,Alone,2026-02-02
975173500,however,discover@ex.com,+1-252-3403,His,2026-01-21
901412400,bad,season@ex.com,+1-500-9410,Next,2026-04-11
986104012,turn,language@ex.com,+1-985-9816,What,2026-04-20
780003707,war,write@ex.com,+1-800-6456,Meeting,2026-03-17
94993964,democratic,know@ex.com,+1-630-4129,Arm,2026-10-07
349889331,true,lead@ex.com,+1-909-9042,Follow,2026-05-03
718667858,author,toward@ex.com,+1-762-3837,West,2026-09-25
738191487,Congress,sure@ex.com,+1-203-2454,We,2026-08-12
475203709,recognize,write@ex.com,+1-782-4080,Life,2026-02-23
282992278,become,thought@ex.com,+1-541-2580,Often,2026-02-15
890225900,country,day@ex.com,+1-803-2065,Spring,2026-02-24
139577204,fund,woman@ex.com,+1-176-6297,Customer,2026-05-02
600441277,themselves,health@ex.com,+1-445-2998,Into,2026-07-02
922199061,decide,happen@ex.com,+1-573-2442,Ahead,2026-11-13
400770270,board,environment@ex.com,+1-821-7370,Continue,2026-03-22
65920547,think,least@ex.com,+1-849-7825,Although,2026-02-14
352294532,entire,herself@ex.com,+1-284-5266,Serious,2026-09-09
205798228,read,life@ex.com,+1-541-5980,Bar,2026-02-09
223560651,then,eat@ex.com,+1-319-7814,Past,2026-12-11
438569232,learn,begin@ex.com,+1-558-4352,Success,2026-09-07
538100559,yes,data@ex.com,+1-933-5628,Mouth,2026-11-09
492888902,put,themselves@ex.com,+1-491-3964,Source,2026-01-13
159940770,hot,argue@ex.com,+1-927-3418,News,2026-11-12
355695510,floor,box@ex.com,+1-557-3029,History,2026-02-02
252686797,catch,indicate@ex.com,+1-506-5080,Few,2026-08-23
189261577,raise,reveal@ex.com,+1-855-5546,Television,2026-05-12
762768832,and,summer@ex.com,+1-327-4534,Occur,2026-04-24
765486037,along,into@ex.com,+1-134-5172,Argue,2026-12-05
65483052,take,million@ex.com,+1-552-7560,Arrive,2026-12-16
237266634,hotel,unit@ex.com,+1-395-4546,Certainly,2026-10-15
523860508,PM,military@ex.com,+1-330-2987,Big,2026-01-28
540565794,admit,writer@ex.com,+1-558-8197,Yeah,2026-09-15
302007472,source,miss@ex.com,+1-853-6290,Stock,2026-08-25
345772099,past,manager@ex.com,+1-129-2802,Any,2026-01-18
192852607,people,positive@ex.com,+1-257-9267,Head,2026-03-13
242308533,focus,wide@ex.com,+1-201-1472,Laugh,2026-12-08
870353098,always,performance@ex.com,+1-805-9172,Nor,2026-01-08
476997100,short,computer@ex.com,+1-370-1396,Including,2026-07-25
261917239,arm,speak@ex.com,+1-546-4099,Church,2026-02-01
276598068,position,put@ex.com,+1-163-2009,Theory,2026-06-21
918739974,standard,once@ex.com,+1-700-7144,Build,2026-07-26
289613758,policy,decade@ex.com,+1-749-3382,Ever,2026-03-22
775055130,time,poor@ex.com,+1-861-8016,Key,2026-03-22
587132360,watch,tree@ex.com,+1-418-6989,Let,2026-05-21
563893807,lose,future@ex.com,+1-395-6610,Trial,2026-12-08
482748082,view,truth@ex.com,+1-174-4208,Good,2026-10-07
382005016,toward,set@ex.com,+1-894-3240,Foreign,2026-06-10
221198715,yard,future@ex.com,+1-339-1147,Benefit,2026-11-07
96651627,bring,event@ex.com,+1-810-3103,Day,2026-02-06
873120598,range,pressure@ex.com,+1-133-3103,Continue,2026-10-15
62501569,never,happy@ex.com,+1-970-3931,Wrong,2026-11-24
105762336,treatment,morning@ex.com,+1-151-9828,Member,2026-03-23
322171785,protect,foot@ex.com,+1-375-3418,Term,2026-06-23
115827506,capital,art@ex.com,+1-605-3515,Administration,2026-04-18
836441115,thousand,federal@ex.com,+1-358-8934,Lawyer,2026-12-24
807362129,moment,population@ex.com,+1-454-2827,Base,2026-08-27
545025261,whose,across@ex.com,+1-809-3808,Feeling,2026-05-14
903366482,able,security@ex.com,+1-380-5265,Although,2026-04-11
346445044,to,fear@ex.com,+1-767-2790,Energy,2026-01-23
648861342,against,key@ex.com,+1-814-9683,Use,2026-07-04
664993627,sound,start@ex.com,+1-373-8309,Inside,2026-02-04
910546761,left,thought@ex.com,+1-282-3277,Heavy,2026-04-06
780059111,space,station@ex.com,+1-374-1936,Security,2026-11-25
231785339,why,above@ex.com,+1-585-8758,Occur,2026-10-23
561348462,own,offer@ex.com,+1-605-4863,Another,2026-05-10
716098720,human,who@ex.com,+1-454-3893,Add,2026-02-28
673905506,political,world@ex.com,+1-689-4795,Only,2026-09-11
740959702,front,someone@ex.com,+1-244-9031,Shoulder,2026-03-17
167612236,ask,bad@ex.com,+1-754-6207,Involve,2026-03-01
271602979,that,drop@ex.com,+1-630-4505,Woman,2026-12-10
490766597,include,garden@ex.com,+1-876-8190,School,2026-11-15
381857650,federal,east@ex.com,+1-376-9470,Myself,2026-12-09
53129421,production,site@ex.com,+1-401-5342,Also,2026-06-07
1982389,quite,event@ex.com,+1-150-3769,Mr,2026-11-13
522648011,line,later@ex.com,+1-993-1367,Him,2026-06-14
630239656,money,four@ex.com,+1-800-9894,Lose,2026-07-14
413910696,strategy,north@ex.com,+1-480-1442,Pick,2026-03-01
816775206,week,you@ex.com,+1-725-5097,Go,2026-06-22
219743093,attack,see@ex.com,+1-798-3567,Special,2026-10-05
832298043,walk,piece@ex.com,+1-155-3554,Focus,2026-01-07
498338720,drive,church@ex.com,+1-712-2503,Trip,2026-06-20
884391668,administration,southern@ex.com,+1-930-4136,Behavior,2026-11-07
895344958,many,least@ex.com,+1-395-1845,Until,2026-05-18
93329622,note,kind@ex.com,+1-753-9338,Network,2026-02-08
390799940,game,yes@ex.com,+1-346-7418,Natural,2026-11-14
240140415,more,forget@ex.com,+1-209-8116,Focus,2026-02-02
18456580,performance,above@ex.com,+1-506-2883,Example,2026-07-15
332026568,step,source@ex.com,+1-773-3491,Land,2026-11-23
130105440,participant,interesting@ex.com,+1-197-9873,Beat,2026-04-28
985354376,describe,reason@ex.com,+1-614-5560,Adult,2026-05-23
272736084,onto,available@ex.com,+1-403-8915,Morning,2026-06-20
159492982,up,require@ex.com,+1-634-7092,Argue,2026-10-04
714500500,alone,group@ex.com,+1-933-4200,Professor,2026-02-13
365321586,receive,yeah@ex.com,+1-982-8157,Card,2026-11-15
886826959,late,expert@ex.com,+1-189-1180,Glass,2026-06-13
753498611,grow,loss@ex.com,+1-614-3637,Be,2026-04-12
967188929,black,meet@ex.com,+1-296-1081,Beat,2026-11-02
208319090,head,senior@ex.com,+1-308-9733,Field,2026-05-09
422539793,back,spend@ex.com,+1-723-6566,Pattern,2026-02-16
434550413,safe,building@ex.com,+1-529-8803,Possible,2026-04-13
554755341,prepare,goal@ex.com,+1-832-7462,Clear,2026-01-07
5038526,peace,door@ex.com,+1-371-2945,Language,2026-08-08
231232187,five,view@ex.com,+1-947-2490,Structure,2026-12-22
242081904,green,commercial@ex.com,+1-740-8680,Moment,2026-10-04
948481743,lead,necessary@ex.com,+1-201-2776,Decade,2026-10-13
348439245,Congress,morning@ex.com,+1-860-1296,Dark,2026-02-16
685477589,increase,year@ex.com,+1-667-5610,Note,2026-09-10
787037037,find,special@ex.com,+1-284-5330,However,2026-12-03
437223707,may,big@ex.com,+1-768-6041,Rate,2026-03-14
216678950,modern,next@ex.com,+1-151-1743,Draw,2026-08-14
908148578,determine,at@ex.com,+1-369-4273,Number,2026-04-22
392193384,hundred,upon@ex.com,+1-518-4060,Own,2026-04-11
994389047,bring,occur@ex.com,+1-814-2921,Human,2026-06-06
930635962,professor,teach@ex.com,+1-923-6783,Produce,2026-12-04
819300332,position,force@ex.com,+1-625-5859,Rise,2026-10-12
242554366,reflect,hotel@ex.com,+1-145-9249,Friend,2026-07-24
469266334,whatever,to@ex.com,+1-953-1306,They,2026-10-13
296723727,later,you@ex.com,+1-403-4830,Action,2026-06-22
619412094,force,owner@ex.com,+1-406-8700,Such,2026-08-26
320942334,brother,at@ex.com,+1-968-4999,Morning,2026-06-11
741290069,fight,will@ex.com,+1-796-3639,Wonder,2026-09-16
196449955,key,own@ex.com,+1-425-4784,Change,2026-09-08
522937197,great,kind@ex.com,+1-245-7194,Your,2026-06-02
556429917,girl,maintain@ex.com,+1-805-5296,Medical,2026-05-03
935654187,customer,even@ex.com,+1-973-9946,Future,2026-03-26
882445742,rest,early@ex.com,+1-468-9094,Lawyer,2026-12-05
537739331,smile,walk@ex.com,+1-942-8735,Someone,2026-12-23
184269555,among,board@ex.com,+1-208-1913,Among,2026-07-14
241098601,color,reduce@ex.com,+1-891-8786,Garden,2026-01-22
260391422,identify,decide@ex.com,+1-540-9647,Seat,2026-01-05
486634867,science,wind@ex.com,+1-919-9712,Tonight,2026-08-12
306756005,million,same@ex.com,+1-983-4179,Attack,2026-07-28
339063452,relate,available@ex.com,+1-845-7703,To,2026-09-14
926802757,total,guess@ex.com,+1-427-1890,Threat,2026-09-21
136393450,person,management@ex.com,+1-482-8919,Catch,2026-03-28
416710576,reflect,at@ex.com,+1-266-2497,Data,2026-10-04
202707836,set,man@ex.com,+1-122-4385,Late,2026-12-26
836062905,reduce,community@ex.com,+1-952-2779,Few,2026-03-12
70241986,able,foot@ex.com,+1-375-9337,Card,2026-03-05
117645134,nature,year@ex.com,+1-363-3615,Spring,2026-06-02
331108374,six,know@ex.com,+1-294-9318,With,2026-12-17
416091373,sign,rock@ex.com,+1-635-8893,Throw,2026-01-28
240533398,loss,board@ex.com,+1-197-5626,Media,2026-03-02
872538704,memory,top@ex.com,+1-946-2521,Child,2026-11-07
270501686,practice,left@ex.com,+1-579-7754,Mother,2026-08-19
396141813,choice,lead@ex.com,+1-666-3016,Both,2026-08-02
855220235,politics,late@ex.com,+1-541-5111,Coach,2026-01-09
571729212,someone,relate@ex.com,+1-286-2524,Political,2026-06-27
708436204,majority,morning@ex.com,+1-327-6602,Do,2026-02-03
964300873,drop,already@ex.com,+1-964-7759,Want,2026-04-20
576847254,heavy,meet@ex.com,+1-852-1427,Prevent,2026-01-20
261130180,on,research@ex.com,+1-739-5835,Good,2026-11-21
755924645,down,force@ex.com,+1-185-2958,Involve,2026-05-09
600440350,herself,evening@ex.com,+1-455-3594,Investment,2026-01-01
498471062,audience,interest@ex.com,+1-491-5269,Difficult,2026-03-09
87129027,at,treat@ex.com,+1-691-9070,Her,2026-11-25
109689511,or,concern@ex.com,+1-749-4422,Kind,2026-05-07
110440894,enjoy,defense@ex.com,+1-476-6592,Floor,2026-09-14
495236745,themselves,camera@ex.com,+1-213-6606,Special,2026-09-16
226579599,of,ever@ex.com,+1-385-6823,Trial,2026-08-12
764905472,direction,surface@ex.com,+1-656-3720,Trip,2026-09-27
151877671,tonight,thing@ex.com,+1-439-7475,Site,2026-06-17
599413015,wish,find@ex.com,+1-174-3138,Understand,2026-02-20
635017821,college,race@ex.com,+1-290-9710,Ahead,2026-05-26
463478122,hundred,hot@ex.com,+1-910-2589,Probably,2026-10-01
401054739,physical,audience@ex.com,+1-184-7324,Discover,2026-04-15
758397040,fall,resource@ex.com,+1-568-5116,Office,2026-08-16
527242316,group,forget@ex.com,+1-943-5110,Himself,2026-01-18
829047465,game,room@ex.com,+1-364-9728,Run,2026-12-26
262565396,guess,training@ex.com,+1-363-2205,Team,2026-08-14
693363731,especially,data@ex.com,+1-665-4129,Gun,2026-03-16
984098535,role,more@ex.com,+1-888-6158,Woman,2026-11-04
765791577,test,Mrs@ex.com,+1-909-2421,Performance,2026-02-09
323623706,citizen,be@ex.com,+1-295-2715,Race,2026-06-12
404901740,north,kind@ex.com,+1-686-1557,However,2026-04-02
903295897,establish,news@ex.com,+1-148-9631,Worry,2026-06-02
65033956,hair,term@ex.com,+1-836-9255,Individual,2026-12-28
271412916,work,education@ex.com,+1-532-1278,With,2026-01-18
623993767,she,debate@ex.com,+1-426-5251,Believe,2026-09-01
589935259,he,present@ex.com,+1-294-7195,Thank,2026-07-28
124394961,draw,free@ex.com,+1-822-4978,Success,2026-02-14
389307508,to,foot@ex.com,+1-881-7853,Physical,2026-06-04
5913996,good,look@ex.com,+1-310-2972,Perhaps,2026-06-09
14076105,could,rather@ex.com,+1-501-2805,Run,2026-06-23
130023330,just,note@ex.com,+1-768-8032,Why,2026-01-21
248703339,number,water@ex.com,+1-988-1305,Operation,2026-11-22
202088808,see,word@ex.com,+1-590-8859,Instead,2026-05-28
73164051,sure,far@ex.com,+1-372-7059,History,2026-06-21
358686040,radio,reduce@ex.com,+1-271-7005,Into,2026-05-19
864983400,local,surface@ex.com,+1-573-1828,Already,2026-12-17
531083492,future,husband@ex.com,+1-569-5442,Charge,2026-03